id,facility_name,facility_type,asha_vhn_tier,district,pincode,latitude,longitude,operator,operator_raw,opening_hours
0001,Government Hospital,Government District / Taluk Hospital,District / Secondary Referral Level,Nilgiris,643001,11.408563,76.700263,Govt of Tamil Nadu - Health Dept,Government of Tamil Nadu,24/7
0002,"Tamil Nadu Government Dental College & Hospital, Chennai",Government Health Facility / Clinic,Community Health Post,Chennai,600009,13.084889,80.282648,Govt of Tamil Nadu - Health Dept,Government of Tamil Nadu,08:00-16:00 (Standard PHC/HSC)
0003,Govt Maternity Hospital,Government Health Facility / Clinic,Community Health Post,Chennai,600008,13.0721,80.258987,Govt of Tamil Nadu - Health Dept,Government of Tamil Nadu,08:00-16:00 (Standard PHC/HSC)
0004,Govt Primary Health Centre,Primary Health Centre (PHC),Primary Level (PHC Medical Officer & VHN Supervisor),Chengalpattu,603102,12.527453,80.163138,Govt of Tamil Nadu - Health Dept,Government of Tamil Nadu,08:00-16:00 (Standard PHC/HSC)
0005,Government Hospital,Government District / Taluk Hospital,District / Secondary Referral Level,Krishnagiri,635109,12.728929,77.825313,Govt of Tamil Nadu - Health Dept,Government of Tamil Nadu,24/7
0006,Government Vetinary Hospital,Government Health Facility / Clinic,Community Health Post,Madurai,625001,9.931726,78.140106,Govt of Tamil Nadu - Health Dept,Government of Tamil Nadu,08:00-16:00 (Standard PHC/HSC)
0007,Government Hospital,Government District / Taluk Hospital,District / Secondary Referral Level,Pudukkottai,622506,10.251263,78.813549,Govt of Tamil Nadu - Health Dept,Government of Tamil Nadu,24/7
0008,Mettupalayam GH,Government Health Facility / Clinic,Community Health Post,Coimbatore,641301,11.304711,76.936439,Govt of Tamil Nadu - Health Dept,Government of Tamil Nadu,08:00-16:00 (Standard PHC/HSC)
0009,Right Hospitals,Government Health Facility / Clinic,Community Health Post,Chennai,600010,13.078795,80.240573,Govt of Tamil Nadu - Health Dept,Government of Tamil Nadu,08:00-16:00 (Standard PHC/HSC)
0010,Government Hospital,Government District / Taluk Hospital,District / Secondary Referral Level,Namakkal,638006,11.360851,77.747453,Govt of Tamil Nadu - Health Dept,Government of Tamil Nadu,24/7
0011,"Government Hospital, Kilakarai",Government District / Taluk Hospital,District / Secondary Referral Level,Ramanathapuram,623517,9.234662,78.786032,Govt of Tamil Nadu - Health Dept,Government of Tamil Nadu,24/7
0012,Government Hospital,Government District / Taluk Hospital,District / Secondary Referral Level,Dharmapuri,635111,12.3048,78.206088,Govt of Tamil Nadu - Health Dept,Government of Tamil Nadu,24/7
0013,Government Hospital,Government District / Taluk Hospital,District / Secondary Referral Level,Krishnagiri,635001,12.524644,78.219916,Govt of Tamil Nadu - Health Dept,Government of Tamil Nadu,24/7
0014,Govt hospital,Government Health Facility / Clinic,Community Health Post,Erode,638183,11.443259,77.694195,Govt of Tamil Nadu - Health Dept,Government of Tamil Nadu,08:00-16:00 (Standard PHC/HSC)
0015,Govt hospital (siddha only),Government Health Facility / Clinic,Community Health Post,Thoothukudi,627657,8.338608,77.867283,Govt of Tamil Nadu - Health Dept,Government of Tamil Nadu,08:00-16:00 (Standard PHC/HSC)
0016,Kottar Government Hospital,Government District / Taluk Hospital,District / Secondary Referral Level,Kanyakumari,629001,8.178274,77.436251,Govt of Tamil Nadu - Health Dept,Government of Tamil Nadu,24/7
0017,"Government Hospital, Villupuram",Government District / Taluk Hospital,District / Secondary Referral Level,Viluppuram,605602,11.941538,79.486147,Govt of Tamil Nadu - Health Dept,Government of Tamil Nadu,24/7
0018,"Government Hospital, Aruppukottai",Government District / Taluk Hospital,District / Secondary Referral Level,Virudhunagar,626101,9.502612,78.097104,Govt of Tamil Nadu - Health Dept,Government of Tamil Nadu,24/7
0019,Virudhunagar Government Hospital ICU Unit,Government District / Taluk Hospital,District / Secondary Referral Level,Virudhunagar,626001,9.589588,77.961852,Govt of Tamil Nadu - Health Dept,Government of Tamil Nadu,24/7
0020,Senthikumara Nadar Government Hospital,Government District / Taluk Hospital,District / Secondary Referral Level,Virudhunagar,626001,9.59031,77.961353,Govt of Tamil Nadu - Health Dept,Government of Tamil Nadu,24/7
0021,Government hospital,Government District / Taluk Hospital,District / Secondary Referral Level,Sivaganga,630561,9.840449,78.485568,Govt of Tamil Nadu - Health Dept,Government of Tamil Nadu,24/7
0022,Koothanallur Government Hospital,Government District / Taluk Hospital,District / Secondary Referral Level,Tiruvarur,614001,10.713916,79.515872,Govt of Tamil Nadu - Health Dept,Government of Tamil Nadu,24/7
0023,Government Veterinary Hospital,Government Health Facility / Clinic,Community Health Post,Tiruvarur,614102,10.711493,79.510831,Govt of Tamil Nadu - Health Dept,Government of Tamil Nadu,08:00-16:00 (Standard PHC/HSC)
0024,Government Hospital,Government District / Taluk Hospital,District / Secondary Referral Level,Viluppuram,604202,12.251851,79.419415,Govt of Tamil Nadu - Health Dept,Government of Tamil Nadu,24/7
0025,paranji Govt Hospital,Government Health Facility / Clinic,Community Health Post,Ranipet,632510,13.099543,79.532492,Govt of Tamil Nadu - Health Dept,Government of Tamil Nadu,08:00-16:00 (Standard PHC/HSC)
0026,Government Hospital,Government District / Taluk Hospital,District / Secondary Referral Level,Cuddalore,608502,11.490425,79.757137,Govt of Tamil Nadu - Health Dept,Government of Tamil Nadu,24/7
0027,Government Primary Health Center,Primary Health Centre (PHC),Primary Level (PHC Medical Officer & VHN Supervisor),Coimbatore,642004,10.652178,76.982098,Govt of Tamil Nadu - Health Dept,Tamil Nadu Medical Board,08:00-16:00 (Standard PHC/HSC)
0028,Primary Health Center,Primary Health Centre (PHC),Primary Level (PHC Medical Officer & VHN Supervisor),Coimbatore,642104,10.601104,76.928596,Govt of Tamil Nadu - Health Dept,Government of Tamil Nadu,08:00-16:00 (Standard PHC/HSC)
0029,Government Urban Primary Health Center,Urban Primary Health Centre (UPHC),Urban Primary Level (USHA Base),Coimbatore,641034,11.082708,76.942744,Govt of Tamil Nadu - Health Dept,Government,sunrise-sunset
0030,central Government railway Hospital,Government Health Facility / Clinic,Community Health Post,Tiruchirappalli,620004,10.78575,78.725148,Govt of Tamil Nadu - Health Dept,Government of Tamil Nadu,08:00-16:00 (Standard PHC/HSC)
0031,Liberty High Scans,Government District / Taluk Hospital,District / Secondary Referral Level,Chennai,600018,13.032779,80.252681,Govt of Tamil Nadu - Health Dept,Government of Tamil Nadu,24/7
0032,Government Child Health Center,Government Health Facility / Clinic,Community Health Post,Chennai,600059,12.924167,80.127445,Govt of Tamil Nadu - Health Dept,Government of Tamil Nadu,08:00-16:00 (Standard PHC/HSC)
0033,Arakkonam Government General Hospital,Government Health Facility / Clinic,Community Health Post,Vellore,631001,13.084971,79.664756,Govt of Tamil Nadu - Health Dept,Government of Tamil Nadu,08:00-16:00 (Standard PHC/HSC)
0034,Government Hospital,Government District / Taluk Hospital,District / Secondary Referral Level,Karur,639104,10.942806,78.414636,Govt of Tamil Nadu - Health Dept,Government of Tamil Nadu,24/7
0035,SAKTHIBALAJI CLINIC;SAKTHIBALAJI CLINIC&NURSING HOME,Primary Health Centre (PHC),Primary Level (PHC Medical Officer & VHN Supervisor),Vellore,632002,12.89276,79.125838,Unspecified,Unspecified,Mo-Sa 09:00-21:30; Su 09:00-12:00
0036,Primary Health Center,Primary Health Centre (PHC),Primary Level (PHC Medical Officer & VHN Supervisor),Chennai,600032,13.017694,80.205883,Govt of Tamil Nadu - Health Dept,Government of Tamil Nadu,08:00-16:00 (Standard PHC/HSC)
0037,Government Hospital Mortuary,Government District / Taluk Hospital,District / Secondary Referral Level,Tiruchirappalli,620017,10.812199,78.676919,Govt of Tamil Nadu - Health Dept,Government of Tamil Nadu,24/7
0038,Govt Vetnary  Hospital,Government Health Facility / Clinic,Community Health Post,Erode,638001,11.336752,77.728299,Govt of Tamil Nadu - Health Dept,Government of Tamil Nadu,08:00-16:00 (Standard PHC/HSC)
0039,Government Health Center,Government Health Facility / Clinic,Community Health Post,Chennai,600045,12.885562,80.151595,Govt of Tamil Nadu - Health Dept,Government of Tamil Nadu,08:00-16:00 (Standard PHC/HSC)
0040,Government Veterinary Hospital,Government Health Facility / Clinic,Community Health Post,Chennai,600045,12.885516,80.152282,Govt of Tamil Nadu - Health Dept,Government of Tamil Nadu,08:00-16:00 (Standard PHC/HSC)
0041,Government primary health center,Primary Health Centre (PHC),Primary Level (PHC Medical Officer & VHN Supervisor),Coimbatore,641104,11.238589,76.964089,Govt of Tamil Nadu - Health Dept,Government(DPH),08:00-16:00 (Standard PHC/HSC)
0042,Government hospital,Government District / Taluk Hospital,District / Secondary Referral Level,Kanchipuram,631605,12.793971,79.817572,Govt of Tamil Nadu - Health Dept,Government of Tamil Nadu,24/7
0043,Government urban primary health center,Urban Primary Health Centre (UPHC),Urban Primary Level (USHA Base),Kanchipuram,631501,12.833888,79.685199,Govt of Tamil Nadu - Health Dept,Government of Tamil Nadu,08:00-16:00 (Standard PHC/HSC)
0044,King Institute of Preventive Medicine and Research,Primary Health Centre (PHC),Primary Level (PHC Medical Officer & VHN Supervisor),Chennai,600032,13.014226,80.218185,Unspecified,Unspecified,08:00-16:00 (Standard PHC/HSC)
0045,Government Health Sub Center,Primary Health Centre (PHC),Primary Level (PHC Medical Officer & VHN Supervisor),Viluppuram,604406,12.352395,79.563566,Govt of Tamil Nadu - Health Dept,Government of Tamil Nadu,08:00-16:00 (Standard PHC/HSC)
0046,Kamaraj Government Hospital,Government District / Taluk Hospital,District / Secondary Referral Level,Cuddalore,608001,11.395118,79.699543,Govt of Tamil Nadu - Health Dept,Government of Tamil Nadu,24/7
0047,City Primary Healthcare Centre,Primary Health Centre (PHC),Primary Level (PHC Medical Officer & VHN Supervisor),Chennai,600018,13.035403,80.250416,Govt of Tamil Nadu - Health Dept,Government of Tamil Nadu,08:00-16:00 (Standard PHC/HSC)
0048,Government Sub Health Center,Government Health Facility / Clinic,Community Health Post,Coimbatore,641104,11.237638,76.922463,Govt of Tamil Nadu - Health Dept,dph,08:00-16:00 (Standard PHC/HSC)
0049,Government Hospital,Government District / Taluk Hospital,District / Secondary Referral Level,Namakkal,637208,11.090117,77.960998,Govt of Tamil Nadu - Health Dept,Tamilnadu government,24/7
0050,"Government Hospital, Velur",Government District / Taluk Hospital,District / Secondary Referral Level,Namakkal,638182,11.108716,78.008983,Govt of Tamil Nadu - Health Dept,Tamilnadu Government,24/7
0051,Mannadipet CHC,Primary Health Centre (PHC),Primary Level (PHC Medical Officer & VHN Supervisor),Viluppuram,605108,11.954954,79.548358,Govt of Tamil Nadu - Health Dept,Government of Tamil Nadu,08:00-16:00 (Standard PHC/HSC)
0052,Madukarai PHC,Primary Health Centre (PHC),Primary Level (PHC Medical Officer & VHN Supervisor),Viluppuram,605105,11.871045,79.570264,Govt of Tamil Nadu - Health Dept,Government of Tamil Nadu,08:00-16:00 (Standard PHC/HSC)
0053,Kalapet PHC,Primary Health Centre (PHC),Primary Level (PHC Medical Officer & VHN Supervisor),Puducherry,605014,12.040064,79.727596,Govt of Tamil Nadu - Health Dept,Government of Tamil Nadu,08:00-16:00 (Standard PHC/HSC)
0054,Bahour PHC,Primary Health Centre (PHC),Primary Level (PHC Medical Officer & VHN Supervisor),Puducherry,607402,11.806416,79.724669,Govt of Tamil Nadu - Health Dept,Government of Tamil Nadu,08:00-16:00 (Standard PHC/HSC)
0055,Ariyur PHC,Primary Health Centre (PHC),Primary Level (PHC Medical Officer & VHN Supervisor),Viluppuram,605108,11.925611,79.588614,Govt of Tamil Nadu - Health Dept,Government of Tamil Nadu,08:00-16:00 (Standard PHC/HSC)
0056,Villianur PHC,Primary Health Centre (PHC),Primary Level (PHC Medical Officer & VHN Supervisor),Viluppuram,607203,11.925663,79.36537,Govt of Tamil Nadu - Health Dept,Government of Tamil Nadu,08:00-16:00 (Standard PHC/HSC)
0057,Thirubhuvanai PHC,Primary Health Centre (PHC),Primary Level (PHC Medical Officer & VHN Supervisor),Viluppuram,605108,11.92497,79.575043,Govt of Tamil Nadu - Health Dept,Government of Tamil Nadu,08:00-16:00 (Standard PHC/HSC)
0058,Reddiyarpalayam PHC,Primary Health Centre (PHC),Primary Level (PHC Medical Officer & VHN Supervisor),Puducherry,605010,11.954622,79.76308,Govt of Tamil Nadu - Health Dept,Government of Tamil Nadu,08:00-16:00 (Standard PHC/HSC)
0059,Abishekapakkam PHC,Primary Health Centre (PHC),Primary Level (PHC Medical Officer & VHN Supervisor),Viluppuram,605106,11.865638,79.621147,Govt of Tamil Nadu - Health Dept,Government of Tamil Nadu,08:00-16:00 (Standard PHC/HSC)
0060,Neravy PHC,Primary Health Centre (PHC),Primary Level (PHC Medical Officer & VHN Supervisor),Thanjavur,612101,10.993729,79.476951,Govt of Tamil Nadu - Health Dept,Government of Tamil Nadu,08:00-16:00 (Standard PHC/HSC)
0061,Nedungadu PHC,Primary Health Centre (PHC),Primary Level (PHC Medical Officer & VHN Supervisor),Thanjavur,612101,10.992776,79.476956,Govt of Tamil Nadu - Health Dept,Government of Tamil Nadu,08:00-16:00 (Standard PHC/HSC)
0062,Ambagarathur PHC,Primary Health Centre (PHC),Primary Level (PHC Medical Officer & VHN Supervisor),Tiruvarur,609405,10.957244,79.696821,Govt of Tamil Nadu - Health Dept,Government of Tamil Nadu,08:00-16:00 (Standard PHC/HSC)
0063,Government Hospital Palacode,Government District / Taluk Hospital,District / Secondary Referral Level,Dharmapuri,636808,12.296482,78.076173,Govt of Tamil Nadu - Health Dept,Government of Tamil Nadu,24/7
0064,Govt Hospital,Government Health Facility / Clinic,Community Health Post,Karur,639001,10.962272,78.080487,Govt of Tamil Nadu - Health Dept,Government of Tamil Nadu,08:00-16:00 (Standard PHC/HSC)
0065,"Government Hospital, Udumalpet",Government District / Taluk Hospital,District / Secondary Referral Level,Tiruppur,642126,10.583649,77.247474,Govt of Tamil Nadu - Health Dept,Government of Tamil Nadu,24/7
0066,"Government Hospital, Dharapuram",Government District / Taluk Hospital,District / Secondary Referral Level,Tiruppur,638656,10.732679,77.530468,Govt of Tamil Nadu - Health Dept,Government of Tamil Nadu,24/7
0067,Cumbum Government General Hospital,Government Health Facility / Clinic,Community Health Post,Theni,625516,9.730261,77.280256,Govt of Tamil Nadu - Health Dept,Government of Tamil Nadu,08:00-16:00 (Standard PHC/HSC)
0068,Butterfly Newborn And Children Hospital,Primary Health Centre (PHC),Primary Level (PHC Medical Officer & VHN Supervisor),Sivaganga,630001,10.079504,78.780585,Unspecified,Unspecified,08:00-16:00 (Standard PHC/HSC)
0069,"Government Hospital Blood Bank, Rasipuram",Government District / Taluk Hospital,District / Secondary Referral Level,Namakkal,637408,11.461208,78.184925,Govt of Tamil Nadu - Health Dept,Government of Tamil Nadu,24/7
0070,"UPHC Ramalinga Nagar, UKT Malai",Urban Primary Health Centre (UPHC),Urban Primary Level (USHA Base),Tiruchirappalli,620017,10.815,78.6576,Govt of Tamil Nadu - Health Dept,Government of Tamil Nadu,Mo-Th 08:00-17:00
0071,Sri Raghavendra Eye Hospital,Government Health Facility / Clinic,Community Health Post,Erode,638001,11.347383,77.692951,Govt of Tamil Nadu - Health Dept,Government of Tamil Nadu,08:00-16:00 (Standard PHC/HSC)
0072,Raja Annamalai Puram Dispensary No.6,Primary Health Centre (PHC),Primary Level (PHC Medical Officer & VHN Supervisor),Chennai,600028,13.021325,80.259624,Unspecified,Unspecified,08:00-16:00 (Standard PHC/HSC)
0073,Gopalapuram Dispensary,Primary Health Centre (PHC),Primary Level (PHC Medical Officer & VHN Supervisor),Chennai,600086,13.049097,80.257621,Unspecified,Unspecified,08:00-16:00 (Standard PHC/HSC)
0074,Guindy Dispensary,Primary Health Centre (PHC),Primary Level (PHC Medical Officer & VHN Supervisor),Chennai,600032,13.010217,80.221774,Unspecified,Unspecified,08:00-16:00 (Standard PHC/HSC)
0075,Starlight Hospitals Pvt Ltd,Government Health Facility / Clinic,Community Health Post,Chennai,600041,12.986453,80.260158,Govt of Tamil Nadu - Health Dept,Government of Tamil Nadu,08:00-16:00 (Standard PHC/HSC)
0076,Bejan Singh Eye Hospital,Government District / Taluk Hospital,District / Secondary Referral Level,Kanyakumari,629003,8.189007,77.415047,Govt of Tamil Nadu - Health Dept,Government of Tamil Nadu,24/7
0077,Sugham Health Centre,Government Health Facility / Clinic,Community Health Post,Tirunelveli,627001,8.725078,77.708583,Govt of Tamil Nadu - Health Dept,Government of Tamil Nadu,08:00-16:00 (Standard PHC/HSC)
0078,Asha Surgical Centre,Government Health Facility / Clinic,Community Health Post,Kanyakumari,629175,8.242516,77.315205,Govt of Tamil Nadu - Health Dept,Government of Tamil Nadu,08:00-16:00 (Standard PHC/HSC)
0079,Nandambakkam Dispensary,Primary Health Centre (PHC),Primary Level (PHC Medical Officer & VHN Supervisor),Chennai,600089,13.015422,80.19324,Unspecified,Unspecified,08:00-16:00 (Standard PHC/HSC)
0080,Nungambakkam Dispensary CandB Block,Primary Health Centre (PHC),Primary Level (PHC Medical Officer & VHN Supervisor),Chennai,600006,13.066617,80.248175,Unspecified,Unspecified,08:00-16:00 (Standard PHC/HSC)
0081,Perambur Dispensary,Primary Health Centre (PHC),Primary Level (PHC Medical Officer & VHN Supervisor),Chennai,600012,13.097639,80.259461,Unspecified,Unspecified,08:00-16:00 (Standard PHC/HSC)
0082,"Prashanthi Hospital, Tiruvannamalai",Government Health Facility / Clinic,Community Health Post,Tiruvannamalai,606803,12.514488,79.129479,Govt of Tamil Nadu - Health Dept,Government of Tamil Nadu,08:00-16:00 (Standard PHC/HSC)
0083,Veeraperumanallur PHC,Primary Health Centre (PHC),Primary Level (PHC Medical Officer & VHN Supervisor),Cuddalore,607101,11.774526,79.451543,Govt of Tamil Nadu - Health Dept,Government of Tamil Nadu,08:00-16:00 (Standard PHC/HSC)
0084,Adyar Dispensary,Primary Health Centre (PHC),Primary Level (PHC Medical Officer & VHN Supervisor),Chennai,600020,12.991685,80.253331,Unspecified,Unspecified,08:00-16:00 (Standard PHC/HSC)
0085,Government Hospital,Government District / Taluk Hospital,District / Secondary Referral Level,Namakkal,637018,11.390066,78.160697,Govt of Tamil Nadu - Health Dept,Government of Tamil Nadu,24/7
0086,Aroghya Nursing Home,Government Health Facility / Clinic,Community Health Post,Coimbatore,641043,11.024612,76.911949,Govt of Tamil Nadu - Health Dept,Government of Tamil Nadu,08:00-16:00 (Standard PHC/HSC)
0087,Central Government Health Scheme Dispensary & Health Scheme,Primary Health Centre (PHC),Primary Level (PHC Medical Officer & VHN Supervisor),Chennai,600040,13.088848,80.204697,Govt of Tamil Nadu - Health Dept,Government of Tamil Nadu,08:00-16:00 (Standard PHC/HSC)
0088,அரசு துணை ஆரம்ப சுகாதார நிலையம்,Government Health Facility / Clinic,Community Health Post,Tiruppur,642205,10.718083,77.205542,Govt of Tamil Nadu - Health Dept,dph,08:00-16:00 (Standard PHC/HSC)
0089,Ambasamudram PHC,Primary Health Centre (PHC),Primary Level (PHC Medical Officer & VHN Supervisor),Tirunelveli,627413,8.727119,77.431373,Govt of Tamil Nadu - Health Dept,Government of Tamil Nadu,08:00-16:00 (Standard PHC/HSC)
0090,"PHC, Kadambur",Primary Health Centre (PHC),Primary Level (PHC Medical Officer & VHN Supervisor),Thoothukudi,628714,8.994845,77.857648,Govt of Tamil Nadu - Health Dept,Government of Tamil Nadu,08:00-16:00 (Standard PHC/HSC)
0091,Sonaganvilai PHC,Primary Health Centre (PHC),Primary Level (PHC Medical Officer & VHN Supervisor),Thoothukudi,628201,8.554027,78.066892,Govt of Tamil Nadu - Health Dept,Government of Tamil Nadu,08:00-16:00 (Standard PHC/HSC)
0092,"PHC, Katcherithalavaipuram",Primary Health Centre (PHC),Primary Level (PHC Medical Officer & VHN Supervisor),Thoothukudi,628712,8.965628,78.052743,Govt of Tamil Nadu - Health Dept,Government of Tamil Nadu,08:00-16:00 (Standard PHC/HSC)
0093,Munainjipatti PHC,Primary Health Centre (PHC),Primary Level (PHC Medical Officer & VHN Supervisor),Tirunelveli,627355,8.520546,77.797798,Govt of Tamil Nadu - Health Dept,Government of Tamil Nadu,08:00-16:00 (Standard PHC/HSC)
0094,Sayamalai PHC,Primary Health Centre (PHC),Primary Level (PHC Medical Officer & VHN Supervisor),Tirunelveli,627853,9.090916,77.668953,Govt of Tamil Nadu - Health Dept,Government of Tamil Nadu,08:00-16:00 (Standard PHC/HSC)
0095,"Subbulapuram,PHC",Primary Health Centre (PHC),Primary Level (PHC Medical Officer & VHN Supervisor),Tirunelveli,627753,9.261689,77.598794,Govt of Tamil Nadu - Health Dept,Government of Tamil Nadu,08:00-16:00 (Standard PHC/HSC)
0096,Pandaravilai PHC,Primary Health Centre (PHC),Primary Level (PHC Medical Officer & VHN Supervisor),Thoothukudi,628751,8.657367,78.00186,Govt of Tamil Nadu - Health Dept,Government of Tamil Nadu,08:00-16:00 (Standard PHC/HSC)
0097,S.Kailasapuram PHC,Primary Health Centre (PHC),Primary Level (PHC Medical Officer & VHN Supervisor),Thoothukudi,628301,8.853387,77.992283,Govt of Tamil Nadu - Health Dept,Government of Tamil Nadu,08:00-16:00 (Standard PHC/HSC)
0098,"Government Hospital, Sendamaram",Government District / Taluk Hospital,District / Secondary Referral Level,Tirunelveli,627857,9.059941,77.437467,Govt of Tamil Nadu - Health Dept,Government of Tamil Nadu,24/7
0099,Sikkal PHC,Primary Health Centre (PHC),Primary Level (PHC Medical Officer & VHN Supervisor),Ramanathapuram,623528,9.248103,78.652802,Govt of Tamil Nadu - Health Dept,Government of Tamil Nadu,08:00-16:00 (Standard PHC/HSC)
0100,"Government Hospital, Betmanagaram",Government District / Taluk Hospital,District / Secondary Referral Level,Thoothukudi,628620,8.650208,77.954923,Govt of Tamil Nadu - Health Dept,Government of Tamil Nadu,24/7
0101,"Government Hospital, Sokkalal",Government District / Taluk Hospital,District / Secondary Referral Level,Tirunelveli,627601,8.740033,77.522193,Govt of Tamil Nadu - Health Dept,Government of Tamil Nadu,24/7
0102,Poigai Government Hospital,Government District / Taluk Hospital,District / Secondary Referral Level,Tirunelveli,627856,9.035922,77.389289,Govt of Tamil Nadu - Health Dept,Government of Tamil Nadu,24/7
0103,Srivaikundam Government Hospital,Government District / Taluk Hospital,District / Secondary Referral Level,Thoothukudi,628151,8.628989,77.912472,Govt of Tamil Nadu - Health Dept,Government of Tamil Nadu,24/7
0104,"Government Hospital, Ottapidaram",Government District / Taluk Hospital,District / Secondary Referral Level,Thoothukudi,628401,8.909187,78.021275,Govt of Tamil Nadu - Health Dept,Government of Tamil Nadu,24/7
0105,"PHC, Karisalpatti",Primary Health Centre (PHC),Primary Level (PHC Medical Officer & VHN Supervisor),Tirunelveli,627414,8.608503,77.577279,Govt of Tamil Nadu - Health Dept,Government of Tamil Nadu,08:00-16:00 (Standard PHC/HSC)
0106,"PHC, Narippaiyur",Primary Health Centre (PHC),Primary Level (PHC Medical Officer & VHN Supervisor),Ramanathapuram,623135,9.122965,78.411352,Govt of Tamil Nadu - Health Dept,Government of Tamil Nadu,08:00-16:00 (Standard PHC/HSC)
0107,"PHC, Ambasamudram",Primary Health Centre (PHC),Primary Level (PHC Medical Officer & VHN Supervisor),Tirunelveli,627401,8.703833,77.449092,Govt of Tamil Nadu - Health Dept,Government of Tamil Nadu,08:00-16:00 (Standard PHC/HSC)
0108,Sundaresapuram PHC,Primary Health Centre (PHC),Primary Level (PHC Medical Officer & VHN Supervisor),Tirunelveli,627765,9.103167,77.390352,Govt of Tamil Nadu - Health Dept,Government of Tamil Nadu,08:00-16:00 (Standard PHC/HSC)
0109,"PHC, Gangaikondan",Primary Health Centre (PHC),Primary Level (PHC Medical Officer & VHN Supervisor),Tirunelveli,627352,8.859096,77.780005,Govt of Tamil Nadu - Health Dept,Government of Tamil Nadu,08:00-16:00 (Standard PHC/HSC)
0110,"PHC, Ilayarasanendhal",Primary Health Centre (PHC),Primary Level (PHC Medical Officer & VHN Supervisor),Tirunelveli,627713,9.211455,77.798071,Govt of Tamil Nadu - Health Dept,Government of Tamil Nadu,08:00-16:00 (Standard PHC/HSC)
0111,"UPHC, Kokkirakulam",Urban Primary Health Centre (UPHC),Urban Primary Level (USHA Base),Tirunelveli,627002,8.717384,77.733119,Govt of Tamil Nadu - Health Dept,Government of Tamil Nadu,08:00-16:00 (Standard PHC/HSC)
0112,Perilovanpatti CHC,Primary Health Centre (PHC),Primary Level (PHC Medical Officer & VHN Supervisor),Thoothukudi,628902,9.191261,78.084898,Govt of Tamil Nadu - Health Dept,Government of Tamil Nadu,08:00-16:00 (Standard PHC/HSC)
0113,"PHC, Malagaram",Primary Health Centre (PHC),Primary Level (PHC Medical Officer & VHN Supervisor),Tirunelveli,627818,8.949596,77.29865,Govt of Tamil Nadu - Health Dept,Government of Tamil Nadu,08:00-16:00 (Standard PHC/HSC)
0114,Kovilpatti UPHC,Urban Primary Health Centre (UPHC),Urban Primary Level (USHA Base),Thoothukudi,628501,9.174906,77.86965,Govt of Tamil Nadu - Health Dept,Government of Tamil Nadu,08:00-16:00 (Standard PHC/HSC)
0115,Government Hospital Veeranam,Government District / Taluk Hospital,District / Secondary Referral Level,Tirunelveli,627862,8.941453,77.500121,Govt of Tamil Nadu - Health Dept,Government of Tamil Nadu,24/7
0116,Chamba Maternity Home,Primary Health Centre (PHC),Primary Level (PHC Medical Officer & VHN Supervisor),Tirunelveli,627809,9.000333,77.220701,Unspecified,Unspecified,08:00-16:00 (Standard PHC/HSC)
0117,"Government Hospital, Kayalpattinam",Government District / Taluk Hospital,District / Secondary Referral Level,Thoothukudi,628204,8.567573,78.120765,Govt of Tamil Nadu - Health Dept,Government of Tamil Nadu,24/7
0118,Periyapillaivalasi PHC,Primary Health Centre (PHC),Primary Level (PHC Medical Officer & VHN Supervisor),Tirunelveli,627809,8.989696,77.253429,Govt of Tamil Nadu - Health Dept,Government of Tamil Nadu,08:00-16:00 (Standard PHC/HSC)
0119,Moolaikaraipatti PHC,Primary Health Centre (PHC),Primary Level (PHC Medical Officer & VHN Supervisor),Tirunelveli,627354,8.552673,77.769433,Govt of Tamil Nadu - Health Dept,Government of Tamil Nadu,08:00-16:00 (Standard PHC/HSC)
0120,"Government Hospital, Kadayanallur",Government District / Taluk Hospital,District / Secondary Referral Level,Tirunelveli,627751,9.084331,77.347114,Govt of Tamil Nadu - Health Dept,Government of Tamil Nadu,24/7
0121,Uppathur PHC,Primary Health Centre (PHC),Primary Level (PHC Medical Officer & VHN Supervisor),Virudhunagar,626205,9.258215,77.966865,Govt of Tamil Nadu - Health Dept,Government of Tamil Nadu,08:00-16:00 (Standard PHC/HSC)
0122,Mapillaioorani PHC,Primary Health Centre (PHC),Primary Level (PHC Medical Officer & VHN Supervisor),Thoothukudi,628002,8.833189,78.131482,Govt of Tamil Nadu - Health Dept,Government of Tamil Nadu,08:00-16:00 (Standard PHC/HSC)
0123,Villiseri PHC,Primary Health Centre (PHC),Primary Level (PHC Medical Officer & VHN Supervisor),Thoothukudi,628716,9.047569,77.798939,Govt of Tamil Nadu - Health Dept,Government of Tamil Nadu,08:00-16:00 (Standard PHC/HSC)
0124,"Govt. Primary Hospital, Nalli",Government Health Facility / Clinic,Community Health Post,Virudhunagar,626205,9.237527,77.907088,Govt of Tamil Nadu - Health Dept,Government of Tamil Nadu,08:00-16:00 (Standard PHC/HSC)
0125,Sivakalai PHC,Primary Health Centre (PHC),Primary Level (PHC Medical Officer & VHN Supervisor),Thoothukudi,628753,8.639481,77.97445,Govt of Tamil Nadu - Health Dept,Government of Tamil Nadu,08:00-16:00 (Standard PHC/HSC)
0126,"Urban Primary Health Centre, Madathur",Urban Primary Health Centre (UPHC),Urban Primary Level (USHA Base),Thoothukudi,628004,8.798804,78.096678,Govt of Tamil Nadu - Health Dept,Government of Tamil Nadu,08:00-16:00 (Standard PHC/HSC)
0127,Vadakarai Government Hospital,Government District / Taluk Hospital,District / Secondary Referral Level,Tirunelveli,627812,9.035784,77.271762,Govt of Tamil Nadu - Health Dept,Government of Tamil Nadu,24/7
0128,Perunali PHC,Primary Health Centre (PHC),Primary Level (PHC Medical Officer & VHN Supervisor),Ramanathapuram,623115,9.2316,78.323747,Govt of Tamil Nadu - Health Dept,Government of Tamil Nadu,08:00-16:00 (Standard PHC/HSC)
0129,"Government Hospital, Eral",Government District / Taluk Hospital,District / Secondary Referral Level,Thoothukudi,628801,8.628102,78.022885,Govt of Tamil Nadu - Health Dept,Government of Tamil Nadu,24/7
0130,"PHC, Elathur",Primary Health Centre (PHC),Primary Level (PHC Medical Officer & VHN Supervisor),Tirunelveli,627803,9.011475,77.28878,Govt of Tamil Nadu - Health Dept,Government of Tamil Nadu,08:00-16:00 (Standard PHC/HSC)
0131,"PHC, Alwarthirunagari",Primary Health Centre (PHC),Primary Level (PHC Medical Officer & VHN Supervisor),Thoothukudi,628704,8.607916,77.93489,Govt of Tamil Nadu - Health Dept,Government of Tamil Nadu,08:00-16:00 (Standard PHC/HSC)
0132,"PHC, Madiyanoor",Primary Health Centre (PHC),Primary Level (PHC Medical Officer & VHN Supervisor),Tirunelveli,627808,8.876943,77.391175,Govt of Tamil Nadu - Health Dept,Government of Tamil Nadu,08:00-16:00 (Standard PHC/HSC)
0133,"Government Hospital, Sayalkudi",Government District / Taluk Hospital,District / Secondary Referral Level,Ramanathapuram,623120,9.167328,78.443912,Govt of Tamil Nadu - Health Dept,Government of Tamil Nadu,24/7
0134,"Government Hospital, Ambasamudram",Government District / Taluk Hospital,District / Secondary Referral Level,Tirunelveli,627401,8.702812,77.457998,Govt of Tamil Nadu - Health Dept,Government of Tamil Nadu,24/7
0135,Puthiamputhur PHC,Primary Health Centre (PHC),Primary Level (PHC Medical Officer & VHN Supervisor),Thoothukudi,628402,8.868054,78.027123,Govt of Tamil Nadu - Health Dept,Government of Tamil Nadu,08:00-16:00 (Standard PHC/HSC)
0136,"UPHC, Keela Eral",Urban Primary Health Centre (UPHC),Urban Primary Level (USHA Base),Thoothukudi,628905,9.099174,78.010657,Govt of Tamil Nadu - Health Dept,Government of Tamil Nadu,08:00-16:00 (Standard PHC/HSC)
0137,"PHC, Karumbanur",Primary Health Centre (PHC),Primary Level (PHC Medical Officer & VHN Supervisor),Tirunelveli,627851,8.856268,77.467903,Govt of Tamil Nadu - Health Dept,Government of Tamil Nadu,08:00-16:00 (Standard PHC/HSC)
0138,Melakkidaram PHC,Primary Health Centre (PHC),Primary Level (PHC Medical Officer & VHN Supervisor),Ramanathapuram,623528,9.205987,78.592055,Govt of Tamil Nadu - Health Dept,Government of Tamil Nadu,08:00-16:00 (Standard PHC/HSC)
0139,Sundarapandiapuram Government Hospital,Government District / Taluk Hospital,District / Secondary Referral Level,Tirunelveli,627858,8.963275,77.380456,Govt of Tamil Nadu - Health Dept,Government of Tamil Nadu,24/7
0140,"PHC, Kallur",Primary Health Centre (PHC),Primary Level (PHC Medical Officer & VHN Supervisor),Tirunelveli,627010,8.710526,77.593013,Govt of Tamil Nadu - Health Dept,Government of Tamil Nadu,08:00-16:00 (Standard PHC/HSC)
0141,"Government Hospital, Veerakeralampudur",Government District / Taluk Hospital,District / Secondary Referral Level,Tirunelveli,627861,8.938903,77.44936,Govt of Tamil Nadu - Health Dept,Government of Tamil Nadu,24/7
0142,"Government Hospital, Kulayaneri",Government District / Taluk Hospital,District / Secondary Referral Level,Tirunelveli,627859,8.999935,77.432251,Govt of Tamil Nadu - Health Dept,Government of Tamil Nadu,24/7
0143,Perumalpuram PHC,Primary Health Centre (PHC),Primary Level (PHC Medical Officer & VHN Supervisor),Tirunelveli,627007,8.706539,77.736337,Govt of Tamil Nadu - Health Dept,Government of Tamil Nadu,08:00-16:00 (Standard PHC/HSC)
0144,Vanniconendal PHC,Primary Health Centre (PHC),Primary Level (PHC Medical Officer & VHN Supervisor),Tirunelveli,627808,8.98746,77.627513,Govt of Tamil Nadu - Health Dept,Government of Tamil Nadu,08:00-16:00 (Standard PHC/HSC)
0145,Salaipudur PHC,Primary Health Centre (PHC),Primary Level (PHC Medical Officer & VHN Supervisor),Thoothukudi,628613,8.5245,77.851946,Govt of Tamil Nadu - Health Dept,Government of Tamil Nadu,08:00-16:00 (Standard PHC/HSC)
0146,Mudivaithanendal PHC,Primary Health Centre (PHC),Primary Level (PHC Medical Officer & VHN Supervisor),Thoothukudi,628102,8.727849,77.996263,Govt of Tamil Nadu - Health Dept,Government of Tamil Nadu,08:00-16:00 (Standard PHC/HSC)
0147,Surandai PHC,Primary Health Centre (PHC),Primary Level (PHC Medical Officer & VHN Supervisor),Tirunelveli,627859,8.9716,77.421268,Govt of Tamil Nadu - Health Dept,Government of Tamil Nadu,08:00-16:00 (Standard PHC/HSC)
0148,"PHC, Boothalapuram",Primary Health Centre (PHC),Primary Level (PHC Medical Officer & VHN Supervisor),Thoothukudi,628905,9.253253,78.232057,Govt of Tamil Nadu - Health Dept,Government of Tamil Nadu,08:00-16:00 (Standard PHC/HSC)
0149,Primary Health Centre Kadayam,Primary Health Centre (PHC),Primary Level (PHC Medical Officer & VHN Supervisor),Tirunelveli,627415,8.829244,77.370286,Govt of Tamil Nadu - Health Dept,Government of Tamil Nadu,08:00-16:00 (Standard PHC/HSC)
0150,"PHC, Achanpudur",Primary Health Centre (PHC),Primary Level (PHC Medical Officer & VHN Supervisor),Tirunelveli,627803,9.044091,77.295669,Govt of Tamil Nadu - Health Dept,Government of Tamil Nadu,08:00-16:00 (Standard PHC/HSC)
0151,Vasudevanallur PHC,Primary Health Centre (PHC),Primary Level (PHC Medical Officer & VHN Supervisor),Tirunelveli,627758,9.236762,77.412869,Govt of Tamil Nadu - Health Dept,Government of Tamil Nadu,08:00-16:00 (Standard PHC/HSC)
0152,"Government Hospital, Reddiarpatti",Government District / Taluk Hospital,District / Secondary Referral Level,Tirunelveli,627007,8.673541,77.743732,Govt of Tamil Nadu - Health Dept,Government of Tamil Nadu,24/7
0153,Rajavallipuram PHC,Primary Health Centre (PHC),Primary Level (PHC Medical Officer & VHN Supervisor),Tirunelveli,627359,8.788748,77.754119,Govt of Tamil Nadu - Health Dept,Government of Tamil Nadu,08:00-16:00 (Standard PHC/HSC)
0154,PHC Authoor,Primary Health Centre (PHC),Primary Level (PHC Medical Officer & VHN Supervisor),Thoothukudi,628151,8.618043,78.068371,Govt of Tamil Nadu - Health Dept,Government of Tamil Nadu,08:00-16:00 (Standard PHC/HSC)
0155,"PHC, Burkitmanagaram",Primary Health Centre (PHC),Primary Level (PHC Medical Officer & VHN Supervisor),Tirunelveli,627351,8.748871,77.79546,Govt of Tamil Nadu - Health Dept,Government of Tamil Nadu,08:00-16:00 (Standard PHC/HSC)
0156,Puliyarai PHC,Primary Health Centre (PHC),Primary Level (PHC Medical Officer & VHN Supervisor),Tirunelveli,627813,9.0055,77.188338,Govt of Tamil Nadu - Health Dept,Government of Tamil Nadu,08:00-16:00 (Standard PHC/HSC)
0157,"Government Hospital, Puliyangudi",Government District / Taluk Hospital,District / Secondary Referral Level,Tirunelveli,627855,9.16945,77.395689,Govt of Tamil Nadu - Health Dept,Government of Tamil Nadu,24/7
0158,Thenthiruperai Govt Hospital,Government Health Facility / Clinic,Community Health Post,Thoothukudi,628623,8.604305,77.985582,Govt of Tamil Nadu - Health Dept,Government of Tamil Nadu,08:00-16:00 (Standard PHC/HSC)
0159,"Pavoorchatram, CHC",Primary Health Centre (PHC),Primary Level (PHC Medical Officer & VHN Supervisor),Tirunelveli,627808,8.914328,77.387763,Govt of Tamil Nadu - Health Dept,Government of Tamil Nadu,08:00-16:00 (Standard PHC/HSC)
0160,"Government Hospital, Valinokkam",Government District / Taluk Hospital,District / Secondary Referral Level,Ramanathapuram,623528,9.165769,78.642509,Govt of Tamil Nadu - Health Dept,Government of Tamil Nadu,24/7
0161,"Government Hospital, Alangulam",Government District / Taluk Hospital,District / Secondary Referral Level,Tirunelveli,627851,8.867049,77.49199,Govt of Tamil Nadu - Health Dept,Government of Tamil Nadu,24/7
0162,"Government Hospital, Ettaiyapuram",Government District / Taluk Hospital,District / Secondary Referral Level,Thoothukudi,628902,9.148027,77.991648,Govt of Tamil Nadu - Health Dept,Government of Tamil Nadu,24/7
0163,Veeravanallur Government Hospital,Government District / Taluk Hospital,District / Secondary Referral Level,Tirunelveli,627426,8.690897,77.525283,Govt of Tamil Nadu - Health Dept,Government of Tamil Nadu,24/7
0164,"PHC, Koviloothu",Primary Health Centre (PHC),Primary Level (PHC Medical Officer & VHN Supervisor),Tirunelveli,627415,8.856099,77.426844,Govt of Tamil Nadu - Health Dept,Government of Tamil Nadu,08:00-16:00 (Standard PHC/HSC)
0165,"PHC, Kadalaiyur",Primary Health Centre (PHC),Primary Level (PHC Medical Officer & VHN Supervisor),Thoothukudi,628502,9.201463,77.943039,Govt of Tamil Nadu - Health Dept,Government of Tamil Nadu,08:00-16:00 (Standard PHC/HSC)
0166,"Government Hospital, Cheranmahadevi",Government District / Taluk Hospital,District / Secondary Referral Level,Tirunelveli,627414,8.682902,77.563989,Govt of Tamil Nadu - Health Dept,Government of Tamil Nadu,24/7
0167,Thalaivankottai PHC,Primary Health Centre (PHC),Primary Level (PHC Medical Officer & VHN Supervisor),Tirunelveli,627773,9.186124,77.450963,Govt of Tamil Nadu - Health Dept,Government of Tamil Nadu,08:00-16:00 (Standard PHC/HSC)
0168,Vallanad PHC,Primary Health Centre (PHC),Primary Level (PHC Medical Officer & VHN Supervisor),Tirunelveli,628252,8.711894,77.854442,Govt of Tamil Nadu - Health Dept,Government of Tamil Nadu,08:00-16:00 (Standard PHC/HSC)
0169,"PHC, Kuruvikulam",Primary Health Centre (PHC),Primary Level (PHC Medical Officer & VHN Supervisor),Tirunelveli,627754,9.176613,77.669029,Govt of Tamil Nadu - Health Dept,Government of Tamil Nadu,08:00-16:00 (Standard PHC/HSC)
0170,Melapalayam PHC,Primary Health Centre (PHC),Primary Level (PHC Medical Officer & VHN Supervisor),Tirunelveli,627005,8.705818,77.71004,Govt of Tamil Nadu - Health Dept,Government of Tamil Nadu,08:00-16:00 (Standard PHC/HSC)
0171,"Government Hospital, Uthumalai",Government District / Taluk Hospital,District / Secondary Referral Level,Tirunelveli,627860,8.98052,77.526384,Govt of Tamil Nadu - Health Dept,Government of Tamil Nadu,24/7
0172,Udaiyarkulam PHC,Primary Health Centre (PHC),Primary Level (PHC Medical Officer & VHN Supervisor),Thoothukudi,628617,8.572686,77.9198,Govt of Tamil Nadu - Health Dept,Government of Tamil Nadu,08:00-16:00 (Standard PHC/HSC)
0173,"Government Hospital, Shenkottai",Government District / Taluk Hospital,District / Secondary Referral Level,Tirunelveli,627809,8.971772,77.247415,Govt of Tamil Nadu - Health Dept,Government of Tamil Nadu,24/7
0174,Manakaavalam Pillai Government Hospital,Government District / Taluk Hospital,District / Secondary Referral Level,Tirunelveli,627002,8.726734,77.738873,Govt of Tamil Nadu - Health Dept,Government of Tamil Nadu,24/7
0175,"Government Hospital, Tenkasi",Government District / Taluk Hospital,District / Secondary Referral Level,Tirunelveli,627811,8.970761,77.303686,Govt of Tamil Nadu - Health Dept,Government of Tamil Nadu,24/7
0176,Uphc Krishnapuram,Urban Primary Health Centre (UPHC),Urban Primary Level (USHA Base),Tirunelveli,627751,9.092073,77.347355,Govt of Tamil Nadu - Health Dept,Government of Tamil Nadu,08:00-16:00 (Standard PHC/HSC)
0177,Pattamadai CHC,Primary Health Centre (PHC),Primary Level (PHC Medical Officer & VHN Supervisor),Tirunelveli,627453,8.671563,77.586738,Govt of Tamil Nadu - Health Dept,Government of Tamil Nadu,08:00-16:00 (Standard PHC/HSC)
0178,"Urban Primary Health Centre, Ganesh Nagar",Urban Primary Health Centre (UPHC),Urban Primary Level (USHA Base),Thoothukudi,628008,8.78774,78.123618,Govt of Tamil Nadu - Health Dept,Government of Tamil Nadu,08:00-16:00 (Standard PHC/HSC)
0179,"PHC, Eppothumvenran",Primary Health Centre (PHC),Primary Level (PHC Medical Officer & VHN Supervisor),Thoothukudi,628712,9.018584,78.048186,Govt of Tamil Nadu - Health Dept,Government of Tamil Nadu,08:00-16:00 (Standard PHC/HSC)
0180,Nagalapuram PHC,Primary Health Centre (PHC),Primary Level (PHC Medical Officer & VHN Supervisor),Thoothukudi,628904,9.227881,78.137181,Govt of Tamil Nadu - Health Dept,Government of Tamil Nadu,08:00-16:00 (Standard PHC/HSC)
0181,Thachanallur PHC,Primary Health Centre (PHC),Primary Level (PHC Medical Officer & VHN Supervisor),Tirunelveli,627358,8.746598,77.701198,Govt of Tamil Nadu - Health Dept,Government of Tamil Nadu,08:00-16:00 (Standard PHC/HSC)
0182,Sambavar Vadakarai PHC,Primary Health Centre (PHC),Primary Level (PHC Medical Officer & VHN Supervisor),Tirunelveli,627856,9.005283,77.402422,Govt of Tamil Nadu - Health Dept,Government of Tamil Nadu,08:00-16:00 (Standard PHC/HSC)
0183,Sankarankovil Government Hospital,Government District / Taluk Hospital,District / Secondary Referral Level,Tirunelveli,627753,9.168804,77.536368,Govt of Tamil Nadu - Health Dept,Government of Tamil Nadu,24/7
0184,Singikulam PHC,Primary Health Centre (PHC),Primary Level (PHC Medical Officer & VHN Supervisor),Tirunelveli,627152,8.595357,77.636098,Govt of Tamil Nadu - Health Dept,Government of Tamil Nadu,08:00-16:00 (Standard PHC/HSC)
0185,Pattapathu UPHC,Urban Primary Health Centre (UPHC),Urban Primary Level (USHA Base),Tirunelveli,627006,8.73608,77.671539,Govt of Tamil Nadu - Health Dept,Government of Tamil Nadu,08:00-16:00 (Standard PHC/HSC)
0186,Nettur Government Hospital,Government District / Taluk Hospital,District / Secondary Referral Level,Tirunelveli,627854,8.914085,77.52748,Govt of Tamil Nadu - Health Dept,Government of Tamil Nadu,24/7
0187,Government Hospital Vadamalapur,Government District / Taluk Hospital,District / Secondary Referral Level,Tirunelveli,627773,9.154502,77.472598,Govt of Tamil Nadu - Health Dept,Government of Tamil Nadu,24/7
0188,"PHC, Madathupatti",Primary Health Centre (PHC),Primary Level (PHC Medical Officer & VHN Supervisor),Tirunelveli,627855,9.133882,77.430223,Govt of Tamil Nadu - Health Dept,Government of Tamil Nadu,08:00-16:00 (Standard PHC/HSC)
0189,Sebathayapuram PHC,Primary Health Centre (PHC),Primary Level (PHC Medical Officer & VHN Supervisor),Thoothukudi,628251,8.690271,78.049639,Govt of Tamil Nadu - Health Dept,Government of Tamil Nadu,08:00-16:00 (Standard PHC/HSC)
0190,Manur PHC,Primary Health Centre (PHC),Primary Level (PHC Medical Officer & VHN Supervisor),Tirunelveli,627201,8.855341,77.653057,Govt of Tamil Nadu - Health Dept,Government of Tamil Nadu,08:00-16:00 (Standard PHC/HSC)
0191,"PHC, Kurukkalpatti",Primary Health Centre (PHC),Primary Level (PHC Medical Officer & VHN Supervisor),Tirunelveli,627953,9.10928,77.575751,Govt of Tamil Nadu - Health Dept,Government of Tamil Nadu,08:00-16:00 (Standard PHC/HSC)
0192,Munnirpallam PHC,Primary Health Centre (PHC),Primary Level (PHC Medical Officer & VHN Supervisor),Tirunelveli,627356,8.682359,77.700894,Govt of Tamil Nadu - Health Dept,Government of Tamil Nadu,08:00-16:00 (Standard PHC/HSC)
0193,Vallam PHC,Primary Health Centre (PHC),Primary Level (PHC Medical Officer & VHN Supervisor),Tirunelveli,627817,8.960677,77.261151,Govt of Tamil Nadu - Health Dept,Government of Tamil Nadu,08:00-16:00 (Standard PHC/HSC)
0194,Pettai Government Hospital,Government District / Taluk Hospital,District / Secondary Referral Level,Tirunelveli,627004,8.72208,77.658963,Govt of Tamil Nadu - Health Dept,Government of Tamil Nadu,24/7
0195,"PHC, Agsthiyar Patti",Primary Health Centre (PHC),Primary Level (PHC Medical Officer & VHN Supervisor),Tirunelveli,627428,8.708773,77.426937,Govt of Tamil Nadu - Health Dept,Government of Tamil Nadu,08:00-16:00 (Standard PHC/HSC)
0196,"Government Hospital, Kovilpatti",Government District / Taluk Hospital,District / Secondary Referral Level,Thoothukudi,628501,9.175784,77.874347,Govt of Tamil Nadu - Health Dept,Government of Tamil Nadu,24/7
0197,"Government Hospital, Melapalayam",Government District / Taluk Hospital,District / Secondary Referral Level,Tirunelveli,627005,8.705728,77.709929,Govt of Tamil Nadu - Health Dept,Government of Tamil Nadu,24/7
0198,Mullakadu PHC,Primary Health Centre (PHC),Primary Level (PHC Medical Officer & VHN Supervisor),Thoothukudi,628005,8.728126,78.118628,Govt of Tamil Nadu - Health Dept,Government of Tamil Nadu,08:00-16:00 (Standard PHC/HSC)
0199,Pasuvanthalai PHC,Primary Health Centre (PHC),Primary Level (PHC Medical Officer & VHN Supervisor),Thoothukudi,627718,9.001629,77.958913,Govt of Tamil Nadu - Health Dept,Government of Tamil Nadu,08:00-16:00 (Standard PHC/HSC)
0200,Mookkuperi PHC,Primary Health Centre (PHC),Primary Level (PHC Medical Officer & VHN Supervisor),Thoothukudi,628616,8.570799,77.989793,Govt of Tamil Nadu - Health Dept,Government of Tamil Nadu,08:00-16:00 (Standard PHC/HSC)
0201,Veppalodai PHC,Primary Health Centre (PHC),Primary Level (PHC Medical Officer & VHN Supervisor),Thoothukudi,628903,8.970733,78.184997,Govt of Tamil Nadu - Health Dept,Government of Tamil Nadu,08:00-16:00 (Standard PHC/HSC)
0202,"PHC, Karivalm Vanda Nallu",Primary Health Centre (PHC),Primary Level (PHC Medical Officer & VHN Supervisor),Tirunelveli,627753,9.263799,77.53965,Govt of Tamil Nadu - Health Dept,Government of Tamil Nadu,08:00-16:00 (Standard PHC/HSC)
0203,Vairavikulum PHC,Primary Health Centre (PHC),Primary Level (PHC Medical Officer & VHN Supervisor),Tirunelveli,627416,8.670813,77.445128,Govt of Tamil Nadu - Health Dept,Government of Tamil Nadu,08:00-16:00 (Standard PHC/HSC)
0204,"Government Hospital, Vadakupappankulam",Government District / Taluk Hospital,District / Secondary Referral Level,Tirunelveli,627423,8.776161,77.421413,Govt of Tamil Nadu - Health Dept,Government of Tamil Nadu,24/7
0205,Vembar PHC,Primary Health Centre (PHC),Primary Level (PHC Medical Officer & VHN Supervisor),Thoothukudi,628906,9.077358,78.357015,Govt of Tamil Nadu - Health Dept,Government of Tamil Nadu,08:00-16:00 (Standard PHC/HSC)
0206,"Government Hospital, Ervadi",Government District / Taluk Hospital,District / Secondary Referral Level,Ramanathapuram,623566,9.22199,78.701598,Govt of Tamil Nadu - Health Dept,Government of Tamil Nadu,24/7
0207,Manimuthar PHC,Primary Health Centre (PHC),Primary Level (PHC Medical Officer & VHN Supervisor),Tirunelveli,627421,8.651849,77.433924,Govt of Tamil Nadu - Health Dept,Government of Tamil Nadu,08:00-16:00 (Standard PHC/HSC)
0208,Pudukottai CHC,Primary Health Centre (PHC),Primary Level (PHC Medical Officer & VHN Supervisor),Thoothukudi,628103,8.744035,78.054017,Govt of Tamil Nadu - Health Dept,Government of Tamil Nadu,08:00-16:00 (Standard PHC/HSC)
0209,"PHC, Kulathur",Primary Health Centre (PHC),Primary Level (PHC Medical Officer & VHN Supervisor),Thoothukudi,628903,9.004115,78.188978,Govt of Tamil Nadu - Health Dept,Government of Tamil Nadu,08:00-16:00 (Standard PHC/HSC)
0210,"PHC, Karunkulam",Primary Health Centre (PHC),Primary Level (PHC Medical Officer & VHN Supervisor),Tirunelveli,628615,8.638757,77.846005,Govt of Tamil Nadu - Health Dept,Government of Tamil Nadu,08:00-16:00 (Standard PHC/HSC)
0211,Ukkirankottai PHC,Primary Health Centre (PHC),Primary Level (PHC Medical Officer & VHN Supervisor),Tirunelveli,627202,8.91345,77.604406,Govt of Tamil Nadu - Health Dept,Government of Tamil Nadu,08:00-16:00 (Standard PHC/HSC)
0212,"Government Hospital, Kalugumalai",Government District / Taluk Hospital,District / Secondary Referral Level,Thoothukudi,628552,9.150762,77.701898,Govt of Tamil Nadu - Health Dept,Government of Tamil Nadu,24/7
0213,Ottanathami CHC,Primary Health Centre (PHC),Primary Level (PHC Medical Officer & VHN Supervisor),Tirunelveli,628302,8.899604,77.894508,Govt of Tamil Nadu - Health Dept,Government of Tamil Nadu,08:00-16:00 (Standard PHC/HSC)
0214,"PHC, Chockampatti",Primary Health Centre (PHC),Primary Level (PHC Medical Officer & VHN Supervisor),Tirunelveli,627751,9.13047,77.364775,Govt of Tamil Nadu - Health Dept,Government of Tamil Nadu,08:00-16:00 (Standard PHC/HSC)
0215,"PHC, Ariappapuram",Primary Health Centre (PHC),Primary Level (PHC Medical Officer & VHN Supervisor),Tirunelveli,600013,8.874778,77.362954,Govt of Tamil Nadu - Health Dept,Government of Tamil Nadu,08:00-16:00 (Standard PHC/HSC)
0216,"PHC, Erachi",Primary Health Centre (PHC),Primary Level (PHC Medical Officer & VHN Supervisor),Thoothukudi,628720,9.10381,77.930396,Govt of Tamil Nadu - Health Dept,Government of Tamil Nadu,08:00-16:00 (Standard PHC/HSC)
0217,"PHC, Kallidaikurichy",Primary Health Centre (PHC),Primary Level (PHC Medical Officer & VHN Supervisor),Tirunelveli,627416,8.680891,77.469797,Govt of Tamil Nadu - Health Dept,Government of Tamil Nadu,08:00-16:00 (Standard PHC/HSC)
0218,"PHC, Ilanji",Primary Health Centre (PHC),Primary Level (PHC Medical Officer & VHN Supervisor),Tirunelveli,627805,8.958848,77.277219,Govt of Tamil Nadu - Health Dept,Government of Tamil Nadu,08:00-16:00 (Standard PHC/HSC)
0219,Government Hospital Kadaladi,Government District / Taluk Hospital,District / Secondary Referral Level,Ramanathapuram,623703,9.216809,78.495177,Govt of Tamil Nadu - Health Dept,Government of Tamil Nadu,24/7
0220,"Vickramasingapuram,Government Hospital",Government District / Taluk Hospital,District / Secondary Referral Level,Tirunelveli,627425,8.714659,77.385939,Govt of Tamil Nadu - Health Dept,Government of Tamil Nadu,24/7
0221,"Government Hospital, Kayathar",Government District / Taluk Hospital,District / Secondary Referral Level,Thoothukudi,628952,8.944803,77.776083,Govt of Tamil Nadu - Health Dept,Government of Tamil Nadu,24/7
0222,"PHC, Arumuganeri",Primary Health Centre (PHC),Primary Level (PHC Medical Officer & VHN Supervisor),Thoothukudi,628202,8.569052,78.093893,Govt of Tamil Nadu - Health Dept,Government of Tamil Nadu,08:00-16:00 (Standard PHC/HSC)
0223,Sankanapuram PHC,Primary Health Centre (PHC),Primary Level (PHC Medical Officer & VHN Supervisor),Tirunelveli,627116,8.190904,77.600998,Govt of Tamil Nadu - Health Dept,Government of Tamil Nadu,08:00-16:00 (Standard PHC/HSC)
0224,Asha Hospital,Government Health Facility / Clinic,Community Health Post,Kanyakumari,629175,8.243668,77.319703,Govt of Tamil Nadu - Health Dept,Government of Tamil Nadu,08:00-16:00 (Standard PHC/HSC)
0225,T.Kallikulam PHC,Primary Health Centre (PHC),Primary Level (PHC Medical Officer & VHN Supervisor),Tirunelveli,627113,8.356482,77.658961,Govt of Tamil Nadu - Health Dept,Government of Tamil Nadu,08:00-16:00 (Standard PHC/HSC)
0226,Thovalai PHC,Primary Health Centre (PHC),Primary Level (PHC Medical Officer & VHN Supervisor),Kanyakumari,629302,8.23018,77.505083,Govt of Tamil Nadu - Health Dept,Government of Tamil Nadu,08:00-16:00 (Standard PHC/HSC)
0227,Panagudi PHC,Primary Health Centre (PHC),Primary Level (PHC Medical Officer & VHN Supervisor),Tirunelveli,627109,8.324096,77.579608,Govt of Tamil Nadu - Health Dept,Government of Tamil Nadu,08:00-16:00 (Standard PHC/HSC)
0228,Valliyur Government Hospital,Government District / Taluk Hospital,District / Secondary Referral Level,Tirunelveli,627117,8.397798,77.594768,Govt of Tamil Nadu - Health Dept,Government of Tamil Nadu,24/7
0229,"Government Hospital, Navaladi",Government District / Taluk Hospital,District / Secondary Referral Level,Tirunelveli,627659,8.257728,77.824472,Govt of Tamil Nadu - Health Dept,Government of Tamil Nadu,24/7
0230,"Government Hospital, Kulaseram",Government District / Taluk Hospital,District / Secondary Referral Level,Kanyakumari,629153,8.372362,77.299362,Govt of Tamil Nadu - Health Dept,Government of Tamil Nadu,24/7
0231,"PHC, Kannanoor",Primary Health Centre (PHC),Primary Level (PHC Medical Officer & VHN Supervisor),Kanyakumari,629158,8.29243,77.287569,Govt of Tamil Nadu - Health Dept,Government of Tamil Nadu,08:00-16:00 (Standard PHC/HSC)
0232,Muttom PHC,Primary Health Centre (PHC),Primary Level (PHC Medical Officer & VHN Supervisor),Kanyakumari,629202,8.129738,77.31762,Govt of Tamil Nadu - Health Dept,Government of Tamil Nadu,08:00-16:00 (Standard PHC/HSC)
0233,"PHC, Kottaram",Primary Health Centre (PHC),Primary Level (PHC Medical Officer & VHN Supervisor),Kanyakumari,629703,8.117733,77.527766,Govt of Tamil Nadu - Health Dept,Government of Tamil Nadu,08:00-16:00 (Standard PHC/HSC)
0234,"PHC, Naduvoorkarai",Primary Health Centre (PHC),Primary Level (PHC Medical Officer & VHN Supervisor),Kanyakumari,629252,8.163374,77.300211,Govt of Tamil Nadu - Health Dept,Government of Tamil Nadu,08:00-16:00 (Standard PHC/HSC)
0235,Unnamalaikadai PHC,Primary Health Centre (PHC),Primary Level (PHC Medical Officer & VHN Supervisor),Kanyakumari,629179,8.295573,77.249967,Govt of Tamil Nadu - Health Dept,Government of Tamil Nadu,08:00-16:00 (Standard PHC/HSC)
0236,Thengaipattinam PHC,Primary Health Centre (PHC),Primary Level (PHC Medical Officer & VHN Supervisor),Kanyakumari,629173,8.238143,77.172468,Govt of Tamil Nadu - Health Dept,Government of Tamil Nadu,08:00-16:00 (Standard PHC/HSC)
0237,Thisayanvilai PHC,Primary Health Centre (PHC),Primary Level (PHC Medical Officer & VHN Supervisor),Tirunelveli,627657,8.339957,77.866619,Govt of Tamil Nadu - Health Dept,Government of Tamil Nadu,08:00-16:00 (Standard PHC/HSC)
0238,"Government Hospital, Karungal",Government District / Taluk Hospital,District / Secondary Referral Level,Kanyakumari,629157,8.22933,77.241383,Govt of Tamil Nadu - Health Dept,Government of Tamil Nadu,24/7
0239,Thadikarankonam PHC,Primary Health Centre (PHC),Primary Level (PHC Medical Officer & VHN Supervisor),Kanyakumari,629851,8.330097,77.41613,Govt of Tamil Nadu - Health Dept,Government of Tamil Nadu,08:00-16:00 (Standard PHC/HSC)
0240,Palliyadi PHC,Primary Health Centre (PHC),Primary Level (PHC Medical Officer & VHN Supervisor),Kanyakumari,629157,8.265153,77.259047,Govt of Tamil Nadu - Health Dept,Government of Tamil Nadu,08:00-16:00 (Standard PHC/HSC)
0241,Pechiparai PHC,Primary Health Centre (PHC),Primary Level (PHC Medical Officer & VHN Supervisor),Kanyakumari,629161,8.438696,77.309161,Govt of Tamil Nadu - Health Dept,Government of Tamil Nadu,08:00-16:00 (Standard PHC/HSC)
0242,"Vadakkankulam,Government hospital",Government District / Taluk Hospital,District / Secondary Referral Level,Tirunelveli,627116,8.263392,77.609788,Govt of Tamil Nadu - Health Dept,Government of Tamil Nadu,24/7
0243,"PHC, Aralvaimozhi",Primary Health Centre (PHC),Primary Level (PHC Medical Officer & VHN Supervisor),Kanyakumari,627105,8.255952,77.521791,Govt of Tamil Nadu - Health Dept,Government of Tamil Nadu,08:00-16:00 (Standard PHC/HSC)
0244,"PHC, Edaicode",Primary Health Centre (PHC),Primary Level (PHC Medical Officer & VHN Supervisor),Kanyakumari,629152,8.370975,77.199075,Govt of Tamil Nadu - Health Dept,Government of Tamil Nadu,08:00-16:00 (Standard PHC/HSC)
0245,Thiruvithancode PHC,Primary Health Centre (PHC),Primary Level (PHC Medical Officer & VHN Supervisor),Kanyakumari,629174,8.249323,77.3013,Govt of Tamil Nadu - Health Dept,Government of Tamil Nadu,08:00-16:00 (Standard PHC/HSC)
0246,"PHC, Kayamozhi",Primary Health Centre (PHC),Primary Level (PHC Medical Officer & VHN Supervisor),Thoothukudi,628205,8.51169,78.046478,Govt of Tamil Nadu - Health Dept,Government of Tamil Nadu,08:00-16:00 (Standard PHC/HSC)
0247,"PHC, Kollamkode",Primary Health Centre (PHC),Primary Level (PHC Medical Officer & VHN Supervisor),Kanyakumari,629160,8.286837,77.10891,Govt of Tamil Nadu - Health Dept,Government of Tamil Nadu,08:00-16:00 (Standard PHC/HSC)
0248,"Government Hospital, Nanguneri",Government District / Taluk Hospital,District / Secondary Referral Level,Tirunelveli,627108,8.491056,77.659546,Govt of Tamil Nadu - Health Dept,Government of Tamil Nadu,24/7
0249,"Government Hospital, Radhapuram",Government District / Taluk Hospital,District / Secondary Referral Level,Tirunelveli,627657,8.268576,77.686448,Govt of Tamil Nadu - Health Dept,Government of Tamil Nadu,24/7
0250,Pathukani PHC,Primary Health Centre (PHC),Primary Level (PHC Medical Officer & VHN Supervisor),Kanyakumari,629101,8.476186,77.227352,Govt of Tamil Nadu - Health Dept,Government of Tamil Nadu,08:00-16:00 (Standard PHC/HSC)
0251,Singaleyarpuri PHC,Primary Health Centre (PHC),Primary Level (PHC Medical Officer & VHN Supervisor),Kanyakumari,629602,8.109868,77.461849,Govt of Tamil Nadu - Health Dept,Government of Tamil Nadu,08:00-16:00 (Standard PHC/HSC)
0252,"Government Hospital, Kuttakuzhi",Government District / Taluk Hospital,District / Secondary Referral Level,Kanyakumari,629179,8.31212,77.261791,Govt of Tamil Nadu - Health Dept,Government of Tamil Nadu,24/7
0253,Vattavilai Government Hospital,Government District / Taluk Hospital,District / Secondary Referral Level,Kanyakumari,629002,8.161299,77.438286,Govt of Tamil Nadu - Health Dept,Government of Tamil Nadu,24/7
0254,Kaliakkavilai PHC,Primary Health Centre (PHC),Primary Level (PHC Medical Officer & VHN Supervisor),Kanyakumari,629163,8.324533,77.18643,Govt of Tamil Nadu - Health Dept,Government of Tamil Nadu,08:00-16:00 (Standard PHC/HSC)
0255,"PHC, Arumanallur",Primary Health Centre (PHC),Primary Level (PHC Medical Officer & VHN Supervisor),Kanyakumari,629853,8.320917,77.40718,Govt of Tamil Nadu - Health Dept,Government of Tamil Nadu,08:00-16:00 (Standard PHC/HSC)
0256,Thirukkurungudi Upgraded PHC,Primary Health Centre (PHC),Primary Level (PHC Medical Officer & VHN Supervisor),Tirunelveli,627102,8.435226,77.562262,Govt of Tamil Nadu - Health Dept,Government of Tamil Nadu,08:00-16:00 (Standard PHC/HSC)
0257,Thoothoor PHC,Primary Health Centre (PHC),Primary Level (PHC Medical Officer & VHN Supervisor),Kanyakumari,629176,8.260502,77.145525,Govt of Tamil Nadu - Health Dept,Government of Tamil Nadu,08:00-16:00 (Standard PHC/HSC)
0258,"Government Hospital, Mudalur",Government District / Taluk Hospital,District / Secondary Referral Level,Thoothukudi,628702,8.421419,77.942626,Govt of Tamil Nadu - Health Dept,Government of Tamil Nadu,24/7
0259,Padukkapathu Government Hospital,Government District / Taluk Hospital,District / Secondary Referral Level,Thoothukudi,628703,8.365486,77.981655,Govt of Tamil Nadu - Health Dept,Government of Tamil Nadu,24/7
0260,Padhmanabapuram Government Hospital,Government District / Taluk Hospital,District / Secondary Referral Level,Kanyakumari,629175,8.247731,77.313351,Govt of Tamil Nadu - Health Dept,Government of Tamil Nadu,24/7
0261,"PHC, Anandapuram",Primary Health Centre (PHC),Primary Level (PHC Medical Officer & VHN Supervisor),Thoothukudi,628701,8.502346,77.938367,Govt of Tamil Nadu - Health Dept,Government of Tamil Nadu,08:00-16:00 (Standard PHC/HSC)
0262,Paramankurichi PHC,Primary Health Centre (PHC),Primary Level (PHC Medical Officer & VHN Supervisor),Thoothukudi,628213,8.482761,78.043119,Govt of Tamil Nadu - Health Dept,Government of Tamil Nadu,08:00-16:00 (Standard PHC/HSC)
0263,Uvari PHC,Primary Health Centre (PHC),Primary Level (PHC Medical Officer & VHN Supervisor),Tirunelveli,627658,8.279138,77.887682,Govt of Tamil Nadu - Health Dept,Government of Tamil Nadu,08:00-16:00 (Standard PHC/HSC)
0264,Megnanapuram PHC,Primary Health Centre (PHC),Primary Level (PHC Medical Officer & VHN Supervisor),Thoothukudi,628210,8.472054,77.998653,Govt of Tamil Nadu - Health Dept,Government of Tamil Nadu,08:00-16:00 (Standard PHC/HSC)
0265,"Government Hospital, Kuzhithurai",Government District / Taluk Hospital,District / Secondary Referral Level,Kanyakumari,629165,8.310425,77.212382,Govt of Tamil Nadu - Health Dept,Government of Tamil Nadu,24/7
0266,"Government Hospital, Koodangulam",Government District / Taluk Hospital,District / Secondary Referral Level,Tirunelveli,627106,8.201218,77.710848,Govt of Tamil Nadu - Health Dept,Government of Tamil Nadu,24/7
0267,"Government Hospital, Arumanai",Government District / Taluk Hospital,District / Secondary Referral Level,Kanyakumari,629151,8.362706,77.237718,Govt of Tamil Nadu - Health Dept,Government of Tamil Nadu,24/7
0268,"PHC, Azhagappapuram",Primary Health Centre (PHC),Primary Level (PHC Medical Officer & VHN Supervisor),Kanyakumari,629401,8.153067,77.543229,Govt of Tamil Nadu - Health Dept,Government of Tamil Nadu,08:00-16:00 (Standard PHC/HSC)
0269,Colachel UPHC,Urban Primary Health Centre (UPHC),Urban Primary Level (USHA Base),Kanyakumari,629251,8.17433,77.250099,Govt of Tamil Nadu - Health Dept,Government of Tamil Nadu,08:00-16:00 (Standard PHC/HSC)
0270,Kuzhithurai Rural PHC,Primary Health Centre (PHC),Primary Level (PHC Medical Officer & VHN Supervisor),Kanyakumari,629163,8.318519,77.207934,Govt of Tamil Nadu - Health Dept,Government of Tamil Nadu,08:00-16:00 (Standard PHC/HSC)
0271,Palavoor PHC,Primary Health Centre (PHC),Primary Level (PHC Medical Officer & VHN Supervisor),Tirunelveli,627121,8.204568,77.572684,Govt of Tamil Nadu - Health Dept,Government of Tamil Nadu,08:00-16:00 (Standard PHC/HSC)
0272,"Government Hospital, Eruvadi",Government District / Taluk Hospital,District / Secondary Referral Level,Tirunelveli,627115,8.433534,77.600642,Govt of Tamil Nadu - Health Dept,Government of Tamil Nadu,24/7
0273,"UPHC, Killiyur",Urban Primary Health Centre (UPHC),Urban Primary Level (USHA Base),Kanyakumari,629157,8.268241,77.215134,Govt of Tamil Nadu - Health Dept,Government of Tamil Nadu,08:00-16:00 (Standard PHC/HSC)
0274,"PHC, Chenbagaramanputhoor",Primary Health Centre (PHC),Primary Level (PHC Medical Officer & VHN Supervisor),Kanyakumari,627105,8.249643,77.49086,Govt of Tamil Nadu - Health Dept,Government of Tamil Nadu,08:00-16:00 (Standard PHC/HSC)
0275,Arasu Aaramba Sugaadhaara Nilaiyam - Therkku Vijaya Narayanam,Primary Health Centre (PHC),Primary Level (PHC Medical Officer & VHN Supervisor),Tirunelveli,627110,8.400367,77.763738,Unspecified,Unspecified,08:00-16:00 (Standard PHC/HSC)
0276,Olavilai PHC,Primary Health Centre (PHC),Primary Level (PHC Medical Officer & VHN Supervisor),Kanyakumari,629702,8.246499,77.25725,Govt of Tamil Nadu - Health Dept,Government of Tamil Nadu,08:00-16:00 (Standard PHC/HSC)
0277,"PHC, Kurunthencode",Primary Health Centre (PHC),Primary Level (PHC Medical Officer & VHN Supervisor),Kanyakumari,629809,8.176742,77.338822,Govt of Tamil Nadu - Health Dept,Government of Tamil Nadu,08:00-16:00 (Standard PHC/HSC)
0278,Munchirai PHC,Primary Health Centre (PHC),Primary Level (PHC Medical Officer & VHN Supervisor),Kanyakumari,629172,8.286758,77.176738,Govt of Tamil Nadu - Health Dept,Government of Tamil Nadu,08:00-16:00 (Standard PHC/HSC)
0279,Pitchivilai PHC,Primary Health Centre (PHC),Primary Level (PHC Medical Officer & VHN Supervisor),Thoothukudi,628703,8.481098,78.069744,Govt of Tamil Nadu - Health Dept,Government of Tamil Nadu,08:00-16:00 (Standard PHC/HSC)
0280,"PHC, Chettikulam",Primary Health Centre (PHC),Primary Level (PHC Medical Officer & VHN Supervisor),Tirunelveli,627127,8.154631,77.613407,Govt of Tamil Nadu - Health Dept,Government of Tamil Nadu,08:00-16:00 (Standard PHC/HSC)
0281,"PHC, Arudesam",Primary Health Centre (PHC),Primary Level (PHC Medical Officer & VHN Supervisor),Kanyakumari,629172,8.302021,77.162021,Govt of Tamil Nadu - Health Dept,Government of Tamil Nadu,08:00-16:00 (Standard PHC/HSC)
0282,"Government Hospital, Seynamvilai",Government District / Taluk Hospital,District / Secondary Referral Level,Kanyakumari,629804,8.208495,77.27842,Govt of Tamil Nadu - Health Dept,Government of Tamil Nadu,24/7
0283,Surulode PHC,Primary Health Centre (PHC),Primary Level (PHC Medical Officer & VHN Supervisor),Kanyakumari,629161,8.335944,77.37547,Govt of Tamil Nadu - Health Dept,Government of Tamil Nadu,08:00-16:00 (Standard PHC/HSC)
0284,"PHC, Kulasekarapattinam",Primary Health Centre (PHC),Primary Level (PHC Medical Officer & VHN Supervisor),Thoothukudi,628206,8.40095,78.05321,Govt of Tamil Nadu - Health Dept,Government of Tamil Nadu,08:00-16:00 (Standard PHC/HSC)
0285,"Government Hospital, Colachal",Government District / Taluk Hospital,District / Secondary Referral Level,Kanyakumari,629251,8.178359,77.257848,Govt of Tamil Nadu - Health Dept,Government of Tamil Nadu,24/7
0286,"Government Taluk Headquarters Hospital, Boothapandy",Government District / Taluk Hospital,District / Secondary Referral Level,Kanyakumari,629852,8.264715,77.443976,Govt of Tamil Nadu - Health Dept,Government of Tamil Nadu,24/7
0287,"PHC, Kothanallur",Primary Health Centre (PHC),Primary Level (PHC Medical Officer & VHN Supervisor),Kanyakumari,629166,8.283213,77.306454,Govt of Tamil Nadu - Health Dept,Government of Tamil Nadu,08:00-16:00 (Standard PHC/HSC)
0288,"PHC, Ganapathipuram",Primary Health Centre (PHC),Primary Level (PHC Medical Officer & VHN Supervisor),Kanyakumari,629502,8.131871,77.357598,Govt of Tamil Nadu - Health Dept,Government of Tamil Nadu,08:00-16:00 (Standard PHC/HSC)
0289,Marungoor PHC,Primary Health Centre (PHC),Primary Level (PHC Medical Officer & VHN Supervisor),Kanyakumari,629402,8.185481,77.499532,Govt of Tamil Nadu - Health Dept,Government of Tamil Nadu,08:00-16:00 (Standard PHC/HSC)
0290,"Government Hospital, Sathankulam",Government District / Taluk Hospital,District / Secondary Referral Level,Thoothukudi,628702,8.443092,77.909638,Govt of Tamil Nadu - Health Dept,Government of Tamil Nadu,24/7
0291,Chinnasalem Government Hospital,Government District / Taluk Hospital,District / Secondary Referral Level,Viluppuram,606201,11.628443,78.868803,Govt of Tamil Nadu - Health Dept,Government of Tamil Nadu,24/7
0292,Sathur Government Hospital,Government District / Taluk Hospital,District / Secondary Referral Level,Virudhunagar,626203,9.353151,77.920013,Govt of Tamil Nadu - Health Dept,Government of Tamil Nadu,24/7
0293,Manamadurai Government Hospital,Government District / Taluk Hospital,District / Secondary Referral Level,Sivaganga,630606,9.694313,78.459232,Govt of Tamil Nadu - Health Dept,Government of Tamil Nadu,24/7
0294,"Government Hospital, Sivagiri",Government District / Taluk Hospital,District / Secondary Referral Level,Tirunelveli,627757,9.34713,77.433228,Govt of Tamil Nadu - Health Dept,Government of Tamil Nadu,24/7
0295,"PHC, Chittarkottai",Primary Health Centre (PHC),Primary Level (PHC Medical Officer & VHN Supervisor),Ramanathapuram,623513,9.428512,78.896889,Govt of Tamil Nadu - Health Dept,Government of Tamil Nadu,08:00-16:00 (Standard PHC/HSC)
0296,Theriruveli PHC,Primary Health Centre (PHC),Primary Level (PHC Medical Officer & VHN Supervisor),Ramanathapuram,623712,9.321295,78.616394,Govt of Tamil Nadu - Health Dept,Government of Tamil Nadu,08:00-16:00 (Standard PHC/HSC)
0297,"PHC, Kavanur",Primary Health Centre (PHC),Primary Level (PHC Medical Officer & VHN Supervisor),Ramanathapuram,623501,9.420294,78.802927,Govt of Tamil Nadu - Health Dept,Government of Tamil Nadu,08:00-16:00 (Standard PHC/HSC)
0298,"PHC, Gopalapuram",Primary Health Centre (PHC),Primary Level (PHC Medical Officer & VHN Supervisor),Virudhunagar,626112,9.547301,78.088906,Govt of Tamil Nadu - Health Dept,Government of Tamil Nadu,08:00-16:00 (Standard PHC/HSC)
0299,Rediyarpatti PHC,Primary Health Centre (PHC),Primary Level (PHC Medical Officer & VHN Supervisor),Tirunelveli,627753,9.31294,77.554704,Govt of Tamil Nadu - Health Dept,Government of Tamil Nadu,08:00-16:00 (Standard PHC/HSC)
0300,Paramakudi PHC,Primary Health Centre (PHC),Primary Level (PHC Medical Officer & VHN Supervisor),Ramanathapuram,623707,9.543947,78.587688,Govt of Tamil Nadu - Health Dept,Government of Tamil Nadu,08:00-16:00 (Standard PHC/HSC)
0301,TP Mills Road UPHC,Urban Primary Health Centre (UPHC),Urban Primary Level (USHA Base),Virudhunagar,626117,9.451365,77.560162,Govt of Tamil Nadu - Health Dept,Government of Tamil Nadu,08:00-16:00 (Standard PHC/HSC)
0302,"Government Hospital, Srivilliputhur",Government District / Taluk Hospital,District / Secondary Referral Level,Virudhunagar,626125,9.513567,77.632621,Govt of Tamil Nadu - Health Dept,Government of Tamil Nadu,24/7
0303,"Government Hospital, Kallamanaickanpatti",Government District / Taluk Hospital,District / Secondary Referral Level,Virudhunagar,626131,9.377606,77.710257,Govt of Tamil Nadu - Health Dept,Government of Tamil Nadu,24/7
0304,"PHC, Kalloorani",Primary Health Centre (PHC),Primary Level (PHC Medical Officer & VHN Supervisor),Virudhunagar,626105,9.471384,78.162148,Govt of Tamil Nadu - Health Dept,Government of Tamil Nadu,08:00-16:00 (Standard PHC/HSC)
0305,"PHC, Ariyankottai",Primary Health Centre (PHC),Primary Level (PHC Medical Officer & VHN Supervisor),Ramanathapuram,623525,9.56987,78.794666,Govt of Tamil Nadu - Health Dept,Government of Tamil Nadu,08:00-16:00 (Standard PHC/HSC)
0306,"PHC, Alamarathupatti",Primary Health Centre (PHC),Primary Level (PHC Medical Officer & VHN Supervisor),Virudhunagar,626130,9.467328,77.838203,Govt of Tamil Nadu - Health Dept,Government of Tamil Nadu,08:00-16:00 (Standard PHC/HSC)
0307,Palavanatham PHC,Primary Health Centre (PHC),Primary Level (PHC Medical Officer & VHN Supervisor),Virudhunagar,626004,9.553758,78.009141,Govt of Tamil Nadu - Health Dept,Government of Tamil Nadu,08:00-16:00 (Standard PHC/HSC)
0308,"PHC, Devipattinam",Primary Health Centre (PHC),Primary Level (PHC Medical Officer & VHN Supervisor),Tirunelveli,627757,9.367528,77.426397,Govt of Tamil Nadu - Health Dept,Government of Tamil Nadu,08:00-16:00 (Standard PHC/HSC)
0309,"PHC, Kottaiyur",Primary Health Centre (PHC),Primary Level (PHC Medical Officer & VHN Supervisor),Virudhunagar,626149,9.651549,77.702123,Govt of Tamil Nadu - Health Dept,Government of Tamil Nadu,08:00-16:00 (Standard PHC/HSC)
0310,Pamban PHC,Primary Health Centre (PHC),Primary Level (PHC Medical Officer & VHN Supervisor),Ramanathapuram,623521,9.285286,79.217892,Govt of Tamil Nadu - Health Dept,Government of Tamil Nadu,08:00-16:00 (Standard PHC/HSC)
0311,"Government Hospital, Keelathooval",Government District / Taluk Hospital,District / Secondary Referral Level,Ramanathapuram,623712,9.419249,78.550995,Govt of Tamil Nadu - Health Dept,Government of Tamil Nadu,24/7
0312,Munaivendri PHC,Primary Health Centre (PHC),Primary Level (PHC Medical Officer & VHN Supervisor),Sivaganga,630702,9.604072,78.565073,Govt of Tamil Nadu - Health Dept,Government of Tamil Nadu,08:00-16:00 (Standard PHC/HSC)
0313,"PHC, Mallankinaru",Primary Health Centre (PHC),Primary Level (PHC Medical Officer & VHN Supervisor),Virudhunagar,626001,9.60102,78.06081,Govt of Tamil Nadu - Health Dept,Government of Tamil Nadu,08:00-16:00 (Standard PHC/HSC)
0314,Kalingapatti PHC,Primary Health Centre (PHC),Primary Level (PHC Medical Officer & VHN Supervisor),Tirunelveli,627724,9.279949,77.622772,Govt of Tamil Nadu - Health Dept,Government of Tamil Nadu,08:00-16:00 (Standard PHC/HSC)
0315,Ramasamypatti PHC,Primary Health Centre (PHC),Primary Level (PHC Medical Officer & VHN Supervisor),Ramanathapuram,623603,9.391693,78.263782,Govt of Tamil Nadu - Health Dept,Government of Tamil Nadu,08:00-16:00 (Standard PHC/HSC)
0316,"PHC, Kovilangulam",Primary Health Centre (PHC),Primary Level (PHC Medical Officer & VHN Supervisor),Ramanathapuram,623115,9.273524,78.418918,Govt of Tamil Nadu - Health Dept,Government of Tamil Nadu,08:00-16:00 (Standard PHC/HSC)
0317,Sooranam PHC,Primary Health Centre (PHC),Primary Level (PHC Medical Officer & VHN Supervisor),Sivaganga,630713,9.693434,78.720475,Govt of Tamil Nadu - Health Dept,Government of Tamil Nadu,08:00-16:00 (Standard PHC/HSC)
0318,Paralachi PHC,Primary Health Centre (PHC),Primary Level (PHC Medical Officer & VHN Supervisor),Virudhunagar,626114,9.339128,78.281551,Govt of Tamil Nadu - Health Dept,Government of Tamil Nadu,08:00-16:00 (Standard PHC/HSC)
0319,T.Managaseri PHC,Primary Health Centre (PHC),Primary Level (PHC Medical Officer & VHN Supervisor),Virudhunagar,626141,9.500991,77.722527,Govt of Tamil Nadu - Health Dept,Government of Tamil Nadu,08:00-16:00 (Standard PHC/HSC)
0320,"Government Hospital, Gudalur",Government District / Taluk Hospital,District / Secondary Referral Level,Theni,625518,9.67647,77.240587,Govt of Tamil Nadu - Health Dept,Government of Tamil Nadu,24/7
0321,"Government primary health centre, Thiru UthiragosaMangai",Primary Health Centre (PHC),Primary Level (PHC Medical Officer & VHN Supervisor),Ramanathapuram,623533,9.314482,78.748506,Govt of Tamil Nadu - Health Dept,Government of Tamil Nadu,08:00-16:00 (Standard PHC/HSC)
0322,"PHC, Nainarkoil",Primary Health Centre (PHC),Primary Level (PHC Medical Officer & VHN Supervisor),Ramanathapuram,623705,9.545846,78.689304,Govt of Tamil Nadu - Health Dept,Government of Tamil Nadu,08:00-16:00 (Standard PHC/HSC)
0323,Uchipuli PHC,Primary Health Centre (PHC),Primary Level (PHC Medical Officer & VHN Supervisor),Ramanathapuram,623534,9.310066,79.017395,Govt of Tamil Nadu - Health Dept,Government of Tamil Nadu,08:00-16:00 (Standard PHC/HSC)
0324,Ramanathapuram Government Hospital,Government District / Taluk Hospital,District / Secondary Referral Level,Ramanathapuram,623501,9.363491,78.831889,Govt of Tamil Nadu - Health Dept,Government of Tamil Nadu,24/7
0325,"PHC, Kilavikulam",Primary Health Centre (PHC),Primary Level (PHC Medical Officer & VHN Supervisor),Virudhunagar,626139,9.361175,77.590096,Govt of Tamil Nadu - Health Dept,Government of Tamil Nadu,08:00-16:00 (Standard PHC/HSC)
0326,Thayilpatti PHC,Primary Health Centre (PHC),Primary Level (PHC Medical Officer & VHN Supervisor),Virudhunagar,626128,9.372804,77.802699,Govt of Tamil Nadu - Health Dept,Government of Tamil Nadu,08:00-16:00 (Standard PHC/HSC)
0327,Venkitankurichi PHC,Primary Health Centre (PHC),Primary Level (PHC Medical Officer & VHN Supervisor),Ramanathapuram,623712,9.491198,78.599927,Govt of Tamil Nadu - Health Dept,Government of Tamil Nadu,08:00-16:00 (Standard PHC/HSC)
0328,Sholandur PHC,Primary Health Centre (PHC),Primary Level (PHC Medical Officer & VHN Supervisor),Ramanathapuram,623537,9.562413,78.861973,Govt of Tamil Nadu - Health Dept,Government of Tamil Nadu,08:00-16:00 (Standard PHC/HSC)
0329,Veerasolan PHC,Primary Health Centre (PHC),Primary Level (PHC Medical Officer & VHN Supervisor),Virudhunagar,626612,9.549998,78.364121,Govt of Tamil Nadu - Health Dept,Government of Tamil Nadu,08:00-16:00 (Standard PHC/HSC)
0330,Pambur PHC,Primary Health Centre (PHC),Primary Level (PHC Medical Officer & VHN Supervisor),Ramanathapuram,623703,9.460442,78.565164,Govt of Tamil Nadu - Health Dept,Government of Tamil Nadu,08:00-16:00 (Standard PHC/HSC)
0331,Thiruvarangam PHC,Primary Health Centre (PHC),Primary Level (PHC Medical Officer & VHN Supervisor),Ramanathapuram,623712,9.41833,78.618653,Govt of Tamil Nadu - Health Dept,Government of Tamil Nadu,08:00-16:00 (Standard PHC/HSC)
0332,Thiruppullani PHC,Primary Health Centre (PHC),Primary Level (PHC Medical Officer & VHN Supervisor),Ramanathapuram,623533,9.282338,78.82283,Govt of Tamil Nadu - Health Dept,Government of Tamil Nadu,08:00-16:00 (Standard PHC/HSC)
0333,Shivashankar Hospital & Research Cente,Government Health Facility / Clinic,Community Health Post,Virudhunagar,626001,9.590557,77.949919,Govt of Tamil Nadu - Health Dept,Government of Tamil Nadu,08:00-16:00 (Standard PHC/HSC)
0334,Mandapam Camp Government Hospital,Government District / Taluk Hospital,District / Secondary Referral Level,Ramanathapuram,623519,9.274733,79.136718,Govt of Tamil Nadu - Health Dept,Government of Tamil Nadu,24/7
0335,Thalavaipuram PHC,Primary Health Centre (PHC),Primary Level (PHC Medical Officer & VHN Supervisor),Virudhunagar,626188,9.390741,77.500505,Govt of Tamil Nadu - Health Dept,Government of Tamil Nadu,08:00-16:00 (Standard PHC/HSC)
0336,Periyapattinam Government Hospital,Government District / Taluk Hospital,District / Secondary Referral Level,Ramanathapuram,623523,9.270478,78.90276,Govt of Tamil Nadu - Health Dept,Government of Tamil Nadu,24/7
0337,"Government Hospital, Auvudaiyapuram",Government District / Taluk Hospital,District / Secondary Referral Level,Virudhunagar,626204,9.445459,77.952231,Govt of Tamil Nadu - Health Dept,Government of Tamil Nadu,24/7
0338,Government Hospital Kariapatti,Government District / Taluk Hospital,District / Secondary Referral Level,Virudhunagar,626106,9.674121,78.096252,Govt of Tamil Nadu - Health Dept,Government of Tamil Nadu,24/7
0339,Thenmalai PHC,Primary Health Centre (PHC),Primary Level (PHC Medical Officer & VHN Supervisor),Tirunelveli,627757,9.314393,77.493847,Govt of Tamil Nadu - Health Dept,Government of Tamil Nadu,08:00-16:00 (Standard PHC/HSC)
0340,Thiruppalaikudi Government Hospital,Government District / Taluk Hospital,District / Secondary Referral Level,Ramanathapuram,623531,9.544225,78.912269,Govt of Tamil Nadu - Health Dept,Government of Tamil Nadu,24/7
0341,Sevalpatti PHC,Primary Health Centre (PHC),Primary Level (PHC Medical Officer & VHN Supervisor),Virudhunagar,626140,9.306932,77.726312,Govt of Tamil Nadu - Health Dept,Government of Tamil Nadu,08:00-16:00 (Standard PHC/HSC)
0342,Manjur PHC,Primary Health Centre (PHC),Primary Level (PHC Medical Officer & VHN Supervisor),Ramanathapuram,623527,9.459268,78.649745,Govt of Tamil Nadu - Health Dept,Government of Tamil Nadu,08:00-16:00 (Standard PHC/HSC)
0343,"PHC, M.Pudupatti",Primary Health Centre (PHC),Primary Level (PHC Medical Officer & VHN Supervisor),Virudhunagar,626130,9.54328,77.779404,Govt of Tamil Nadu - Health Dept,Government of Tamil Nadu,08:00-16:00 (Standard PHC/HSC)
0344,"Government Hospital, Kilavikulam",Government District / Taluk Hospital,District / Secondary Referral Level,Viluppuram,626139,9.361192,77.591199,Govt of Tamil Nadu - Health Dept,Government of Tamil Nadu,24/7
0345,"Primary Health Centre, Peraiyur",Primary Health Centre (PHC),Primary Level (PHC Medical Officer & VHN Supervisor),Ramanathapuram,623608,9.356957,78.453397,Govt of Tamil Nadu - Health Dept,Government of Tamil Nadu,08:00-16:00 (Standard PHC/HSC)
0346,Thiruthangal Government Hospital,Government District / Taluk Hospital,District / Secondary Referral Level,Virudhunagar,626130,9.48809,77.814176,Govt of Tamil Nadu - Health Dept,Government of Tamil Nadu,24/7
0347,Melakodumalur PHC,Primary Health Centre (PHC),Primary Level (PHC Medical Officer & VHN Supervisor),Ramanathapuram,623704,9.484761,78.469781,Govt of Tamil Nadu - Health Dept,Government of Tamil Nadu,08:00-16:00 (Standard PHC/HSC)
0348,Watrap Government Hospital,Government District / Taluk Hospital,District / Secondary Referral Level,Virudhunagar,626132,9.640158,77.635444,Govt of Tamil Nadu - Health Dept,Government of Tamil Nadu,24/7
0349,"PHC, M.Reddiyapatti",Primary Health Centre (PHC),Primary Level (PHC Medical Officer & VHN Supervisor),Virudhunagar,626118,9.417148,78.211085,Govt of Tamil Nadu - Health Dept,Government of Tamil Nadu,08:00-16:00 (Standard PHC/HSC)
0350,Regunathapuram PHC,Primary Health Centre (PHC),Primary Level (PHC Medical Officer & VHN Supervisor),Ramanathapuram,623523,9.295546,78.923261,Govt of Tamil Nadu - Health Dept,Government of Tamil Nadu,08:00-16:00 (Standard PHC/HSC)
0351,"PHC, Chatrapatti",Primary Health Centre (PHC),Primary Level (PHC Medical Officer & VHN Supervisor),Virudhunagar,626102,9.414142,77.597251,Govt of Tamil Nadu - Health Dept,Government of Tamil Nadu,08:00-16:00 (Standard PHC/HSC)
0352,"PHC, Erichanatham",Primary Health Centre (PHC),Primary Level (PHC Medical Officer & VHN Supervisor),Virudhunagar,626103,9.623869,77.815266,Govt of Tamil Nadu - Health Dept,Government of Tamil Nadu,08:00-16:00 (Standard PHC/HSC)
0353,Pudumadam PHC,Primary Health Centre (PHC),Primary Level (PHC Medical Officer & VHN Supervisor),Ramanathapuram,623524,9.273642,78.995008,Govt of Tamil Nadu - Health Dept,Government of Tamil Nadu,08:00-16:00 (Standard PHC/HSC)
0354,Melaramanathi PHC,Primary Health Centre (PHC),Primary Level (PHC Medical Officer & VHN Supervisor),Ramanathapuram,623603,9.40521,78.289634,Govt of Tamil Nadu - Health Dept,Government of Tamil Nadu,08:00-16:00 (Standard PHC/HSC)
0355,"PHC, Ezhaiyirampannai",Primary Health Centre (PHC),Primary Level (PHC Medical Officer & VHN Supervisor),Virudhunagar,626201,9.26847,77.832356,Govt of Tamil Nadu - Health Dept,Government of Tamil Nadu,08:00-16:00 (Standard PHC/HSC)
0356,"PHC, M.Subbulapuram",Primary Health Centre (PHC),Primary Level (PHC Medical Officer & VHN Supervisor),Madurai,625703,9.676582,77.808115,Govt of Tamil Nadu - Health Dept,Government of Tamil Nadu,08:00-16:00 (Standard PHC/HSC)
0357,"PHC, Kattanur",Primary Health Centre (PHC),Primary Level (PHC Medical Officer & VHN Supervisor),Virudhunagar,626607,9.672393,78.325427,Govt of Tamil Nadu - Health Dept,Government of Tamil Nadu,08:00-16:00 (Standard PHC/HSC)
0358,P.A.C. Ramasamy Raja Memorial Government Hospital,Government District / Taluk Hospital,District / Secondary Referral Level,Virudhunagar,626117,9.437775,77.537365,Govt of Tamil Nadu - Health Dept,Government of Tamil Nadu,24/7
0359,"Government Hospital, Mamsapuram",Government District / Taluk Hospital,District / Secondary Referral Level,Virudhunagar,626125,9.505238,77.601845,Govt of Tamil Nadu - Health Dept,Government of Tamil Nadu,24/7
0360,Rayagiri PHC,Primary Health Centre (PHC),Primary Level (PHC Medical Officer & VHN Supervisor),Tirunelveli,627764,9.303713,77.444245,Govt of Tamil Nadu - Health Dept,Government of Tamil Nadu,08:00-16:00 (Standard PHC/HSC)
0361,"PHC, Krishnapperi",Primary Health Centre (PHC),Primary Level (PHC Medical Officer & VHN Supervisor),Virudhunagar,626138,9.518496,77.72928,Govt of Tamil Nadu - Health Dept,Government of Tamil Nadu,08:00-16:00 (Standard PHC/HSC)
0362,"Government Hospital, Chokkanathan Pudur",Government District / Taluk Hospital,District / Secondary Referral Level,Virudhunagar,626121,9.360978,77.457859,Govt of Tamil Nadu - Health Dept,Government of Tamil Nadu,24/7
0363,"Government Hospital, Malaipatti",Government District / Taluk Hospital,District / Secondary Referral Level,Virudhunagar,626004,9.485104,78.001496,Govt of Tamil Nadu - Health Dept,Government of Tamil Nadu,24/7
0364,"Government Hospital, Kunnur",Government District / Taluk Hospital,District / Secondary Referral Level,Virudhunagar,626126,9.586515,77.699382,Govt of Tamil Nadu - Health Dept,Government of Tamil Nadu,24/7
0365,Pandalkudi Government Hospital,Government District / Taluk Hospital,District / Secondary Referral Level,Virudhunagar,626113,9.389392,78.103515,Govt of Tamil Nadu - Health Dept,Government of Tamil Nadu,24/7
0366,Parthibanur PHC,Primary Health Centre (PHC),Primary Level (PHC Medical Officer & VHN Supervisor),Ramanathapuram,623608,9.579846,78.450549,Govt of Tamil Nadu - Health Dept,Government of Tamil Nadu,08:00-16:00 (Standard PHC/HSC)
0367,Panaikulam Government Hospital,Government District / Taluk Hospital,District / Secondary Referral Level,Ramanathapuram,623522,9.366287,78.949922,Govt of Tamil Nadu - Health Dept,Government of Tamil Nadu,24/7
0368,"PHC, Kannicheriputhur",Primary Health Centre (PHC),Primary Level (PHC Medical Officer & VHN Supervisor),Virudhunagar,626204,9.469488,77.909804,Govt of Tamil Nadu - Health Dept,Government of Tamil Nadu,08:00-16:00 (Standard PHC/HSC)
0369,R.S.Mangalam PHC,Primary Health Centre (PHC),Primary Level (PHC Medical Officer & VHN Supervisor),Ramanathapuram,623525,9.638467,78.860271,Govt of Tamil Nadu - Health Dept,Government of Tamil Nadu,08:00-16:00 (Standard PHC/HSC)
0370,Government Hospital Kamuthi,Government District / Taluk Hospital,District / Secondary Referral Level,Ramanathapuram,623603,9.415876,78.365962,Govt of Tamil Nadu - Health Dept,Government of Tamil Nadu,24/7
0371,"Government Hospital, Ilayankudi",Government District / Taluk Hospital,District / Secondary Referral Level,Sivaganga,630702,9.629218,78.627367,Govt of Tamil Nadu - Health Dept,Government of Tamil Nadu,24/7
0372,Thamaraikulam PHC,Primary Health Centre (PHC),Primary Level (PHC Medical Officer & VHN Supervisor),Ramanathapuram,623532,9.293101,78.975199,Govt of Tamil Nadu - Health Dept,Government of Tamil Nadu,08:00-16:00 (Standard PHC/HSC)
0373,"PHC, Bogalur",Primary Health Centre (PHC),Primary Level (PHC Medical Officer & VHN Supervisor),Ramanathapuram,623527,9.410027,78.698297,Govt of Tamil Nadu - Health Dept,Government of Tamil Nadu,08:00-16:00 (Standard PHC/HSC)
0374,Senkundrapuram PHC,Primary Health Centre (PHC),Primary Level (PHC Medical Officer & VHN Supervisor),Virudhunagar,626103,9.620742,77.874497,Govt of Tamil Nadu - Health Dept,Government of Tamil Nadu,08:00-16:00 (Standard PHC/HSC)
0375,Thangachimadam PHC,Primary Health Centre (PHC),Primary Level (PHC Medical Officer & VHN Supervisor),Ramanathapuram,623529,9.284398,79.255376,Govt of Tamil Nadu - Health Dept,Government of Tamil Nadu,08:00-16:00 (Standard PHC/HSC)
0376,"Government Hospital, Kalkurichi",Government District / Taluk Hospital,District / Secondary Referral Level,Virudhunagar,626104,9.602451,78.095181,Govt of Tamil Nadu - Health Dept,Government of Tamil Nadu,24/7
0377,"Government Hospital, Appanur",Government District / Taluk Hospital,District / Secondary Referral Level,Ramanathapuram,623703,9.264314,78.483371,Govt of Tamil Nadu - Health Dept,Government of Tamil Nadu,24/7
0378,Srivilliputhur PHC,Primary Health Centre (PHC),Primary Level (PHC Medical Officer & VHN Supervisor),Virudhunagar,626125,9.508088,77.634353,Govt of Tamil Nadu - Health Dept,Government of Tamil Nadu,08:00-16:00 (Standard PHC/HSC)
0379,Mudukkankulam PHC,Primary Health Centre (PHC),Primary Level (PHC Medical Officer & VHN Supervisor),Virudhunagar,626106,9.659151,78.204312,Govt of Tamil Nadu - Health Dept,Government of Tamil Nadu,08:00-16:00 (Standard PHC/HSC)
0380,"Government Hospital, Mudukulathur",Government District / Taluk Hospital,District / Secondary Referral Level,Ramanathapuram,623704,9.34924,78.515236,Govt of Tamil Nadu - Health Dept,Government of Tamil Nadu,24/7
0381,Maraneri PHC,Primary Health Centre (PHC),Primary Level (PHC Medical Officer & VHN Supervisor),Virudhunagar,626124,9.431321,77.746932,Govt of Tamil Nadu - Health Dept,Government of Tamil Nadu,08:00-16:00 (Standard PHC/HSC)
0382,P.Kodikkulam PHC,Primary Health Centre (PHC),Primary Level (PHC Medical Officer & VHN Supervisor),Ramanathapuram,623705,9.50392,78.802498,Govt of Tamil Nadu - Health Dept,Government of Tamil Nadu,08:00-16:00 (Standard PHC/HSC)
0383,Nadusurankudi PHC,Primary Health Centre (PHC),Primary Level (PHC Medical Officer & VHN Supervisor),Virudhunagar,626203,9.325401,77.871599,Govt of Tamil Nadu - Health Dept,Government of Tamil Nadu,08:00-16:00 (Standard PHC/HSC)
0384,Sithurajapuram PHC,Primary Health Centre (PHC),Primary Level (PHC Medical Officer & VHN Supervisor),Virudhunagar,626189,9.423373,77.782608,Govt of Tamil Nadu - Health Dept,Government of Tamil Nadu,08:00-16:00 (Standard PHC/HSC)
0385,Sivakasi PHC,Primary Health Centre (PHC),Primary Level (PHC Medical Officer & VHN Supervisor),Virudhunagar,626123,9.456807,77.793382,Govt of Tamil Nadu - Health Dept,Government of Tamil Nadu,08:00-16:00 (Standard PHC/HSC)
0386,"PHC, Alagapuri",Primary Health Centre (PHC),Primary Level (PHC Medical Officer & VHN Supervisor),Virudhunagar,626003,9.549262,77.931056,Govt of Tamil Nadu - Health Dept,Government of Tamil Nadu,08:00-16:00 (Standard PHC/HSC)
0387,"PHC, Naranapuram",Primary Health Centre (PHC),Primary Level (PHC Medical Officer & VHN Supervisor),Virudhunagar,626189,9.451913,77.84113,Govt of Tamil Nadu - Health Dept,Government of Tamil Nadu,08:00-16:00 (Standard PHC/HSC)
0388,"Government Hospital, Narikkudi",Government District / Taluk Hospital,District / Secondary Referral Level,Virudhunagar,626607,9.587305,78.308569,Govt of Tamil Nadu - Health Dept,Government of Tamil Nadu,24/7
0389,Puduvalasai PHC,Primary Health Centre (PHC),Primary Level (PHC Medical Officer & VHN Supervisor),Ramanathapuram,623522,9.382388,78.931744,Govt of Tamil Nadu - Health Dept,Government of Tamil Nadu,08:00-16:00 (Standard PHC/HSC)
0390,"Government Hospital, Devipattinam",Government District / Taluk Hospital,District / Secondary Referral Level,Ramanathapuram,623514,9.468521,78.891103,Govt of Tamil Nadu - Health Dept,Government of Tamil Nadu,24/7
0391,"Government Hospital, Paramakudi",Government District / Taluk Hospital,District / Secondary Referral Level,Ramanathapuram,623707,9.55488,78.575356,Govt of Tamil Nadu - Health Dept,Government of Tamil Nadu,24/7
0392,Pudur PHC,Primary Health Centre (PHC),Primary Level (PHC Medical Officer & VHN Supervisor),Thoothukudi,628905,9.288892,78.134106,Govt of Tamil Nadu - Health Dept,Government of Tamil Nadu,08:00-16:00 (Standard PHC/HSC)
0393,Sethur PHC,Primary Health Centre (PHC),Primary Level (PHC Medical Officer & VHN Supervisor),Virudhunagar,626121,9.407381,77.476642,Govt of Tamil Nadu - Health Dept,Government of Tamil Nadu,08:00-16:00 (Standard PHC/HSC)
0394,"Government Hospital, Salaigrammam",Government District / Taluk Hospital,District / Secondary Referral Level,Sivaganga,630710,9.607382,78.715131,Govt of Tamil Nadu - Health Dept,Government of Tamil Nadu,24/7
0395,"Government Hospital, Zamin Kolangondan",Government District / Taluk Hospital,District / Secondary Referral Level,Virudhunagar,626142,9.395705,77.524406,Govt of Tamil Nadu - Health Dept,Government of Tamil Nadu,24/7
0396,"Government Hospital, Nathampatti",Government District / Taluk Hospital,District / Secondary Referral Level,Virudhunagar,626138,9.600969,77.730053,Govt of Tamil Nadu - Health Dept,Government of Tamil Nadu,24/7
0397,Melasirupothu PHC,Primary Health Centre (PHC),Primary Level (PHC Medical Officer & VHN Supervisor),Ramanathapuram,623704,9.280945,78.586377,Govt of Tamil Nadu - Health Dept,Government of Tamil Nadu,08:00-16:00 (Standard PHC/HSC)
0398,Thummakundu PHC,Primary Health Centre (PHC),Primary Level (PHC Medical Officer & VHN Supervisor),Madurai,625529,9.883309,77.867782,Govt of Tamil Nadu - Health Dept,Government of Tamil Nadu,08:00-16:00 (Standard PHC/HSC)
0399,Bright Hospital,Government Health Facility / Clinic,Community Health Post,Madurai,625020,9.933019,78.139696,Govt of Tamil Nadu - Health Dept,Government of Tamil Nadu,08:00-16:00 (Standard PHC/HSC)
0400,Thedeernagar PHC,Primary Health Centre (PHC),Primary Level (PHC Medical Officer & VHN Supervisor),Madurai,625001,9.912416,78.111412,Govt of Tamil Nadu - Health Dept,Government of Tamil Nadu,08:00-16:00 (Standard PHC/HSC)
0401,Puttuthoppu PHC,Primary Health Centre (PHC),Primary Level (PHC Medical Officer & VHN Supervisor),Madurai,625016,9.931968,78.109879,Govt of Tamil Nadu - Health Dept,Government of Tamil Nadu,08:00-16:00 (Standard PHC/HSC)
0402,"PHC, Erasakkanayakanur",Primary Health Centre (PHC),Primary Level (PHC Medical Officer & VHN Supervisor),Theni,625515,9.800047,77.392935,Govt of Tamil Nadu - Health Dept,Government of Tamil Nadu,08:00-16:00 (Standard PHC/HSC)
0403,Government Hospital,Government District / Taluk Hospital,District / Secondary Referral Level,Theni,625020,9.902815,78.188301,Govt of Tamil Nadu - Health Dept,Government of Tamil Nadu,24/7
0404,"PHC, Kulamangalam",Primary Health Centre (PHC),Primary Level (PHC Medical Officer & VHN Supervisor),Sivaganga,630408,9.782163,78.736262,Govt of Tamil Nadu - Health Dept,Government of Tamil Nadu,08:00-16:00 (Standard PHC/HSC)
0405,Santhaiyur PHC,Primary Health Centre (PHC),Primary Level (PHC Medical Officer & VHN Supervisor),Madurai,625703,9.705706,77.748289,Govt of Tamil Nadu - Health Dept,Government of Tamil Nadu,08:00-16:00 (Standard PHC/HSC)
0406,"Government Hospital, Kondagai",Government District / Taluk Hospital,District / Secondary Referral Level,Sivaganga,630611,9.844083,78.185059,Govt of Tamil Nadu - Health Dept,Government of Tamil Nadu,24/7
0407,"PHC, Nattarasankottai",Primary Health Centre (PHC),Primary Level (PHC Medical Officer & VHN Supervisor),Sivaganga,630556,9.866044,78.554034,Govt of Tamil Nadu - Health Dept,Government of Tamil Nadu,08:00-16:00 (Standard PHC/HSC)
0408,"PHC, Koodakovil",Primary Health Centre (PHC),Primary Level (PHC Medical Officer & VHN Supervisor),Madurai,625022,9.758753,78.072633,Govt of Tamil Nadu - Health Dept,Government of Tamil Nadu,08:00-16:00 (Standard PHC/HSC)
0409,Primary Health Centre Nilaiyur,Primary Health Centre (PHC),Primary Level (PHC Medical Officer & VHN Supervisor),Madurai,625703,9.855947,78.059184,Govt of Tamil Nadu - Health Dept,Government of Tamil Nadu,08:00-16:00 (Standard PHC/HSC)
0410,"PHC, Anandur",Primary Health Centre (PHC),Primary Level (PHC Medical Officer & VHN Supervisor),Ramanathapuram,623401,9.738277,78.765418,Govt of Tamil Nadu - Health Dept,Government of Tamil Nadu,08:00-16:00 (Standard PHC/HSC)
0411,Thirupunavasal PHC,Primary Health Centre (PHC),Primary Level (PHC Medical Officer & VHN Supervisor),Pudukkottai,614629,9.854156,79.068309,Govt of Tamil Nadu - Health Dept,Government of Tamil Nadu,08:00-16:00 (Standard PHC/HSC)
0412,"Government Hospital, Idayamelur",Government District / Taluk Hospital,District / Secondary Referral Level,Sivaganga,630562,9.92007,78.443676,Govt of Tamil Nadu - Health Dept,Government of Tamil Nadu,24/7
0413,Thanjakoor PHC,Primary Health Centre (PHC),Primary Level (PHC Medical Officer & VHN Supervisor),Sivaganga,630610,9.732131,78.331822,Govt of Tamil Nadu - Health Dept,Government of Tamil Nadu,08:00-16:00 (Standard PHC/HSC)
0414,Palayanoor PHC,Primary Health Centre (PHC),Primary Level (PHC Medical Officer & VHN Supervisor),Sivaganga,630610,9.72947,78.29289,Govt of Tamil Nadu - Health Dept,Government of Tamil Nadu,08:00-16:00 (Standard PHC/HSC)
0415,Thirupparankundrum Government Hospital,Government District / Taluk Hospital,District / Secondary Referral Level,Madurai,625005,9.878877,78.066615,Govt of Tamil Nadu - Health Dept,Government of Tamil Nadu,24/7
0416,Government Hospital Periyakottai,Government District / Taluk Hospital,District / Secondary Referral Level,Sivaganga,630559,9.788297,78.416412,Govt of Tamil Nadu - Health Dept,Government of Tamil Nadu,24/7
0417,Maravamangalam PHC,Primary Health Centre (PHC),Primary Level (PHC Medical Officer & VHN Supervisor),Sivaganga,630554,9.773431,78.63574,Govt of Tamil Nadu - Health Dept,Government of Tamil Nadu,08:00-16:00 (Standard PHC/HSC)
0418,"PHC, Kalligudi",Primary Health Centre (PHC),Primary Level (PHC Medical Officer & VHN Supervisor),Madurai,625701,9.694733,77.971212,Govt of Tamil Nadu - Health Dept,Government of Tamil Nadu,08:00-16:00 (Standard PHC/HSC)
0419,S P Pattinam PHC,Primary Health Centre (PHC),Primary Level (PHC Medical Officer & VHN Supervisor),Ramanathapuram,623406,9.839763,79.097113,Govt of Tamil Nadu - Health Dept,Government of Tamil Nadu,08:00-16:00 (Standard PHC/HSC)
0420,"Government Hospital, Tirumangalam",Government District / Taluk Hospital,District / Secondary Referral Level,Madurai,625706,9.82544,77.986555,Govt of Tamil Nadu - Health Dept,Government of Tamil Nadu,24/7
0421,"PHC, Kombai",Primary Health Centre (PHC),Primary Level (PHC Medical Officer & VHN Supervisor),Theni,625522,9.855563,77.293137,Govt of Tamil Nadu - Health Dept,Government of Tamil Nadu,08:00-16:00 (Standard PHC/HSC)
0422,"PHC, K Pudur",Primary Health Centre (PHC),Primary Level (PHC Medical Officer & VHN Supervisor),Madurai,625007,9.946526,78.144903,Govt of Tamil Nadu - Health Dept,Government of Tamil Nadu,08:00-16:00 (Standard PHC/HSC)
0423,"Government Hospital, Kamayakoundanpatti",Government District / Taluk Hospital,District / Secondary Referral Level,Theni,625521,9.737068,77.316911,Govt of Tamil Nadu - Health Dept,Government of Tamil Nadu,24/7
0424,"Varusanadu,Government Hospital",Government District / Taluk Hospital,District / Secondary Referral Level,Theni,625579,9.726194,77.518126,Govt of Tamil Nadu - Health Dept,Government of Tamil Nadu,24/7
0425,"PHC, Kottur",Primary Health Centre (PHC),Primary Level (PHC Medical Officer & VHN Supervisor),Theni,625534,9.902448,77.412892,Govt of Tamil Nadu - Health Dept,Government of Tamil Nadu,08:00-16:00 (Standard PHC/HSC)
0426,"Government Hospital, Alligundam",Government District / Taluk Hospital,District / Secondary Referral Level,Madurai,625527,9.877655,77.790291,Govt of Tamil Nadu - Health Dept,Government of Tamil Nadu,24/7
0427,"Government Hospital, Balarengapuram",Government District / Taluk Hospital,District / Secondary Referral Level,Madurai,625009,9.912882,78.131298,Govt of Tamil Nadu - Health Dept,Government of Tamil Nadu,24/7
0428,"Government Hospital, Govindanagaram",Government District / Taluk Hospital,District / Secondary Referral Level,Theni,625517,9.911511,77.502732,Govt of Tamil Nadu - Health Dept,Government of Tamil Nadu,24/7
0429,Rayappanpatti PHC,Primary Health Centre (PHC),Primary Level (PHC Medical Officer & VHN Supervisor),Theni,625526,9.769894,77.334204,Govt of Tamil Nadu - Health Dept,Government of Tamil Nadu,08:00-16:00 (Standard PHC/HSC)
0430,"UPHC, B B Kulam",Urban Primary Health Centre (UPHC),Urban Primary Level (USHA Base),Madurai,625002,9.941899,78.121036,Govt of Tamil Nadu - Health Dept,Government of Tamil Nadu,08:00-16:00 (Standard PHC/HSC)
0431,Government Hospital,Government District / Taluk Hospital,District / Secondary Referral Level,Madurai,625514,9.941032,77.969804,Govt of Tamil Nadu - Health Dept,Government of Tamil Nadu,24/7
0432,"Sellur,Government Maternity Hospital",Government Health Facility / Clinic,Community Health Post,Madurai,625002,9.935043,78.118846,Govt of Tamil Nadu - Health Dept,Government of Tamil Nadu,08:00-16:00 (Standard PHC/HSC)
0433,Odaipatti CHC,Primary Health Centre (PHC),Primary Level (PHC Medical Officer & VHN Supervisor),Theni,625540,9.830798,77.44589,Govt of Tamil Nadu - Health Dept,Government of Tamil Nadu,08:00-16:00 (Standard PHC/HSC)
0434,Sathamangalam PHC,Primary Health Centre (PHC),Primary Level (PHC Medical Officer & VHN Supervisor),Madurai,625020,9.923144,78.14314,Govt of Tamil Nadu - Health Dept,Government of Tamil Nadu,08:00-16:00 (Standard PHC/HSC)
0435,"PHC, Gandamanur",Primary Health Centre (PHC),Primary Level (PHC Medical Officer & VHN Supervisor),Theni,625517,9.922463,77.524585,Govt of Tamil Nadu - Health Dept,Government of Tamil Nadu,08:00-16:00 (Standard PHC/HSC)
0436,Saptur PHC,Primary Health Centre (PHC),Primary Level (PHC Medical Officer & VHN Supervisor),Madurai,625705,9.767754,77.73767,Govt of Tamil Nadu - Health Dept,Government of Tamil Nadu,08:00-16:00 (Standard PHC/HSC)
0437,Kalayarkovil PHC,Primary Health Centre (PHC),Primary Level (PHC Medical Officer & VHN Supervisor),Sivaganga,630551,9.847247,78.634004,Govt of Tamil Nadu - Health Dept,Government of Tamil Nadu,08:00-16:00 (Standard PHC/HSC)
0438,"PHC, Kallupatti",Primary Health Centre (PHC),Primary Level (PHC Medical Officer & VHN Supervisor),Madurai,625701,9.717442,77.857403,Govt of Tamil Nadu - Health Dept,Government of Tamil Nadu,08:00-16:00 (Standard PHC/HSC)
0439,UPHC Villapuram,Urban Primary Health Centre (UPHC),Urban Primary Level (USHA Base),Madurai,625012,9.901506,78.120543,Govt of Tamil Nadu - Health Dept,Government of Tamil Nadu,08:00-16:00 (Standard PHC/HSC)
0440,Thanakkankulam PHC,Primary Health Centre (PHC),Primary Level (PHC Medical Officer & VHN Supervisor),Madurai,625006,9.893902,78.047218,Govt of Tamil Nadu - Health Dept,Government of Tamil Nadu,08:00-16:00 (Standard PHC/HSC)
0441,"PHC, Kutchanur",Primary Health Centre (PHC),Primary Level (PHC Medical Officer & VHN Supervisor),Theni,625515,9.877251,77.374669,Govt of Tamil Nadu - Health Dept,Government of Tamil Nadu,08:00-16:00 (Standard PHC/HSC)
0442,Rajathany PHC,Primary Health Centre (PHC),Primary Level (PHC Medical Officer & VHN Supervisor),Theni,625512,9.934847,77.59531,Govt of Tamil Nadu - Health Dept,Government of Tamil Nadu,08:00-16:00 (Standard PHC/HSC)
0443,"Government Hospital, Kuppanasaripatti",Government District / Taluk Hospital,District / Secondary Referral Level,Theni,625528,9.933151,77.31977,Govt of Tamil Nadu - Health Dept,Government of Tamil Nadu,24/7
0444,Virathanur PHC,Primary Health Centre (PHC),Primary Level (PHC Medical Officer & VHN Supervisor),Madurai,625009,9.814321,78.175783,Govt of Tamil Nadu - Health Dept,Government of Tamil Nadu,08:00-16:00 (Standard PHC/HSC)
0445,"PHC, Kadamalaikundu",Primary Health Centre (PHC),Primary Level (PHC Medical Officer & VHN Supervisor),Theni,625579,9.807557,77.504957,Govt of Tamil Nadu - Health Dept,Government of Tamil Nadu,08:00-16:00 (Standard PHC/HSC)
0446,Munichalai PHC,Primary Health Centre (PHC),Primary Level (PHC Medical Officer & VHN Supervisor),Madurai,625009,9.919339,78.130365,Govt of Tamil Nadu - Health Dept,Government of Tamil Nadu,08:00-16:00 (Standard PHC/HSC)
0447,"PHC, Chellampatty",Primary Health Centre (PHC),Primary Level (PHC Medical Officer & VHN Supervisor),Madurai,625529,9.94073,77.901179,Govt of Tamil Nadu - Health Dept,Government of Tamil Nadu,08:00-16:00 (Standard PHC/HSC)
0448,Villur PHC,Primary Health Centre (PHC),Primary Level (PHC Medical Officer & VHN Supervisor),Madurai,625707,9.712061,77.917396,Govt of Tamil Nadu - Health Dept,Government of Tamil Nadu,08:00-16:00 (Standard PHC/HSC)
0449,Sathangudi PHC,Primary Health Centre (PHC),Primary Level (PHC Medical Officer & VHN Supervisor),Madurai,625706,9.839281,77.934648,Govt of Tamil Nadu - Health Dept,Government of Tamil Nadu,08:00-16:00 (Standard PHC/HSC)
0450,Thiruvegampet Government Hospital,Government District / Taluk Hospital,District / Secondary Referral Level,Sivaganga,630408,9.830135,78.785781,Govt of Tamil Nadu - Health Dept,Government of Tamil Nadu,24/7
0451,Velayuthapattinam PHC,Primary Health Centre (PHC),Primary Level (PHC Medical Officer & VHN Supervisor),Sivaganga,630311,9.923018,78.724588,Govt of Tamil Nadu - Health Dept,Government of Tamil Nadu,08:00-16:00 (Standard PHC/HSC)
0452,"Government Hospital, Devakottai",Government District / Taluk Hospital,District / Secondary Referral Level,Sivaganga,630302,9.9504,78.813747,Govt of Tamil Nadu - Health Dept,Government of Tamil Nadu,24/7
0453,"PHC, Arasanoor",Primary Health Centre (PHC),Primary Level (PHC Medical Officer & VHN Supervisor),Sivaganga,630562,9.869506,78.339051,Govt of Tamil Nadu - Health Dept,Government of Tamil Nadu,08:00-16:00 (Standard PHC/HSC)
0454,Mimisal PHC,Primary Health Centre (PHC),Primary Level (PHC Medical Officer & VHN Supervisor),Pudukkottai,614621,9.921933,79.140398,Govt of Tamil Nadu - Health Dept,Government of Tamil Nadu,08:00-16:00 (Standard PHC/HSC)
0455,"PHC, C.Pudupatti",Primary Health Centre (PHC),Primary Level (PHC Medical Officer & VHN Supervisor),Theni,625556,9.766757,77.303137,Govt of Tamil Nadu - Health Dept,Government of Tamil Nadu,08:00-16:00 (Standard PHC/HSC)
0456,"PHC, Elumalai",Primary Health Centre (PHC),Primary Level (PHC Medical Officer & VHN Supervisor),Madurai,625535,9.859616,77.696923,Govt of Tamil Nadu - Health Dept,Government of Tamil Nadu,08:00-16:00 (Standard PHC/HSC)
0457,Muthanandal PHC,Primary Health Centre (PHC),Primary Level (PHC Medical Officer & VHN Supervisor),Sivaganga,630602,9.747648,78.390507,Govt of Tamil Nadu - Health Dept,Government of Tamil Nadu,08:00-16:00 (Standard PHC/HSC)
0458,"Government Hospital, Chinnamanur",Government District / Taluk Hospital,District / Secondary Referral Level,Theni,625515,9.844552,77.38709,Govt of Tamil Nadu - Health Dept,Government of Tamil Nadu,24/7
0459,"PHC, Kombukaranendal",Primary Health Centre (PHC),Primary Level (PHC Medical Officer & VHN Supervisor),Sivaganga,630609,9.713407,78.389096,Govt of Tamil Nadu - Health Dept,Government of Tamil Nadu,08:00-16:00 (Standard PHC/HSC)
0460,Pykara PHC,Primary Health Centre (PHC),Primary Level (PHC Medical Officer & VHN Supervisor),Madurai,625003,9.899135,78.088984,Govt of Tamil Nadu - Health Dept,Government of Tamil Nadu,08:00-16:00 (Standard PHC/HSC)
0461,"PHC, Jangalpatti",Primary Health Centre (PHC),Primary Level (PHC Medical Officer & VHN Supervisor),Theni,625520,9.893327,77.470418,Govt of Tamil Nadu - Health Dept,Government of Tamil Nadu,08:00-16:00 (Standard PHC/HSC)
0462,"Government Hospital, Sindalacherry",Government District / Taluk Hospital,District / Secondary Referral Level,Theni,625530,9.886637,77.333058,Govt of Tamil Nadu - Health Dept,Government of Tamil Nadu,24/7
0463,"Government Hospital, Thiruppuvanam",Government District / Taluk Hospital,District / Secondary Referral Level,Sivaganga,630611,9.824086,78.257869,Govt of Tamil Nadu - Health Dept,Government of Tamil Nadu,24/7
0464,Valayankulam PHC,Primary Health Centre (PHC),Primary Level (PHC Medical Officer & VHN Supervisor),Madurai,625022,9.812458,78.095684,Govt of Tamil Nadu - Health Dept,Government of Tamil Nadu,08:00-16:00 (Standard PHC/HSC)
0465,"Government Hospital, Uthamapalayam",Government District / Taluk Hospital,District / Secondary Referral Level,Theni,625533,9.804758,77.328465,Govt of Tamil Nadu - Health Dept,Government of Tamil Nadu,24/7
0466,"UPHC, Annupanadi",Urban Primary Health Centre (UPHC),Urban Primary Level (USHA Base),Madurai,625009,9.903402,78.142162,Govt of Tamil Nadu - Health Dept,Government of Tamil Nadu,08:00-16:00 (Standard PHC/HSC)
0467,"Government Hospital, Thiruvadanai",Government District / Taluk Hospital,District / Secondary Referral Level,Ramanathapuram,623407,9.782783,78.919394,Govt of Tamil Nadu - Health Dept,Government of Tamil Nadu,24/7
0468,Thamarakki PHC,Primary Health Centre (PHC),Primary Level (PHC Medical Officer & VHN Supervisor),Sivaganga,630561,9.919432,78.392758,Govt of Tamil Nadu - Health Dept,Government of Tamil Nadu,08:00-16:00 (Standard PHC/HSC)
0469,Nagamalai Pudukottai PHC,Primary Health Centre (PHC),Primary Level (PHC Medical Officer & VHN Supervisor),Madurai,625019,9.939986,78.055436,Govt of Tamil Nadu - Health Dept,Government of Tamil Nadu,08:00-16:00 (Standard PHC/HSC)
0470,Thiruvetriyur PHC,Primary Health Centre (PHC),Primary Level (PHC Medical Officer & VHN Supervisor),Ramanathapuram,623407,9.711744,78.954053,Govt of Tamil Nadu - Health Dept,Government of Tamil Nadu,08:00-16:00 (Standard PHC/HSC)
0471,Vellaiyapuram PHC,Primary Health Centre (PHC),Primary Level (PHC Medical Officer & VHN Supervisor),Ramanathapuram,623315,9.838206,79.035676,Govt of Tamil Nadu - Health Dept,Government of Tamil Nadu,08:00-16:00 (Standard PHC/HSC)
0472,Mangalakkudi PHC,Primary Health Centre (PHC),Primary Level (PHC Medical Officer & VHN Supervisor),Ramanathapuram,623308,9.868507,78.950841,Govt of Tamil Nadu - Health Dept,Government of Tamil Nadu,08:00-16:00 (Standard PHC/HSC)
0473,Satharasan Kottai Government Hospital,Government District / Taluk Hospital,District / Secondary Referral Level,Sivaganga,630562,9.764373,78.534062,Govt of Tamil Nadu - Health Dept,Government of Tamil Nadu,24/7
0474,Poovanthi PHC,Primary Health Centre (PHC),Primary Level (PHC Medical Officer & VHN Supervisor),Sivaganga,630611,9.858193,78.281261,Govt of Tamil Nadu - Health Dept,Government of Tamil Nadu,08:00-16:00 (Standard PHC/HSC)
0475,"PHC, Kannankudi",Primary Health Centre (PHC),Primary Level (PHC Medical Officer & VHN Supervisor),Sivaganga,630303,9.942975,78.940161,Govt of Tamil Nadu - Health Dept,Government of Tamil Nadu,08:00-16:00 (Standard PHC/HSC)
0476,"Government Hospital, Thondi",Government District / Taluk Hospital,District / Secondary Referral Level,Ramanathapuram,623409,9.744103,79.018032,Govt of Tamil Nadu - Health Dept,Government of Tamil Nadu,24/7
0477,Sivagangai PHC,Primary Health Centre (PHC),Primary Level (PHC Medical Officer & VHN Supervisor),Sivaganga,630561,9.855527,78.486301,Govt of Tamil Nadu - Health Dept,Government of Tamil Nadu,08:00-16:00 (Standard PHC/HSC)
0478,Peraiyur Government Hospital,Government District / Taluk Hospital,District / Secondary Referral Level,Madurai,625703,9.735612,77.78748,Govt of Tamil Nadu - Health Dept,Government of Tamil Nadu,24/7
0479,"PHC, Mallakottai",Primary Health Centre (PHC),Primary Level (PHC Medical Officer & VHN Supervisor),Sivaganga,630553,10.048063,78.459483,Govt of Tamil Nadu - Health Dept,Government of Tamil Nadu,08:00-16:00 (Standard PHC/HSC)
0480,"CHC, Kodikulam",Primary Health Centre (PHC),Primary Level (PHC Medical Officer & VHN Supervisor),Madurai,625007,9.957566,78.156286,Govt of Tamil Nadu - Health Dept,Government of Tamil Nadu,08:00-16:00 (Standard PHC/HSC)
0481,Manamelkudi Government Hospital,Government District / Taluk Hospital,District / Secondary Referral Level,Pudukkottai,614620,10.03899,79.231469,Govt of Tamil Nadu - Health Dept,Government of Tamil Nadu,24/7
0482,"Government Hospital, Genguvarpatti",Government District / Taluk Hospital,District / Secondary Referral Level,Theni,625603,10.173086,77.695727,Govt of Tamil Nadu - Health Dept,Government of Tamil Nadu,24/7
0483,PHC Athoor,Primary Health Centre (PHC),Primary Level (PHC Medical Officer & VHN Supervisor),Dindigul,624701,10.287713,77.848884,Govt of Tamil Nadu - Health Dept,Government of Tamil Nadu,08:00-16:00 (Standard PHC/HSC)
0484,Silamarathupatti Government Hospital,Government District / Taluk Hospital,District / Secondary Referral Level,Theni,625528,9.969808,77.354138,Govt of Tamil Nadu - Health Dept,Government of Tamil Nadu,24/7
0485,"PHC, Karungalakudi",Primary Health Centre (PHC),Primary Level (PHC Medical Officer & VHN Supervisor),Madurai,625101,10.157666,78.359385,Govt of Tamil Nadu - Health Dept,Government of Tamil Nadu,08:00-16:00 (Standard PHC/HSC)
0486,Perumagalur PHC,Primary Health Centre (PHC),Primary Level (PHC Medical Officer & VHN Supervisor),Thanjavur,614612,10.187295,79.197023,Govt of Tamil Nadu - Health Dept,Government of Tamil Nadu,08:00-16:00 (Standard PHC/HSC)
0487,"PHC, M.Subbulapuram",Primary Health Centre (PHC),Primary Level (PHC Medical Officer & VHN Supervisor),Theni,625517,9.965759,77.558487,Govt of Tamil Nadu - Health Dept,Government of Tamil Nadu,08:00-16:00 (Standard PHC/HSC)
0488,Raghava Kumar Clinic,Government Health Facility / Clinic,Community Health Post,Sivaganga,630002,10.079338,78.778939,Govt of Tamil Nadu - Health Dept,Government of Tamil Nadu,08:00-16:00 (Standard PHC/HSC)
0489,"PHC, Konapattu",Primary Health Centre (PHC),Primary Level (PHC Medical Officer & VHN Supervisor),Pudukkottai,622503,10.181537,78.72855,Govt of Tamil Nadu - Health Dept,Government of Tamil Nadu,08:00-16:00 (Standard PHC/HSC)
0490,"PHC, Kulamangalam",Primary Health Centre (PHC),Primary Level (PHC Medical Officer & VHN Supervisor),Madurai,625501,10.013265,78.114432,Govt of Tamil Nadu - Health Dept,Government of Tamil Nadu,08:00-16:00 (Standard PHC/HSC)
0491,"Government Hospital, Aranthangi",Government District / Taluk Hospital,District / Secondary Referral Level,Pudukkottai,614616,10.180043,79.000104,Govt of Tamil Nadu - Health Dept,Government of Tamil Nadu,24/7
0492,Vellalore Government Hospital,Government District / Taluk Hospital,District / Secondary Referral Level,Madurai,625109,10.001521,78.406631,Govt of Tamil Nadu - Health Dept,Government of Tamil Nadu,24/7
0493,"Government Maruthupandiyar Hospital, Tiruppathur",Government Health Facility / Clinic,Community Health Post,Sivaganga,630211,10.110361,78.593085,Govt of Tamil Nadu - Health Dept,Government of Tamil Nadu,08:00-16:00 (Standard PHC/HSC)
0494,Sakkanaickenur PHC,Primary Health Centre (PHC),Primary Level (PHC Medical Officer & VHN Supervisor),Dindigul,624206,10.235174,77.894884,Govt of Tamil Nadu - Health Dept,Government of Tamil Nadu,08:00-16:00 (Standard PHC/HSC)
0495,Peerkalaikadu PHC,Primary Health Centre (PHC),Primary Level (PHC Medical Officer & VHN Supervisor),Sivaganga,630108,10.103551,78.915262,Govt of Tamil Nadu - Health Dept,Government of Tamil Nadu,08:00-16:00 (Standard PHC/HSC)
0496,Sholavandan Government Hospital,Government District / Taluk Hospital,District / Secondary Referral Level,Madurai,625214,10.022109,77.963683,Govt of Tamil Nadu - Health Dept,Government of Tamil Nadu,24/7
0497,Melmangalam PHC,Primary Health Centre (PHC),Primary Level (PHC Medical Officer & VHN Supervisor),Theni,625603,10.10021,77.580957,Govt of Tamil Nadu - Health Dept,Government of Tamil Nadu,08:00-16:00 (Standard PHC/HSC)
0498,Silattur PHC,Primary Health Centre (PHC),Primary Level (PHC Medical Officer & VHN Supervisor),Pudukkottai,614622,10.226524,78.989946,Govt of Tamil Nadu - Health Dept,Government of Tamil Nadu,08:00-16:00 (Standard PHC/HSC)
0499,Ponnamaravathi PHC,Primary Health Centre (PHC),Primary Level (PHC Medical Officer & VHN Supervisor),Pudukkottai,622407,10.277761,78.539412,Govt of Tamil Nadu - Health Dept,Government of Tamil Nadu,08:00-16:00 (Standard PHC/HSC)
0500,"Government Hospital, Chitalangudi",Government District / Taluk Hospital,District / Secondary Referral Level,Madurai,625221,10.01559,78.026598,Govt of Tamil Nadu - Health Dept,Government of Tamil Nadu,24/7
0501,Nagudi CHC,Primary Health Centre (PHC),Primary Level (PHC Medical Officer & VHN Supervisor),Pudukkottai,614616,10.149975,79.106995,Govt of Tamil Nadu - Health Dept,Government of Tamil Nadu,08:00-16:00 (Standard PHC/HSC)
0502,Pulankurichi Government Hospital,Government District / Taluk Hospital,District / Secondary Referral Level,Sivaganga,630405,10.26867,78.592053,Govt of Tamil Nadu - Health Dept,Government of Tamil Nadu,24/7
0503,PHC Kilapungudi,Primary Health Centre (PHC),Primary Level (PHC Medical Officer & VHN Supervisor),Sivaganga,630552,9.960495,78.492363,Govt of Tamil Nadu - Health Dept,Government of Tamil Nadu,08:00-16:00 (Standard PHC/HSC)
0504,Government Hospital Pillayarnattha,Government District / Taluk Hospital,District / Secondary Referral Level,Dindigul,624219,10.118944,77.859602,Govt of Tamil Nadu - Health Dept,Government of Tamil Nadu,24/7
0505,Sirugudi PHC,Primary Health Centre (PHC),Primary Level (PHC Medical Officer & VHN Supervisor),Dindigul,624402,10.261375,78.302017,Govt of Tamil Nadu - Health Dept,Government of Tamil Nadu,08:00-16:00 (Standard PHC/HSC)
0506,Othakadai PHC,Primary Health Centre (PHC),Primary Level (PHC Medical Officer & VHN Supervisor),Madurai,625107,9.959627,78.189797,Govt of Tamil Nadu - Health Dept,Government of Tamil Nadu,08:00-16:00 (Standard PHC/HSC)
0507,"PHC, M.Soorakudi",Primary Health Centre (PHC),Primary Level (PHC Medical Officer & VHN Supervisor),Sivaganga,630501,10.115218,78.471553,Govt of Tamil Nadu - Health Dept,Government of Tamil Nadu,08:00-16:00 (Standard PHC/HSC)
0508,Ponpethi CHC,Primary Health Centre (PHC),Primary Level (PHC Medical Officer & VHN Supervisor),Pudukkottai,614629,9.9574,79.083472,Govt of Tamil Nadu - Health Dept,Government of Tamil Nadu,08:00-16:00 (Standard PHC/HSC)
0509,Government hospital Usilampatti,Government District / Taluk Hospital,District / Secondary Referral Level,Madurai,625532,10.038885,77.794209,Govt of Tamil Nadu - Health Dept,Government of Tamil Nadu,24/7
0510,"PHC, Kosavapatti",Primary Health Centre (PHC),Primary Level (PHC Medical Officer & VHN Supervisor),Dindigul,624304,10.289657,78.053523,Govt of Tamil Nadu - Health Dept,Government of Tamil Nadu,08:00-16:00 (Standard PHC/HSC)
0511,"PHC, Mallanampatti",Primary Health Centre (PHC),Primary Level (PHC Medical Officer & VHN Supervisor),Dindigul,624202,10.168356,77.801885,Govt of Tamil Nadu - Health Dept,Government of Tamil Nadu,08:00-16:00 (Standard PHC/HSC)
0512,"Government Hospital, Sembanur",Government District / Taluk Hospital,District / Secondary Referral Level,Sivaganga,630313,9.995535,78.636175,Govt of Tamil Nadu - Health Dept,Government of Tamil Nadu,24/7
0513,Vathipatti PHC,Primary Health Centre (PHC),Primary Level (PHC Medical Officer & VHN Supervisor),Dindigul,624401,10.15476,78.196921,Govt of Tamil Nadu - Health Dept,Government of Tamil Nadu,08:00-16:00 (Standard PHC/HSC)
0514,"PHC, Chinnalapatti",Primary Health Centre (PHC),Primary Level (PHC Medical Officer & VHN Supervisor),Dindigul,624301,10.284616,77.921691,Govt of Tamil Nadu - Health Dept,Government of Tamil Nadu,08:00-16:00 (Standard PHC/HSC)
0515,Silamalai PHC,Primary Health Centre (PHC),Primary Level (PHC Medical Officer & VHN Supervisor),Theni,625528,9.963493,77.335272,Govt of Tamil Nadu - Health Dept,Government of Tamil Nadu,08:00-16:00 (Standard PHC/HSC)
0516,Government Hospital Avudaiyarkoil,Government District / Taluk Hospital,District / Secondary Referral Level,Pudukkottai,614618,10.077198,79.044424,Govt of Tamil Nadu - Health Dept,Government of Tamil Nadu,24/7
0517,"PHC, Ammapattinam",Primary Health Centre (PHC),Primary Level (PHC Medical Officer & VHN Supervisor),Pudukkottai,614617,10.011755,79.227117,Govt of Tamil Nadu - Health Dept,Government of Tamil Nadu,08:00-16:00 (Standard PHC/HSC)
0518,Viruveedu PHC,Primary Health Centre (PHC),Primary Level (PHC Medical Officer & VHN Supervisor),Dindigul,624220,10.075871,77.78263,Govt of Tamil Nadu - Health Dept,Government of Tamil Nadu,08:00-16:00 (Standard PHC/HSC)
0519,"Government Hospital, Kilasevalpatti",Government District / Taluk Hospital,District / Secondary Referral Level,Sivaganga,630212,10.179774,78.660102,Govt of Tamil Nadu - Health Dept,Government of Tamil Nadu,24/7
0520,"Government Hospital, Kandanur",Government District / Taluk Hospital,District / Secondary Referral Level,Sivaganga,630104,10.10678,78.821222,Govt of Tamil Nadu - Health Dept,Government of Tamil Nadu,24/7
0521,Poolathur PHC,Primary Health Centre (PHC),Primary Level (PHC Medical Officer & VHN Supervisor),Dindigul,624202,10.227753,77.667827,Govt of Tamil Nadu - Health Dept,Government of Tamil Nadu,08:00-16:00 (Standard PHC/HSC)
0522,Singavanam PHC,Primary Health Centre (PHC),Primary Level (PHC Medical Officer & VHN Supervisor),Pudukkottai,614630,10.098723,79.180471,Govt of Tamil Nadu - Health Dept,Government of Tamil Nadu,08:00-16:00 (Standard PHC/HSC)
0523,"PHC, Devadanapatti",Primary Health Centre (PHC),Primary Level (PHC Medical Officer & VHN Supervisor),Theni,625604,10.146321,77.638292,Govt of Tamil Nadu - Health Dept,Government of Tamil Nadu,08:00-16:00 (Standard PHC/HSC)
0524,"Government Hospital, Keelavalavu",Government District / Taluk Hospital,District / Secondary Referral Level,Madurai,625102,10.070696,78.420208,Govt of Tamil Nadu - Health Dept,Government of Tamil Nadu,24/7
0525,"Palavangudi, Government Hospital",Government District / Taluk Hospital,District / Secondary Referral Level,Sivaganga,630208,10.133947,78.721792,Govt of Tamil Nadu - Health Dept,Government of Tamil Nadu,24/7
0526,PHC Gopalpatty,Primary Health Centre (PHC),Primary Level (PHC Medical Officer & VHN Supervisor),Dindigul,624308,10.259795,78.117969,Govt of Tamil Nadu - Health Dept,Government of Tamil Nadu,08:00-16:00 (Standard PHC/HSC)
0527,"Government Hospital, Kundrakudi",Government District / Taluk Hospital,District / Secondary Referral Level,Sivaganga,630206,10.112947,78.702516,Govt of Tamil Nadu - Health Dept,Government of Tamil Nadu,24/7
0528,"PHC, Arimalam",Primary Health Centre (PHC),Primary Level (PHC Medical Officer & VHN Supervisor),Pudukkottai,622201,10.25491,78.889634,Govt of Tamil Nadu - Health Dept,Government of Tamil Nadu,08:00-16:00 (Standard PHC/HSC)
0529,"PHC, Dombuchery",Primary Health Centre (PHC),Primary Level (PHC Medical Officer & VHN Supervisor),Theni,625582,9.957166,77.392925,Govt of Tamil Nadu - Health Dept,Government of Tamil Nadu,08:00-16:00 (Standard PHC/HSC)
0530,PHC Kallandhiri,Primary Health Centre (PHC),Primary Level (PHC Medical Officer & VHN Supervisor),Madurai,625301,10.03852,78.198762,Govt of Tamil Nadu - Health Dept,Government of Tamil Nadu,08:00-16:00 (Standard PHC/HSC)
0531,Kamarajar Government Hospital,Government District / Taluk Hospital,District / Secondary Referral Level,Thanjavur,614628,10.288895,79.202265,Govt of Tamil Nadu - Health Dept,Government of Tamil Nadu,24/7
0532,"Government Hospital, Andipatti",Government District / Taluk Hospital,District / Secondary Referral Level,Theni,625512,9.999534,77.618143,Govt of Tamil Nadu - Health Dept,Government of Tamil Nadu,24/7
0533,S.R.Pattinam PHC,Primary Health Centre (PHC),Primary Level (PHC Medical Officer & VHN Supervisor),Sivaganga,630306,9.990391,78.732737,Govt of Tamil Nadu - Health Dept,Government of Tamil Nadu,08:00-16:00 (Standard PHC/HSC)
0534,"CHC, Ammayanaickanur",Primary Health Centre (PHC),Primary Level (PHC Medical Officer & VHN Supervisor),Dindigul,624201,10.16613,77.915059,Govt of Tamil Nadu - Health Dept,Government of Tamil Nadu,08:00-16:00 (Standard PHC/HSC)
0535,"PHC, Kodiyakkarai",Primary Health Centre (PHC),Primary Level (PHC Medical Officer & VHN Supervisor),Nagapattinam,614807,10.283807,79.825364,Govt of Tamil Nadu - Health Dept,Government of Tamil Nadu,08:00-16:00 (Standard PHC/HSC)
0536,"PHC, Kottaippattinam",Primary Health Centre (PHC),Primary Level (PHC Medical Officer & VHN Supervisor),Pudukkottai,614619,9.97313,79.197923,Govt of Tamil Nadu - Health Dept,Government of Tamil Nadu,08:00-16:00 (Standard PHC/HSC)
0537,Pattiveeranpatti Government Hospital,Government District / Taluk Hospital,District / Secondary Referral Level,Dindigul,624211,10.207924,77.76258,Govt of Tamil Nadu - Health Dept,Government of Tamil Nadu,24/7
0538,"Government Hospital, Subramaniyapuram",Government District / Taluk Hospital,District / Secondary Referral Level,Pudukkottai,614805,10.176991,79.122846,Govt of Tamil Nadu - Health Dept,Government of Tamil Nadu,24/7
0539,"Upgraded CHC, Nellakottai",Primary Health Centre (PHC),Primary Level (PHC Medical Officer & VHN Supervisor),Nilgiris,643225,10.173522,77.858159,Govt of Tamil Nadu - Health Dept,Government of Tamil Nadu,08:00-16:00 (Standard PHC/HSC)
0540,Vikkiramangalam Government Hospital,Government District / Taluk Hospital,District / Secondary Referral Level,Madurai,625207,10.007538,77.925429,Govt of Tamil Nadu - Health Dept,Government of Tamil Nadu,24/7
0541,Sitharevu PHC,Primary Health Centre (PHC),Primary Level (PHC Medical Officer & VHN Supervisor),Dindigul,624204,10.24022,77.783921,Govt of Tamil Nadu - Health Dept,Government of Tamil Nadu,08:00-16:00 (Standard PHC/HSC)
0542,Mannadimangalam PHC,Primary Health Centre (PHC),Primary Level (PHC Medical Officer & VHN Supervisor),Madurai,625207,10.037398,77.926218,Govt of Tamil Nadu - Health Dept,Government of Tamil Nadu,08:00-16:00 (Standard PHC/HSC)
0543,Palamedu PHC,Primary Health Centre (PHC),Primary Level (PHC Medical Officer & VHN Supervisor),Madurai,625503,10.103027,78.114165,Govt of Tamil Nadu - Health Dept,Government of Tamil Nadu,08:00-16:00 (Standard PHC/HSC)
0544,Umathanadu PHC,Primary Health Centre (PHC),Primary Level (PHC Medical Officer & VHN Supervisor),Thanjavur,614802,10.238356,79.241776,Govt of Tamil Nadu - Health Dept,Government of Tamil Nadu,08:00-16:00 (Standard PHC/HSC)
0545,PHC Kancherampettai,Primary Health Centre (PHC),Primary Level (PHC Medical Officer & VHN Supervisor),Madurai,625014,10.033556,78.159545,Govt of Tamil Nadu - Health Dept,Government of Tamil Nadu,08:00-16:00 (Standard PHC/HSC)
0546,Thumbaipatti PHC,Primary Health Centre (PHC),Primary Level (PHC Medical Officer & VHN Supervisor),Madurai,625108,10.08851,78.365967,Govt of Tamil Nadu - Health Dept,Government of Tamil Nadu,08:00-16:00 (Standard PHC/HSC)
0547,Sevenipatti PHC,Primary Health Centre (PHC),Primary Level (PHC Medical Officer & VHN Supervisor),Sivaganga,630205,10.218333,78.637248,Govt of Tamil Nadu - Health Dept,Government of Tamil Nadu,08:00-16:00 (Standard PHC/HSC)
0548,Muduvarpatti PHC,Primary Health Centre (PHC),Primary Level (PHC Medical Officer & VHN Supervisor),Madurai,625503,10.081954,78.130228,Govt of Tamil Nadu - Health Dept,Government of Tamil Nadu,08:00-16:00 (Standard PHC/HSC)
0549,Perumalmalai PHC,Primary Health Centre (PHC),Primary Level (PHC Medical Officer & VHN Supervisor),Dindigul,624101,10.265243,77.547472,Govt of Tamil Nadu - Health Dept,Government of Tamil Nadu,08:00-16:00 (Standard PHC/HSC)
0550,"Government Hospital, Katchakatti",Government District / Taluk Hospital,District / Secondary Referral Level,Madurai,625019,10.070611,77.976922,Govt of Tamil Nadu - Health Dept,Government of Tamil Nadu,24/7
0551,"PHC, E.Pudupatti",Primary Health Centre (PHC),Primary Level (PHC Medical Officer & VHN Supervisor),Theni,625601,10.128883,77.574016,Govt of Tamil Nadu - Health Dept,Government of Tamil Nadu,08:00-16:00 (Standard PHC/HSC)
0552,Pinnavasal PHC,Primary Health Centre (PHC),Primary Level (PHC Medical Officer & VHN Supervisor),Thanjavur,614804,10.258321,79.161078,Govt of Tamil Nadu - Health Dept,Government of Tamil Nadu,08:00-16:00 (Standard PHC/HSC)
0553,Government Hospital Usilampatti,Government District / Taluk Hospital,District / Secondary Referral Level,Madurai,625532,9.962405,77.788826,Govt of Tamil Nadu - Health Dept,Government of Tamil Nadu,24/7
0554,Perumarudur PHC,Primary Health Centre (PHC),Primary Level (PHC Medical Officer & VHN Supervisor),Pudukkottai,614620,10.06721,79.116788,Govt of Tamil Nadu - Health Dept,Government of Tamil Nadu,08:00-16:00 (Standard PHC/HSC)
0555,Periyakulam PHC,Primary Health Centre (PHC),Primary Level (PHC Medical Officer & VHN Supervisor),Theni,625601,10.120237,77.548407,Govt of Tamil Nadu - Health Dept,Government of Tamil Nadu,08:00-16:00 (Standard PHC/HSC)
0556,Rayavaram PHC,Primary Health Centre (PHC),Primary Level (PHC Medical Officer & VHN Supervisor),Pudukkottai,622506,10.25137,78.81379,Govt of Tamil Nadu - Health Dept,Government of Tamil Nadu,08:00-16:00 (Standard PHC/HSC)
0557,Thiruvathavur PHC,Primary Health Centre (PHC),Primary Level (PHC Medical Officer & VHN Supervisor),Madurai,625110,9.956948,78.312674,Govt of Tamil Nadu - Health Dept,Government of Tamil Nadu,08:00-16:00 (Standard PHC/HSC)
0558,PHC A.Vellalapatti,Primary Health Centre (PHC),Primary Level (PHC Medical Officer & VHN Supervisor),Madurai,625301,10.05638,78.285734,Govt of Tamil Nadu - Health Dept,Government of Tamil Nadu,08:00-16:00 (Standard PHC/HSC)
0559,Government Hospital Kanadukathan,Government District / Taluk Hospital,District / Secondary Referral Level,Sivaganga,630103,10.168887,78.78294,Govt of Tamil Nadu - Health Dept,Government of Tamil Nadu,24/7
0560,Shanmuganathapuram PHC,Primary Health Centre (PHC),Primary Level (PHC Medical Officer & VHN Supervisor),Sivaganga,630314,9.997844,78.804459,Govt of Tamil Nadu - Health Dept,Government of Tamil Nadu,08:00-16:00 (Standard PHC/HSC)
0561,"PHC, Batlagundu",Primary Health Centre (PHC),Primary Level (PHC Medical Officer & VHN Supervisor),Dindigul,624202,10.167549,77.755295,Govt of Tamil Nadu - Health Dept,Government of Tamil Nadu,08:00-16:00 (Standard PHC/HSC)
0562,"PHC, Kuruvikarambai",Primary Health Centre (PHC),Primary Level (PHC Medical Officer & VHN Supervisor),Thanjavur,614802,10.284688,79.247487,Govt of Tamil Nadu - Health Dept,Government of Tamil Nadu,08:00-16:00 (Standard PHC/HSC)
0563,Melakkal PHC,Primary Health Centre (PHC),Primary Level (PHC Medical Officer & VHN Supervisor),Madurai,625234,9.982755,77.983486,Govt of Tamil Nadu - Health Dept,Government of Tamil Nadu,08:00-16:00 (Standard PHC/HSC)
0564,"PHC, Nattapatti",Primary Health Centre (PHC),Primary Level (PHC Medical Officer & VHN Supervisor),Madurai,625537,9.972571,77.859658,Govt of Tamil Nadu - Health Dept,Government of Tamil Nadu,08:00-16:00 (Standard PHC/HSC)
0565,Thummalapatti PHC,Primary Health Centre (PHC),Primary Level (PHC Medical Officer & VHN Supervisor),Dindigul,624211,10.197442,77.811123,Govt of Tamil Nadu - Health Dept,Government of Tamil Nadu,08:00-16:00 (Standard PHC/HSC)
0566,Sekkipatti PHC,Primary Health Centre (PHC),Primary Level (PHC Medical Officer & VHN Supervisor),Madurai,625105,10.18646,78.302607,Govt of Tamil Nadu - Health Dept,Government of Tamil Nadu,08:00-16:00 (Standard PHC/HSC)
0567,Uluppagudi PHC,Primary Health Centre (PHC),Primary Level (PHC Medical Officer & VHN Supervisor),Dindigul,624401,10.23993,78.197377,Govt of Tamil Nadu - Health Dept,Government of Tamil Nadu,08:00-16:00 (Standard PHC/HSC)
0568,Vadapudupatti PHC,Primary Health Centre (PHC),Primary Level (PHC Medical Officer & VHN Supervisor),Theni,625603,10.037254,77.512455,Govt of Tamil Nadu - Health Dept,Government of Tamil Nadu,08:00-16:00 (Standard PHC/HSC)
0569,"PHC, Kadiyapatti",Primary Health Centre (PHC),Primary Level (PHC Medical Officer & VHN Supervisor),Pudukkottai,622505,10.238028,78.782816,Govt of Tamil Nadu - Health Dept,Government of Tamil Nadu,08:00-16:00 (Standard PHC/HSC)
0570,"PHC, Ayyankottai",Primary Health Centre (PHC),Primary Level (PHC Medical Officer & VHN Supervisor),Madurai,625221,10.029483,78.011941,Govt of Tamil Nadu - Health Dept,Government of Tamil Nadu,08:00-16:00 (Standard PHC/HSC)
0571,"PHC, Kurangani",Primary Health Centre (PHC),Primary Level (PHC Medical Officer & VHN Supervisor),Theni,625582,10.084363,77.249007,Govt of Tamil Nadu - Health Dept,Government of Tamil Nadu,08:00-16:00 (Standard PHC/HSC)
0572,Poovatrakkudi PHC,Primary Health Centre (PHC),Primary Level (PHC Medical Officer & VHN Supervisor),Pudukkottai,614624,10.233879,79.046982,Govt of Tamil Nadu - Health Dept,Government of Tamil Nadu,08:00-16:00 (Standard PHC/HSC)
0573,Government Hospital Vadipatti,Government District / Taluk Hospital,District / Secondary Referral Level,Madurai,625218,10.08188,77.965622,Govt of Tamil Nadu - Health Dept,Government of Tamil Nadu,24/7
0574,"PHC, Athani",Primary Health Centre (PHC),Primary Level (PHC Medical Officer & VHN Supervisor),Pudukkottai,614630,10.136359,79.197785,Govt of Tamil Nadu - Health Dept,Government of Tamil Nadu,08:00-16:00 (Standard PHC/HSC)
0575,"Government Hospital, Periakulam",Government District / Taluk Hospital,District / Secondary Referral Level,Theni,625601,10.12323,77.532944,Govt of Tamil Nadu - Health Dept,Government of Tamil Nadu,24/7
0576,Melasivapuri PHC,Primary Health Centre (PHC),Primary Level (PHC Medical Officer & VHN Supervisor),Pudukkottai,622403,10.254874,78.510539,Govt of Tamil Nadu - Health Dept,Government of Tamil Nadu,08:00-16:00 (Standard PHC/HSC)
0577,"PHC, Kandramanickam",Primary Health Centre (PHC),Primary Level (PHC Medical Officer & VHN Supervisor),Sivaganga,630204,10.05873,78.63075,Govt of Tamil Nadu - Health Dept,Government of Tamil Nadu,08:00-16:00 (Standard PHC/HSC)
0578,Thirumayam Government Hospital,Government District / Taluk Hospital,District / Secondary Referral Level,Pudukkottai,622507,10.245354,78.746088,Govt of Tamil Nadu - Health Dept,Government of Tamil Nadu,24/7
0579,"Government Hospital, Alanganallur",Government District / Taluk Hospital,District / Secondary Referral Level,Madurai,625501,10.049183,78.090954,Govt of Tamil Nadu - Health Dept,Government of Tamil Nadu,24/7
0580,"PHC, Kottaiyur",Primary Health Centre (PHC),Primary Level (PHC Medical Officer & VHN Supervisor),Sivaganga,630106,10.117886,78.792575,Govt of Tamil Nadu - Health Dept,Government of Tamil Nadu,08:00-16:00 (Standard PHC/HSC)
0581,"PHC, Eriyur",Primary Health Centre (PHC),Primary Level (PHC Medical Officer & VHN Supervisor),Sivaganga,630566,10.04169,78.507498,Govt of Tamil Nadu - Health Dept,Government of Tamil Nadu,08:00-16:00 (Standard PHC/HSC)
0582,"PHC, Keeramangalam",Primary Health Centre (PHC),Primary Level (PHC Medical Officer & VHN Supervisor),Pudukkottai,614624,10.289966,79.094909,Govt of Tamil Nadu - Health Dept,Government of Tamil Nadu,08:00-16:00 (Standard PHC/HSC)
0583,Samayapuram Government Hospital,Government District / Taluk Hospital,District / Secondary Referral Level,Madurai,625402,9.976329,78.047258,Govt of Tamil Nadu - Health Dept,Government of Tamil Nadu,24/7
0584,"PHC, Koilpappakudi",Primary Health Centre (PHC),Primary Level (PHC Medical Officer & VHN Supervisor),Madurai,625018,9.97119,78.094165,Govt of Tamil Nadu - Health Dept,Government of Tamil Nadu,08:00-16:00 (Standard PHC/HSC)
0585,"Government Hospital, Singampunari",Government District / Taluk Hospital,District / Secondary Referral Level,Sivaganga,630502,10.181757,78.420087,Govt of Tamil Nadu - Health Dept,Government of Tamil Nadu,24/7
0586,Theni Allinagaram PHC,Primary Health Centre (PHC),Primary Level (PHC Medical Officer & VHN Supervisor),Theni,625531,10.01456,77.477677,Govt of Tamil Nadu - Health Dept,Government of Tamil Nadu,08:00-16:00 (Standard PHC/HSC)
0587,T.Subbulapuram PHC,Primary Health Centre (PHC),Primary Level (PHC Medical Officer & VHN Supervisor),Theni,625536,10.006907,77.654624,Govt of Tamil Nadu - Health Dept,Government of Tamil Nadu,08:00-16:00 (Standard PHC/HSC)
0588,Piranmalai PHC,Primary Health Centre (PHC),Primary Level (PHC Medical Officer & VHN Supervisor),Sivaganga,630502,10.238797,78.434218,Govt of Tamil Nadu - Health Dept,Government of Tamil Nadu,08:00-16:00 (Standard PHC/HSC)
0589,"Government Hospital, Melur",Government District / Taluk Hospital,District / Secondary Referral Level,Madurai,625106,10.033917,78.335592,Govt of Tamil Nadu - Health Dept,Government of Tamil Nadu,24/7
0590,Puduvayal PHC,Primary Health Centre (PHC),Primary Level (PHC Medical Officer & VHN Supervisor),Sivaganga,630108,10.106396,78.847434,Govt of Tamil Nadu - Health Dept,Government of Tamil Nadu,08:00-16:00 (Standard PHC/HSC)
0591,"Government Hospital, Kottampatti",Government District / Taluk Hospital,District / Secondary Referral Level,Madurai,625103,10.230628,78.376352,Govt of Tamil Nadu - Health Dept,Government of Tamil Nadu,24/7
0592,"Government Hospital, Nerkuppai",Government District / Taluk Hospital,District / Secondary Referral Level,Sivaganga,630405,10.227282,78.532971,Govt of Tamil Nadu - Health Dept,Government of Tamil Nadu,24/7
0593,"Government Hospital, Pannaikadu",Government District / Taluk Hospital,District / Secondary Referral Level,Dindigul,624210,10.277975,77.628669,Govt of Tamil Nadu - Health Dept,Government of Tamil Nadu,24/7
0594,"Government Hospital, Bodinayakkanur",Government District / Taluk Hospital,District / Secondary Referral Level,Theni,625582,10.01681,77.352466,Govt of Tamil Nadu - Health Dept,Government of Tamil Nadu,24/7
0595,Sithayan Kottai PHC,Primary Health Centre (PHC),Primary Level (PHC Medical Officer & VHN Supervisor),Dindigul,624708,10.27126,77.835623,Govt of Tamil Nadu - Health Dept,Government of Tamil Nadu,08:00-16:00 (Standard PHC/HSC)
0596,"Government Hospital, Veerapandy",Government District / Taluk Hospital,District / Secondary Referral Level,Theni,625534,9.960808,77.433238,Govt of Tamil Nadu - Health Dept,Government of Tamil Nadu,24/7
0597,Muthupattinam PHC,Primary Health Centre (PHC),Primary Level (PHC Medical Officer & VHN Supervisor),Sivaganga,630001,10.058582,78.764979,Govt of Tamil Nadu - Health Dept,Government of Tamil Nadu,08:00-16:00 (Standard PHC/HSC)
0598,"Thuvakudi,Government Hospital",Government District / Taluk Hospital,District / Secondary Referral Level,Tiruchirappalli,620015,10.75343,78.821829,Govt of Tamil Nadu - Health Dept,Government of Tamil Nadu,24/7
0599,Udumalaipettai PHC,Primary Health Centre (PHC),Primary Level (PHC Medical Officer & VHN Supervisor),Tiruppur,642126,10.58503,77.245771,Govt of Tamil Nadu - Health Dept,Government of Tamil Nadu,08:00-16:00 (Standard PHC/HSC)
0600,Nagamangalam PHC,Primary Health Centre (PHC),Primary Level (PHC Medical Officer & VHN Supervisor),Tiruchirappalli,620012,10.6991,78.620914,Govt of Tamil Nadu - Health Dept,Government of Tamil Nadu,08:00-16:00 (Standard PHC/HSC)
0601,"Government Hospital, Needamangalam",Government District / Taluk Hospital,District / Secondary Referral Level,Tiruvarur,614404,10.768931,79.415681,Govt of Tamil Nadu - Health Dept,Government of Tamil Nadu,24/7
0602,Sathanur PHC,Primary Health Centre (PHC),Primary Level (PHC Medical Officer & VHN Supervisor),Tiruvarur,614101,10.69407,79.547966,Govt of Tamil Nadu - Health Dept,Government of Tamil Nadu,08:00-16:00 (Standard PHC/HSC)
0603,"PHC, Alathambadi",Primary Health Centre (PHC),Primary Level (PHC Medical Officer & VHN Supervisor),Tiruvarur,610201,10.60992,79.645292,Govt of Tamil Nadu - Health Dept,Government of Tamil Nadu,08:00-16:00 (Standard PHC/HSC)
0604,"Government Hospital, Kilvelur",Government District / Taluk Hospital,District / Secondary Referral Level,Nagapattinam,611104,10.765234,79.743452,Govt of Tamil Nadu - Health Dept,Government of Tamil Nadu,24/7
0605,Manapparai PHC,Primary Health Centre (PHC),Primary Level (PHC Medical Officer & VHN Supervisor),Tiruchirappalli,621306,10.60602,78.425029,Govt of Tamil Nadu - Health Dept,Government of Tamil Nadu,08:00-16:00 (Standard PHC/HSC)
0606,Vandaiyar Iruppu PHC,Primary Health Centre (PHC),Primary Level (PHC Medical Officer & VHN Supervisor),Thanjavur,614019,10.724538,79.222047,Govt of Tamil Nadu - Health Dept,Government of Tamil Nadu,08:00-16:00 (Standard PHC/HSC)
0607,"PHC, Neermulai",Primary Health Centre (PHC),Primary Level (PHC Medical Officer & VHN Supervisor),Nagapattinam,614711,10.563798,79.70962,Govt of Tamil Nadu - Health Dept,Government of Tamil Nadu,08:00-16:00 (Standard PHC/HSC)
0608,Thiruthangur PHC,Primary Health Centre (PHC),Primary Level (PHC Medical Officer & VHN Supervisor),Tiruvarur,610202,10.645646,79.626144,Govt of Tamil Nadu - Health Dept,Government of Tamil Nadu,08:00-16:00 (Standard PHC/HSC)
0609,Vadugacheri PHC,Primary Health Centre (PHC),Primary Level (PHC Medical Officer & VHN Supervisor),Nagapattinam,611109,10.717149,79.76567,Govt of Tamil Nadu - Health Dept,Government of Tamil Nadu,08:00-16:00 (Standard PHC/HSC)
0610,"PHC, Devathur",Primary Health Centre (PHC),Primary Level (PHC Medical Officer & VHN Supervisor),Dindigul,624614,10.545388,77.647817,Govt of Tamil Nadu - Health Dept,Government of Tamil Nadu,08:00-16:00 (Standard PHC/HSC)
0611,"PHC, Kasanadupudur",Primary Health Centre (PHC),Primary Level (PHC Medical Officer & VHN Supervisor),Thanjavur,614904,10.707487,79.187204,Govt of Tamil Nadu - Health Dept,Government of Tamil Nadu,08:00-16:00 (Standard PHC/HSC)
0612,"PHC, Kottarakudi",Primary Health Centre (PHC),Primary Level (PHC Medical Officer & VHN Supervisor),Tiruvarur,613704,10.741615,79.592373,Govt of Tamil Nadu - Health Dept,Government of Tamil Nadu,08:00-16:00 (Standard PHC/HSC)
0613,Z.Puravipalayam PHC,Primary Health Centre (PHC),Primary Level (PHC Medical Officer & VHN Supervisor),Coimbatore,642002,10.73377,76.955965,Govt of Tamil Nadu - Health Dept,Government of Tamil Nadu,08:00-16:00 (Standard PHC/HSC)
0614,Thirunedenkulam PHC,Primary Health Centre (PHC),Primary Level (PHC Medical Officer & VHN Supervisor),Tiruchirappalli,620014,10.77351,78.851088,Govt of Tamil Nadu - Health Dept,Government of Tamil Nadu,08:00-16:00 (Standard PHC/HSC)
0615,Mylampatty Government Hospital,Government District / Taluk Hospital,District / Secondary Referral Level,Karur,621301,10.732081,78.245964,Govt of Tamil Nadu - Health Dept,Government of Tamil Nadu,24/7
0616,"Thondarampattu,Government Hospital",Government District / Taluk Hospital,District / Secondary Referral Level,Thanjavur,614627,10.56398,79.321141,Govt of Tamil Nadu - Health Dept,Government of Tamil Nadu,24/7
0617,"PHC, Komal",Primary Health Centre (PHC),Primary Level (PHC Medical Officer & VHN Supervisor),Tiruvarur,610202,10.659954,79.658242,Govt of Tamil Nadu - Health Dept,Government of Tamil Nadu,08:00-16:00 (Standard PHC/HSC)
0618,Vilunthamavadi PHC,Primary Health Centre (PHC),Primary Level (PHC Medical Officer & VHN Supervisor),Nagapattinam,611112,10.58534,79.842759,Govt of Tamil Nadu - Health Dept,Government of Tamil Nadu,08:00-16:00 (Standard PHC/HSC)
0619,"Government Hospital, Athikadai",Government District / Taluk Hospital,District / Secondary Referral Level,Tiruvarur,613702,10.750903,79.500091,Govt of Tamil Nadu - Health Dept,Government of Tamil Nadu,24/7
0620,"PHC, Kavalkaranpatti",Primary Health Centre (PHC),Primary Level (PHC Medical Officer & VHN Supervisor),Karur,621313,10.746181,78.507883,Govt of Tamil Nadu - Health Dept,Government of Tamil Nadu,08:00-16:00 (Standard PHC/HSC)
0621,Vagarai PHC,Primary Health Centre (PHC),Primary Level (PHC Medical Officer & VHN Supervisor),Dindigul,624618,10.58445,77.574482,Govt of Tamil Nadu - Health Dept,Government of Tamil Nadu,08:00-16:00 (Standard PHC/HSC)
0622,"PHC, Esanatham",Primary Health Centre (PHC),Primary Level (PHC Medical Officer & VHN Supervisor),Karur,639203,10.69749,78.0002,Govt of Tamil Nadu - Health Dept,Government of Tamil Nadu,08:00-16:00 (Standard PHC/HSC)
0623,Thungavi PHC,Primary Health Centre (PHC),Primary Level (PHC Medical Officer & VHN Supervisor),Tiruppur,642243,10.62619,77.331709,Govt of Tamil Nadu - Health Dept,Government of Tamil Nadu,08:00-16:00 (Standard PHC/HSC)
0624,"PHC, Gudimangalam",Primary Health Centre (PHC),Primary Level (PHC Medical Officer & VHN Supervisor),Tiruppur,642201,10.688727,77.28182,Govt of Tamil Nadu - Health Dept,Government of Tamil Nadu,08:00-16:00 (Standard PHC/HSC)
0625,Velanganni PHC,Primary Health Centre (PHC),Primary Level (PHC Medical Officer & VHN Supervisor),Nagapattinam,611111,10.681664,79.847938,Govt of Tamil Nadu - Health Dept,Government of Tamil Nadu,08:00-16:00 (Standard PHC/HSC)
0626,Valivalam PHC,Primary Health Centre (PHC),Primary Level (PHC Medical Officer & VHN Supervisor),Nagapattinam,610207,10.651137,79.690153,Govt of Tamil Nadu - Health Dept,Government of Tamil Nadu,08:00-16:00 (Standard PHC/HSC)
0627,Thalainayar Government Hospital,Government District / Taluk Hospital,District / Secondary Referral Level,Nagapattinam,614712,10.561124,79.771961,Govt of Tamil Nadu - Health Dept,Government of Tamil Nadu,24/7
0628,Vadakkur PHC,Primary Health Centre (PHC),Primary Level (PHC Medical Officer & VHN Supervisor),Thanjavur,614902,10.644478,79.166325,Govt of Tamil Nadu - Health Dept,Government of Tamil Nadu,08:00-16:00 (Standard PHC/HSC)
0629,"PHC, Madathukulam",Primary Health Centre (PHC),Primary Level (PHC Medical Officer & VHN Supervisor),Tiruppur,642113,10.559071,77.362662,Govt of Tamil Nadu - Health Dept,Government of Tamil Nadu,08:00-16:00 (Standard PHC/HSC)
0630,"Adichapuram, PHC",Primary Health Centre (PHC),Primary Level (PHC Medical Officer & VHN Supervisor),Tiruvarur,614717,10.636289,79.541623,Govt of Tamil Nadu - Health Dept,Government of Tamil Nadu,08:00-16:00 (Standard PHC/HSC)
0631,Vaduvoor Vadapthi PHC,Primary Health Centre (PHC),Primary Level (PHC Medical Officer & VHN Supervisor),Tiruvarur,614019,10.702804,79.32333,Govt of Tamil Nadu - Health Dept,Government of Tamil Nadu,08:00-16:00 (Standard PHC/HSC)
0632,Government Primary Health Center,Primary Health Centre (PHC),Primary Level (PHC Medical Officer & VHN Supervisor),Coimbatore,642103,10.63022,76.881994,Govt of Tamil Nadu - Health Dept,Government of Tamil Nadu,08:00-16:00 (Standard PHC/HSC)
0633,Poolavadi PHC,Primary Health Centre (PHC),Primary Level (PHC Medical Officer & VHN Supervisor),Tiruppur,642206,10.73973,77.30952,Govt of Tamil Nadu - Health Dept,Government of Tamil Nadu,08:00-16:00 (Standard PHC/HSC)
0634,Punavasal PHC,Primary Health Centre (PHC),Primary Level (PHC Medical Officer & VHN Supervisor),Tiruvarur,614102,10.735886,79.570274,Govt of Tamil Nadu - Health Dept,Government of Tamil Nadu,08:00-16:00 (Standard PHC/HSC)
0635,Maravanur PHC,Primary Health Centre (PHC),Primary Level (PHC Medical Officer & VHN Supervisor),Tiruchirappalli,621306,10.66099,78.485419,Govt of Tamil Nadu - Health Dept,Government of Tamil Nadu,08:00-16:00 (Standard PHC/HSC)
0636,Pethanaickenur PHC,Primary Health Centre (PHC),Primary Level (PHC Medical Officer & VHN Supervisor),Coimbatore,642134,10.57483,76.96805,Govt of Tamil Nadu - Health Dept,Government of Tamil Nadu,08:00-16:00 (Standard PHC/HSC)
0637,"Government Primary Health Centre, Kurumbapatti",Primary Health Centre (PHC),Primary Level (PHC Medical Officer & VHN Supervisor),Karur,639205,10.6655,77.860935,Govt of Tamil Nadu - Health Dept,Government of Tamil Nadu,08:00-16:00 (Standard PHC/HSC)
0638,R.Vellodu PHC,Primary Health Centre (PHC),Primary Level (PHC Medical Officer & VHN Supervisor),Dindigul,624620,10.748609,78.022766,Govt of Tamil Nadu - Health Dept,Government of Tamil Nadu,08:00-16:00 (Standard PHC/HSC)
0639,"PHC, Kankoduthavanitham",Primary Health Centre (PHC),Primary Level (PHC Medical Officer & VHN Supervisor),Tiruvarur,613704,10.74612,79.537574,Govt of Tamil Nadu - Health Dept,Government of Tamil Nadu,08:00-16:00 (Standard PHC/HSC)
0640,"PHC, Kallimanthayam",Primary Health Centre (PHC),Primary Level (PHC Medical Officer & VHN Supervisor),Dindigul,624616,10.58381,77.690792,Govt of Tamil Nadu - Health Dept,Government of Tamil Nadu,08:00-16:00 (Standard PHC/HSC)
0641,Ponnapuram PHC,Primary Health Centre (PHC),Primary Level (PHC Medical Officer & VHN Supervisor),Tiruppur,638657,10.69733,77.391041,Govt of Tamil Nadu - Health Dept,Government of Tamil Nadu,08:00-16:00 (Standard PHC/HSC)
0642,Nagapattinam Government District Head Hospital,Government Health Facility / Clinic,Community Health Post,Nagapattinam,611101,10.77246,79.843971,Govt of Tamil Nadu - Health Dept,Government of Tamil Nadu,08:00-16:00 (Standard PHC/HSC)
0643,"PHC, Kanjampatti",Primary Health Centre (PHC),Primary Level (PHC Medical Officer & VHN Supervisor),Coimbatore,642003,10.622268,77.073815,Govt of Tamil Nadu - Health Dept,Government of Tamil Nadu,08:00-16:00 (Standard PHC/HSC)
0644,"PHC, Gujiliamparai",Primary Health Centre (PHC),Primary Level (PHC Medical Officer & VHN Supervisor),Dindigul,624703,10.68483,78.115778,Govt of Tamil Nadu - Health Dept,Government of Tamil Nadu,08:00-16:00 (Standard PHC/HSC)
0645,"PHC, Idayakottai",Primary Health Centre (PHC),Primary Level (PHC Medical Officer & VHN Supervisor),Dindigul,624704,10.620216,77.844254,Govt of Tamil Nadu - Health Dept,Government of Tamil Nadu,08:00-16:00 (Standard PHC/HSC)
0646,Marungulam PHC,Primary Health Centre (PHC),Primary Level (PHC Medical Officer & VHN Supervisor),Thanjavur,613006,10.68001,79.13885,Govt of Tamil Nadu - Health Dept,Government of Tamil Nadu,08:00-16:00 (Standard PHC/HSC)
0647,"PHC, Kulikkarai",Primary Health Centre (PHC),Primary Level (PHC Medical Officer & VHN Supervisor),Tiruvarur,613704,10.764517,79.587589,Govt of Tamil Nadu - Health Dept,Government of Tamil Nadu,08:00-16:00 (Standard PHC/HSC)
0648,Viralimalai PHC,Primary Health Centre (PHC),Primary Level (PHC Medical Officer & VHN Supervisor),Pudukkottai,621316,10.60434,78.540027,Govt of Tamil Nadu - Health Dept,Government of Tamil Nadu,08:00-16:00 (Standard PHC/HSC)
0649,"PHC, Chellappampalayam",Primary Health Centre (PHC),Primary Level (PHC Medical Officer & VHN Supervisor),Tiruppur,642207,10.559695,77.08725,Govt of Tamil Nadu - Health Dept,Government of Tamil Nadu,08:00-16:00 (Standard PHC/HSC)
0650,Peraiyur PHC,Primary Health Centre (PHC),Primary Level (PHC Medical Officer & VHN Supervisor),Tiruvarur,614018,10.64033,79.376244,Govt of Tamil Nadu - Health Dept,Government of Tamil Nadu,08:00-16:00 (Standard PHC/HSC)
0651,Vaiyampatti PHC,Primary Health Centre (PHC),Primary Level (PHC Medical Officer & VHN Supervisor),Tiruchirappalli,621315,10.55594,78.313454,Govt of Tamil Nadu - Health Dept,Government of Tamil Nadu,08:00-16:00 (Standard PHC/HSC)
0652,"Thirukuvalai, Head Quarter Government Hospital",Government District / Taluk Hospital,District / Secondary Referral Level,Nagapattinam,610201,10.631302,79.722648,Govt of Tamil Nadu - Health Dept,Government of Tamil Nadu,24/7
0653,Koothanallur UPHC,Urban Primary Health Centre (UPHC),Urban Primary Level (USHA Base),Tiruvarur,614101,10.7022,79.521959,Govt of Tamil Nadu - Health Dept,Government of Tamil Nadu,08:00-16:00 (Standard PHC/HSC)
0654,Sillathur PHC,Primary Health Centre (PHC),Primary Level (PHC Medical Officer & VHN Supervisor),Thanjavur,614902,10.54862,79.209963,Govt of Tamil Nadu - Health Dept,Government of Tamil Nadu,08:00-16:00 (Standard PHC/HSC)
0655,"PHC, Kolarpatti",Primary Health Centre (PHC),Primary Level (PHC Medical Officer & VHN Supervisor),Coimbatore,642107,10.62917,77.111475,Govt of Tamil Nadu - Health Dept,Government of Tamil Nadu,08:00-16:00 (Standard PHC/HSC)
0656,"PHC, Navalpattu",Primary Health Centre (PHC),Primary Level (PHC Medical Officer & VHN Supervisor),Tiruchirappalli,620016,10.73942,78.780613,Govt of Tamil Nadu - Health Dept,Government of Tamil Nadu,08:00-16:00 (Standard PHC/HSC)
0657,"PHC, Dharapuram",Primary Health Centre (PHC),Primary Level (PHC Medical Officer & VHN Supervisor),Tiruppur,638656,10.735074,77.526702,Govt of Tamil Nadu - Health Dept,Government of Tamil Nadu,08:00-16:00 (Standard PHC/HSC)
0658,"Government Hospital, Keeranur",Government District / Taluk Hospital,District / Secondary Referral Level,Dindigul,622502,10.574091,78.784006,Govt of Tamil Nadu - Health Dept,Government of Tamil Nadu,24/7
0659,"Government Hospital, Pollachi",Government District / Taluk Hospital,District / Secondary Referral Level,Coimbatore,642001,10.658162,77.009825,Govt of Tamil Nadu - Health Dept,Government of Tamil Nadu,24/7
0660,Thiruvarur PHC,Primary Health Centre (PHC),Primary Level (PHC Medical Officer & VHN Supervisor),Tiruvarur,610001,10.763957,79.642231,Govt of Tamil Nadu - Health Dept,Government of Tamil Nadu,08:00-16:00 (Standard PHC/HSC)
0661,Pappapatty PHC,Primary Health Centre (PHC),Primary Level (PHC Medical Officer & VHN Supervisor),Pudukkottai,614902,10.569932,79.141857,Govt of Tamil Nadu - Health Dept,Government of Tamil Nadu,08:00-16:00 (Standard PHC/HSC)
0662,"PHC, Kaniyur",Primary Health Centre (PHC),Primary Level (PHC Medical Officer & VHN Supervisor),Tiruppur,642203,10.597119,77.374889,Govt of Tamil Nadu - Health Dept,Government of Tamil Nadu,08:00-16:00 (Standard PHC/HSC)
0663,Government Hospital Kadavur,Government District / Taluk Hospital,District / Secondary Referral Level,Karur,621311,10.594533,78.175875,Govt of Tamil Nadu - Health Dept,Government of Tamil Nadu,24/7
0664,"Government Hospital,Mannargudi",Government District / Taluk Hospital,District / Secondary Referral Level,Tiruvarur,614001,10.66353,79.454174,Govt of Tamil Nadu - Health Dept,Government of Tamil Nadu,24/7
0665,"Government Hospital, Aravakurtchi",Government District / Taluk Hospital,District / Secondary Referral Level,Karur,639201,10.77208,77.909648,Govt of Tamil Nadu - Health Dept,Government of Tamil Nadu,24/7
0666,Pudunagar CHC,Primary Health Centre (PHC),Primary Level (PHC Medical Officer & VHN Supervisor),Pudukkottai,613301,10.61757,79.040799,Govt of Tamil Nadu - Health Dept,Government of Tamil Nadu,08:00-16:00 (Standard PHC/HSC)
0667,Pedappampatty PHC,Primary Health Centre (PHC),Primary Level (PHC Medical Officer & VHN Supervisor),Tiruppur,642205,10.67969,77.218959,Govt of Tamil Nadu - Health Dept,Government of Tamil Nadu,08:00-16:00 (Standard PHC/HSC)
0668,Samathur PHC,Primary Health Centre (PHC),Primary Level (PHC Medical Officer & VHN Supervisor),Coimbatore,642123,10.611291,77.014726,Govt of Tamil Nadu - Health Dept,Government of Tamil Nadu,08:00-16:00 (Standard PHC/HSC)
0669,Palakkurichi PHC,Primary Health Centre (PHC),Primary Level (PHC Medical Officer & VHN Supervisor),Nagapattinam,611109,10.6696,79.768075,Govt of Tamil Nadu - Health Dept,Government of Tamil Nadu,08:00-16:00 (Standard PHC/HSC)
0670,Vadugapatty PHC,Primary Health Centre (PHC),Primary Level (PHC Medical Officer & VHN Supervisor),Tiruppur,638106,10.729133,77.759432,Govt of Tamil Nadu - Health Dept,Government of Tamil Nadu,08:00-16:00 (Standard PHC/HSC)
0671,Regunathapuram PHC,Primary Health Centre (PHC),Primary Level (PHC Medical Officer & VHN Supervisor),Pudukkottai,622303,10.559301,79.122864,Govt of Tamil Nadu - Health Dept,Government of Tamil Nadu,08:00-16:00 (Standard PHC/HSC)
0672,"Upgraded PHC, Thevur",Primary Health Centre (PHC),Primary Level (PHC Medical Officer & VHN Supervisor),Nagapattinam,611109,10.727453,79.729544,Govt of Tamil Nadu - Health Dept,Government of Tamil Nadu,08:00-16:00 (Standard PHC/HSC)
0673,"PHC, Kodumbalur",Primary Health Centre (PHC),Primary Level (PHC Medical Officer & VHN Supervisor),Pudukkottai,621316,10.555392,78.5079,Govt of Tamil Nadu - Health Dept,Government of Tamil Nadu,08:00-16:00 (Standard PHC/HSC)
0674,Okkanadu Keelayur PHC,Primary Health Centre (PHC),Primary Level (PHC Medical Officer & VHN Supervisor),Thanjavur,614632,10.631412,79.329455,Govt of Tamil Nadu - Health Dept,Government of Tamil Nadu,08:00-16:00 (Standard PHC/HSC)
0675,Pallapatti Government Hospital,Government District / Taluk Hospital,District / Secondary Referral Level,Karur,639205,10.72384,77.891681,Govt of Tamil Nadu - Health Dept,Government of Tamil Nadu,24/7
0676,Orathanadu Government Hospital,Government District / Taluk Hospital,District / Secondary Referral Level,Thanjavur,614626,10.62866,79.251988,Govt of Tamil Nadu - Health Dept,Government of Tamil Nadu,24/7
0677,Mannargudi PHC,Primary Health Centre (PHC),Primary Level (PHC Medical Officer & VHN Supervisor),Tiruvarur,614001,10.662876,79.445326,Govt of Tamil Nadu - Health Dept,Government of Tamil Nadu,08:00-16:00 (Standard PHC/HSC)
0678,Pothukudi PHC,Primary Health Centre (PHC),Primary Level (PHC Medical Officer & VHN Supervisor),Tiruvarur,614103,10.73535,79.507579,Govt of Tamil Nadu - Health Dept,Government of Tamil Nadu,08:00-16:00 (Standard PHC/HSC)
0679,Ramachandrapuram PHC,Primary Health Centre (PHC),Primary Level (PHC Medical Officer & VHN Supervisor),Tiruppur,642120,10.73403,77.177954,Govt of Tamil Nadu - Health Dept,Government of Tamil Nadu,08:00-16:00 (Standard PHC/HSC)
0680,"Government Hospital, Gandarvakottai",Government District / Taluk Hospital,District / Secondary Referral Level,Pudukkottai,613301,10.573096,79.015455,Govt of Tamil Nadu - Health Dept,Government of Tamil Nadu,24/7
0681,"PHC, Alangiyam",Primary Health Centre (PHC),Primary Level (PHC Medical Officer & VHN Supervisor),Tiruppur,638672,10.65733,77.494865,Govt of Tamil Nadu - Health Dept,Government of Tamil Nadu,08:00-16:00 (Standard PHC/HSC)
0682,Rayapuram PHC,Primary Health Centre (PHC),Primary Level (PHC Medical Officer & VHN Supervisor),Tiruvarur,612803,10.73317,79.401543,Govt of Tamil Nadu - Health Dept,Government of Tamil Nadu,08:00-16:00 (Standard PHC/HSC)
0683,Vijayapuram Government hospital,Government District / Taluk Hospital,District / Secondary Referral Level,Tiruvarur,610001,10.763963,79.64233,Govt of Tamil Nadu - Health Dept,Government of Tamil Nadu,24/7
0684,Vadaseri PHC,Primary Health Centre (PHC),Primary Level (PHC Medical Officer & VHN Supervisor),Thanjavur,614905,10.568741,79.383684,Govt of Tamil Nadu - Health Dept,Government of Tamil Nadu,08:00-16:00 (Standard PHC/HSC)
0685,Thalayamangalam PHC,Primary Health Centre (PHC),Primary Level (PHC Medical Officer & VHN Supervisor),Tiruvarur,611101,10.592405,79.47753,Govt of Tamil Nadu - Health Dept,Government of Tamil Nadu,08:00-16:00 (Standard PHC/HSC)
0686,"Government Hospital, Neerpalani",Government District / Taluk Hospital,District / Secondary Referral Level,Pudukkottai,622515,10.62088,78.707083,Govt of Tamil Nadu - Health Dept,Government of Tamil Nadu,24/7
0687,"PHC, Inamkulathur",Primary Health Centre (PHC),Primary Level (PHC Medical Officer & VHN Supervisor),Tiruchirappalli,620009,10.70074,78.550196,Govt of Tamil Nadu - Health Dept,Government of Tamil Nadu,08:00-16:00 (Standard PHC/HSC)
0688,"PHC, K.Keeranur",Primary Health Centre (PHC),Primary Level (PHC Medical Officer & VHN Supervisor),Dindigul,624616,10.61444,77.727889,Govt of Tamil Nadu - Health Dept,Government of Tamil Nadu,08:00-16:00 (Standard PHC/HSC)
0689,"Government Hospital, Aniyapoor",Government District / Taluk Hospital,District / Secondary Referral Level,Tiruchirappalli,621307,10.672737,78.32575,Govt of Tamil Nadu - Health Dept,Government of Tamil Nadu,24/7
0690,Vadugapalayam Government Hospital,Government District / Taluk Hospital,District / Secondary Referral Level,Coimbatore,642001,10.66878,76.995189,Govt of Tamil Nadu - Health Dept,Government of Tamil Nadu,24/7
0691,Manapparai Government Hospital,Government District / Taluk Hospital,District / Secondary Referral Level,Tiruchirappalli,621306,10.606252,78.425182,Govt of Tamil Nadu - Health Dept,Government of Tamil Nadu,24/7
0692,Mandaiyur PHC,Primary Health Centre (PHC),Primary Level (PHC Medical Officer & VHN Supervisor),Pudukkottai,622515,10.65516,78.72144,Govt of Tamil Nadu - Health Dept,Government of Tamil Nadu,08:00-16:00 (Standard PHC/HSC)
0693,"Thogamalai,Government Hospital",Government District / Taluk Hospital,District / Secondary Referral Level,Karur,621313,10.726853,78.40973,Govt of Tamil Nadu - Health Dept,Government of Tamil Nadu,24/7
0694,Vallam PHC,Primary Health Centre (PHC),Primary Level (PHC Medical Officer & VHN Supervisor),Thanjavur,613403,10.71967,79.061996,Govt of Tamil Nadu - Health Dept,Government of Tamil Nadu,08:00-16:00 (Standard PHC/HSC)
0695,"PHC, Erisinampatti",Primary Health Centre (PHC),Primary Level (PHC Medical Officer & VHN Supervisor),Tiruppur,642207,10.545509,77.115929,Govt of Tamil Nadu - Health Dept,Government of Tamil Nadu,08:00-16:00 (Standard PHC/HSC)
0696,Thirupoondi CHC,Primary Health Centre (PHC),Primary Level (PHC Medical Officer & VHN Supervisor),Nagapattinam,611110,10.62642,79.812096,Govt of Tamil Nadu - Health Dept,Government of Tamil Nadu,08:00-16:00 (Standard PHC/HSC)
0697,Palayapatti PHC,Primary Health Centre (PHC),Primary Level (PHC Medical Officer & VHN Supervisor),Thanjavur,613402,10.71021,78.916813,Govt of Tamil Nadu - Health Dept,Government of Tamil Nadu,08:00-16:00 (Standard PHC/HSC)
0698,Udumalpet PHC,Primary Health Centre (PHC),Primary Level (PHC Medical Officer & VHN Supervisor),Tiruppur,642126,10.583659,77.247276,Govt of Tamil Nadu - Health Dept,Government of Tamil Nadu,08:00-16:00 (Standard PHC/HSC)
0699,"PHC, Burma Colony",Primary Health Centre (PHC),Primary Level (PHC Medical Officer & VHN Supervisor),Thanjavur,613001,10.77366,79.14132,Govt of Tamil Nadu - Health Dept,Government of Tamil Nadu,08:00-16:00 (Standard PHC/HSC)
0700,Koovakkapatti Government Hospital,Government District / Taluk Hospital,District / Secondary Referral Level,Dindigul,624710,10.5722,77.988726,Govt of Tamil Nadu - Health Dept,Government of Tamil Nadu,24/7
0701,"PHC, Kilakurichy",Primary Health Centre (PHC),Primary Level (PHC Medical Officer & VHN Supervisor),Tiruchirappalli,620007,10.763622,78.735686,Govt of Tamil Nadu - Health Dept,Government of Tamil Nadu,08:00-16:00 (Standard PHC/HSC)
0702,"Government Hospital, Vettaikaranputhur",Government District / Taluk Hospital,District / Secondary Referral Level,Coimbatore,642129,10.564213,76.91963,Govt of Tamil Nadu - Health Dept,Government of Tamil Nadu,24/7
0703,"Government Hospital, Kovilur",Government District / Taluk Hospital,District / Secondary Referral Level,Dindigul,624706,10.596101,78.078406,Govt of Tamil Nadu - Health Dept,Government of Tamil Nadu,24/7
0704,"PHC, Adiyakkamangalam",Primary Health Centre (PHC),Primary Level (PHC Medical Officer & VHN Supervisor),Tiruvarur,611101,10.759221,79.681708,Govt of Tamil Nadu - Health Dept,Government of Tamil Nadu,08:00-16:00 (Standard PHC/HSC)
0705,Podaturpet Government Hospital,Government District / Taluk Hospital,District / Secondary Referral Level,Tiruvallur,631207,13.279108,79.482294,Govt of Tamil Nadu - Health Dept,Government of Tamil Nadu,24/7
0706,"UHP, Kodungaiyur 1",Primary Health Centre (PHC),Primary Level (PHC Medical Officer & VHN Supervisor),Chennai,600118,13.13478,80.243553,Unspecified,Unspecified,08:00-16:00 (Standard PHC/HSC)
0707,Velliagaram PHC,Primary Health Centre (PHC),Primary Level (PHC Medical Officer & VHN Supervisor),Tiruvallur,631208,13.32959,79.424681,Govt of Tamil Nadu - Health Dept,Government of Tamil Nadu,08:00-16:00 (Standard PHC/HSC)
0708,Poondi PHC,Primary Health Centre (PHC),Primary Level (PHC Medical Officer & VHN Supervisor),Tiruvallur,602023,13.208001,79.87612,Govt of Tamil Nadu - Health Dept,Government of Tamil Nadu,08:00-16:00 (Standard PHC/HSC)
0709,"PHC, Beerakuppam",Primary Health Centre (PHC),Primary Level (PHC Medical Officer & VHN Supervisor),Tiruvallur,631205,13.172902,79.502033,Govt of Tamil Nadu - Health Dept,Government of Tamil Nadu,08:00-16:00 (Standard PHC/HSC)
0710,"PHC, Eguvarpalayam",Primary Health Centre (PHC),Primary Level (PHC Medical Officer & VHN Supervisor),Tiruvallur,601201,13.43591,80.060081,Govt of Tamil Nadu - Health Dept,Government of Tamil Nadu,08:00-16:00 (Standard PHC/HSC)
0711,"PHC, Katchur",Primary Health Centre (PHC),Primary Level (PHC Medical Officer & VHN Supervisor),Tiruvallur,602026,13.291091,79.886887,Govt of Tamil Nadu - Health Dept,Government of Tamil Nadu,08:00-16:00 (Standard PHC/HSC)
0712,Padianallur PHC,Primary Health Centre (PHC),Primary Level (PHC Medical Officer & VHN Supervisor),Chennai,600052,13.203287,80.173036,Govt of Tamil Nadu - Health Dept,Government of Tamil Nadu,08:00-16:00 (Standard PHC/HSC)
0713,Medhur PHC,Primary Health Centre (PHC),Primary Level (PHC Medical Officer & VHN Supervisor),Tiruvallur,601204,13.385682,80.219324,Govt of Tamil Nadu - Health Dept,Government of Tamil Nadu,08:00-16:00 (Standard PHC/HSC)
0714,Pattaraiperumbudur PHC,Primary Health Centre (PHC),Primary Level (PHC Medical Officer & VHN Supervisor),Tiruvallur,602001,13.15351,79.821262,Govt of Tamil Nadu - Health Dept,Government of Tamil Nadu,08:00-16:00 (Standard PHC/HSC)
0715,Pallipattu Government Hospital,Government District / Taluk Hospital,District / Secondary Referral Level,Tiruvallur,631208,13.33715,79.46618,Govt of Tamil Nadu - Health Dept,Government of Tamil Nadu,24/7
0716,"PHC, Budur",Primary Health Centre (PHC),Primary Level (PHC Medical Officer & VHN Supervisor),Chennai,600067,13.23408,80.207149,Govt of Tamil Nadu - Health Dept,Government of Tamil Nadu,08:00-16:00 (Standard PHC/HSC)
0717,"Tiruthani, Government Hospital",Government District / Taluk Hospital,District / Secondary Referral Level,Tiruvallur,631209,13.17423,79.619808,Govt of Tamil Nadu - Health Dept,Government of Tamil Nadu,24/7
0718,Ponnai CHC,Primary Health Centre (PHC),Primary Level (PHC Medical Officer & VHN Supervisor),Vellore,632514,13.12847,79.254207,Govt of Tamil Nadu - Health Dept,Government of Tamil Nadu,08:00-16:00 (Standard PHC/HSC)
0719,Ponneri Government Hospital,Government District / Taluk Hospital,District / Secondary Referral Level,Tiruvallur,601204,13.332999,80.197254,Govt of Tamil Nadu - Health Dept,Government of Tamil Nadu,24/7
0720,"Govt Hospital, Alamathi",Government Health Facility / Clinic,Community Health Post,Chennai,600052,13.209768,80.112121,Govt of Tamil Nadu - Health Dept,Government of Tamil Nadu,08:00-16:00 (Standard PHC/HSC)
0721,Thiruthani PHC,Primary Health Centre (PHC),Primary Level (PHC Medical Officer & VHN Supervisor),Tiruvallur,631209,13.17401,79.620034,Govt of Tamil Nadu - Health Dept,Government of Tamil Nadu,08:00-16:00 (Standard PHC/HSC)
0722,Jeeva Nagar North UPHC,Urban Primary Health Centre (UPHC),Urban Primary Level (USHA Base),Chennai,600081,13.13262,80.2863,Govt of Tamil Nadu - Health Dept,Government of Tamil Nadu,08:00-16:00 (Standard PHC/HSC)
0723,"PHC, Madharpakkam",Primary Health Centre (PHC),Primary Level (PHC Medical Officer & VHN Supervisor),Tiruvallur,601202,13.447755,80.002415,Govt of Tamil Nadu - Health Dept,Government of Tamil Nadu,08:00-16:00 (Standard PHC/HSC)
0724,Periyapalayam PHC,Primary Health Centre (PHC),Primary Level (PHC Medical Officer & VHN Supervisor),Tiruvallur,601102,13.311858,80.043086,Govt of Tamil Nadu - Health Dept,Government of Tamil Nadu,08:00-16:00 (Standard PHC/HSC)
0725,"PHC, Kanakamma Chatram",Primary Health Centre (PHC),Primary Level (PHC Medical Officer & VHN Supervisor),Tiruvallur,631204,13.20386,79.756264,Govt of Tamil Nadu - Health Dept,Government of Tamil Nadu,08:00-16:00 (Standard PHC/HSC)
0726,"PHC, Kannankottai",Primary Health Centre (PHC),Primary Level (PHC Medical Officer & VHN Supervisor),Tiruvallur,601202,13.395122,79.97642,Govt of Tamil Nadu - Health Dept,Government of Tamil Nadu,08:00-16:00 (Standard PHC/HSC)
0727,"PHC, Athipet",Primary Health Centre (PHC),Primary Level (PHC Medical Officer & VHN Supervisor),Chennai,601203,13.261199,80.293526,Govt of Tamil Nadu - Health Dept,Government of Tamil Nadu,08:00-16:00 (Standard PHC/HSC)
0728,Government Hospital Vanganur,Government District / Taluk Hospital,District / Secondary Referral Level,Tiruvallur,631304,13.186,79.460003,Govt of Tamil Nadu - Health Dept,Government of Tamil Nadu,24/7
0729,Morai PHC,Primary Health Centre (PHC),Primary Level (PHC Medical Officer & VHN Supervisor),Chennai,600055,13.15422,80.072922,Govt of Tamil Nadu - Health Dept,Government of Tamil Nadu,08:00-16:00 (Standard PHC/HSC)
0730,"PHC, Kavarapettai",Primary Health Centre (PHC),Primary Level (PHC Medical Officer & VHN Supervisor),Tiruvallur,601101,13.355527,80.139758,Govt of Tamil Nadu - Health Dept,Government of Tamil Nadu,08:00-16:00 (Standard PHC/HSC)
0731,"PHC, Maddur",Primary Health Centre (PHC),Primary Level (PHC Medical Officer & VHN Supervisor),Tiruvallur,631206,13.23723,79.558399,Govt of Tamil Nadu - Health Dept,Government of Tamil Nadu,08:00-16:00 (Standard PHC/HSC)
0732,"PHC, Madhavaram",Primary Health Centre (PHC),Primary Level (PHC Medical Officer & VHN Supervisor),Chennai,600060,13.148085,80.230099,Govt of Tamil Nadu - Health Dept,Government of Tamil Nadu,08:00-16:00 (Standard PHC/HSC)
0733,"Government Hospital, Uthukottai",Government District / Taluk Hospital,District / Secondary Referral Level,Tiruvallur,602026,13.332764,79.89834,Govt of Tamil Nadu - Health Dept,Government of Tamil Nadu,24/7
0734,"PHC, Kathivakkam",Primary Health Centre (PHC),Primary Level (PHC Medical Officer & VHN Supervisor),Chennai,600057,13.21429,80.32011,Govt of Tamil Nadu - Health Dept,Government of Tamil Nadu,08:00-16:00 (Standard PHC/HSC)
0735,Kalayanakuppam PHC,Primary Health Centre (PHC),Primary Level (PHC Medical Officer & VHN Supervisor),Tiruvallur,602021,13.160979,79.941053,Govt of Tamil Nadu - Health Dept,Government of Tamil Nadu,08:00-16:00 (Standard PHC/HSC)
0736,"PHC, Devampet",Primary Health Centre (PHC),Primary Level (PHC Medical Officer & VHN Supervisor),Tiruvallur,601205,13.452859,80.202733,Govt of Tamil Nadu - Health Dept,Government of Tamil Nadu,08:00-16:00 (Standard PHC/HSC)
0737,Manali New Town PHC,Primary Health Centre (PHC),Primary Level (PHC Medical Officer & VHN Supervisor),Chennai,600103,13.206878,80.274223,Govt of Tamil Nadu - Health Dept,Government of Tamil Nadu,08:00-16:00 (Standard PHC/HSC)
0738,"Government Hospital, Gummudipoondi",Government District / Taluk Hospital,District / Secondary Referral Level,Tiruvallur,601201,13.416091,80.129667,Govt of Tamil Nadu - Health Dept,Government of Tamil Nadu,24/7
0739,Poonimangadu PHC,Primary Health Centre (PHC),Primary Level (PHC Medical Officer & VHN Supervisor),Tiruvallur,631212,13.26173,79.635564,Govt of Tamil Nadu - Health Dept,Government of Tamil Nadu,08:00-16:00 (Standard PHC/HSC)
0740,"UHPC, Ernavur",Primary Health Centre (PHC),Primary Level (PHC Medical Officer & VHN Supervisor),Chennai,600057,13.189552,80.303861,Unspecified,Unspecified,08:00-16:00 (Standard PHC/HSC)
0741,Thiruvallur Urban PHC,Urban Primary Health Centre (UPHC),Urban Primary Level (USHA Base),Tiruvallur,602001,13.127756,79.910983,Govt of Tamil Nadu - Health Dept,Government of Tamil Nadu,08:00-16:00 (Standard PHC/HSC)
0742,"PHC, Kattur",Primary Health Centre (PHC),Primary Level (PHC Medical Officer & VHN Supervisor),Tiruvallur,601203,13.357634,80.283866,Govt of Tamil Nadu - Health Dept,Government of Tamil Nadu,08:00-16:00 (Standard PHC/HSC)
0743,"PHC, Athimanjeripet",Primary Health Centre (PHC),Primary Level (PHC Medical Officer & VHN Supervisor),Tiruvallur,631202,13.245855,79.437076,Govt of Tamil Nadu - Health Dept,Government of Tamil Nadu,08:00-16:00 (Standard PHC/HSC)
0744,Mudhur PHC,Primary Health Centre (PHC),Primary Level (PHC Medical Officer & VHN Supervisor),Vellore,631003,13.150697,79.684624,Govt of Tamil Nadu - Health Dept,Government of Tamil Nadu,08:00-16:00 (Standard PHC/HSC)
0745,Panchetti PHC,Primary Health Centre (PHC),Primary Level (PHC Medical Officer & VHN Supervisor),Chennai,601204,13.2853,80.148494,Govt of Tamil Nadu - Health Dept,Government of Tamil Nadu,08:00-16:00 (Standard PHC/HSC)
0746,"Government Hospital, Velliyur",Government District / Taluk Hospital,District / Secondary Referral Level,Chennai,601103,13.217721,80.011746,Govt of Tamil Nadu - Health Dept,Government of Tamil Nadu,24/7
0747,"PHC, Kollumedu",Primary Health Centre (PHC),Primary Level (PHC Medical Officer & VHN Supervisor),Chennai,600062,13.16156,80.112802,Govt of Tamil Nadu - Health Dept,Government of Tamil Nadu,08:00-16:00 (Standard PHC/HSC)
0748,Oragadam PHC,Primary Health Centre (PHC),Primary Level (PHC Medical Officer & VHN Supervisor),Chennai,600050,13.129788,80.153677,Govt of Tamil Nadu - Health Dept,Government of Tamil Nadu,08:00-16:00 (Standard PHC/HSC)
0749,Sunnambukulam PHC,Primary Health Centre (PHC),Primary Level (PHC Medical Officer & VHN Supervisor),Tiruvallur,601201,13.489427,80.142919,Govt of Tamil Nadu - Health Dept,Government of Tamil Nadu,08:00-16:00 (Standard PHC/HSC)
0750,Minjur PHC,Primary Health Centre (PHC),Primary Level (PHC Medical Officer & VHN Supervisor),Chennai,601203,13.276915,80.259144,Govt of Tamil Nadu - Health Dept,Government of Tamil Nadu,08:00-16:00 (Standard PHC/HSC)
0751,PHC Ammaiyarkuppam,Primary Health Centre (PHC),Primary Level (PHC Medical Officer & VHN Supervisor),Tiruvallur,631301,13.174003,79.423297,Govt of Tamil Nadu - Health Dept,Government of Tamil Nadu,08:00-16:00 (Standard PHC/HSC)
0752,Puliyur PHC,Primary Health Centre (PHC),Primary Level (PHC Medical Officer & VHN Supervisor),Chennai,602024,13.159023,80.016176,Govt of Tamil Nadu - Health Dept,Government of Tamil Nadu,08:00-16:00 (Standard PHC/HSC)
0753,Sorakipattu PHC,Primary Health Centre (PHC),Primary Level (PHC Medical Officer & VHN Supervisor),Tiruvallur,631208,13.315356,79.478503,Govt of Tamil Nadu - Health Dept,Government of Tamil Nadu,08:00-16:00 (Standard PHC/HSC)
0754,Vengal PHC,Primary Health Centre (PHC),Primary Level (PHC Medical Officer & VHN Supervisor),Chennai,601103,13.253252,80.014622,Govt of Tamil Nadu - Health Dept,Government of Tamil Nadu,08:00-16:00 (Standard PHC/HSC)
0755,Manali PHC,Primary Health Centre (PHC),Primary Level (PHC Medical Officer & VHN Supervisor),Chennai,600068,13.16868,80.25812,Govt of Tamil Nadu - Health Dept,Government of Tamil Nadu,08:00-16:00 (Standard PHC/HSC)
0756,Thirumullaivoyal PHC,Primary Health Centre (PHC),Primary Level (PHC Medical Officer & VHN Supervisor),Chennai,600062,13.130929,80.131225,Govt of Tamil Nadu - Health Dept,Government of Tamil Nadu,08:00-16:00 (Standard PHC/HSC)
0757,"PHC, Enambakkam",Primary Health Centre (PHC),Primary Level (PHC Medical Officer & VHN Supervisor),Tiruvallur,601103,13.288276,79.995986,Govt of Tamil Nadu - Health Dept,Government of Tamil Nadu,08:00-16:00 (Standard PHC/HSC)
0758,Vilangadupakkam PHC,Primary Health Centre (PHC),Primary Level (PHC Medical Officer & VHN Supervisor),Chennai,600052,13.194993,80.212157,Govt of Tamil Nadu - Health Dept,Government of Tamil Nadu,08:00-16:00 (Standard PHC/HSC)
0759,"Government Hospital, R.K.Pet",Government District / Taluk Hospital,District / Secondary Referral Level,Tiruvallur,631303,13.1625,79.431479,Govt of Tamil Nadu - Health Dept,Government of Tamil Nadu,24/7
0760,"UHP, Kodungaiyur 2",Primary Health Centre (PHC),Primary Level (PHC Medical Officer & VHN Supervisor),Chennai,600118,13.13079,80.258508,Unspecified,Unspecified,08:00-16:00 (Standard PHC/HSC)
0761,Government Hospital Kadhavoor,Government District / Taluk Hospital,District / Secondary Referral Level,Chennai,602024,13.178305,80.061261,Govt of Tamil Nadu - Health Dept,Government of Tamil Nadu,24/7
0762,"PHC, Arani",Primary Health Centre (PHC),Primary Level (PHC Medical Officer & VHN Supervisor),Tiruvallur,601101,13.335684,80.085977,Govt of Tamil Nadu - Health Dept,Government of Tamil Nadu,08:00-16:00 (Standard PHC/HSC)
0763,Siluvathur PHC,Primary Health Centre (PHC),Primary Level (PHC Medical Officer & VHN Supervisor),Dindigul,624306,10.354906,78.093343,Govt of Tamil Nadu - Health Dept,Government of Tamil Nadu,08:00-16:00 (Standard PHC/HSC)
0764,V.S.Kottai PHC,Primary Health Centre (PHC),Primary Level (PHC Medical Officer & VHN Supervisor),Dindigul,624306,10.331839,78.131162,Govt of Tamil Nadu - Health Dept,Government of Tamil Nadu,08:00-16:00 (Standard PHC/HSC)
0765,"Government Hospital, Nachandupatti",Government District / Taluk Hospital,District / Secondary Referral Level,Pudukkottai,622404,10.318644,78.722664,Govt of Tamil Nadu - Health Dept,Government of Tamil Nadu,24/7
0766,Thirugokarnam PHC,Primary Health Centre (PHC),Primary Level (PHC Medical Officer & VHN Supervisor),Pudukkottai,622001,10.379577,78.82091,Govt of Tamil Nadu - Health Dept,Government of Tamil Nadu,08:00-16:00 (Standard PHC/HSC)
0767,"Government Hospital, Vedaranyam",Government District / Taluk Hospital,District / Secondary Referral Level,Nagapattinam,614806,10.378089,79.852035,Govt of Tamil Nadu - Health Dept,Government of Tamil Nadu,24/7
0768,"PHC, Kalagam",Primary Health Centre (PHC),Primary Level (PHC Medical Officer & VHN Supervisor),Thanjavur,614803,10.317605,79.232405,Govt of Tamil Nadu - Health Dept,Government of Tamil Nadu,08:00-16:00 (Standard PHC/HSC)
0769,"PHC, Kurichi",Primary Health Centre (PHC),Primary Level (PHC Medical Officer & VHN Supervisor),Thanjavur,614628,10.407826,79.252338,Govt of Tamil Nadu - Health Dept,Government of Tamil Nadu,08:00-16:00 (Standard PHC/HSC)
0770,"PHC, Alagiyanayagipuram",Primary Health Centre (PHC),Primary Level (PHC Medical Officer & VHN Supervisor),Thanjavur,614723,10.307738,79.301294,Govt of Tamil Nadu - Health Dept,Government of Tamil Nadu,08:00-16:00 (Standard PHC/HSC)
0771,"PHC, Karaiyur",Primary Health Centre (PHC),Primary Level (PHC Medical Officer & VHN Supervisor),Pudukkottai,622002,10.368407,78.600262,Govt of Tamil Nadu - Health Dept,Government of Tamil Nadu,08:00-16:00 (Standard PHC/HSC)
0772,"PHC, Kosukurichi",Primary Health Centre (PHC),Primary Level (PHC Medical Officer & VHN Supervisor),Dindigul,624402,10.348009,78.30262,Govt of Tamil Nadu - Health Dept,Government of Tamil Nadu,08:00-16:00 (Standard PHC/HSC)
0773,Vanakkankadu PHC,Primary Health Centre (PHC),Primary Level (PHC Medical Officer & VHN Supervisor),Pudukkottai,622304,10.38613,79.075444,Govt of Tamil Nadu - Health Dept,Government of Tamil Nadu,08:00-16:00 (Standard PHC/HSC)
0774,Sevalpatti PHC,Primary Health Centre (PHC),Primary Level (PHC Medical Officer & VHN Supervisor),Tiruchirappalli,621314,10.366217,78.340081,Govt of Tamil Nadu - Health Dept,Government of Tamil Nadu,08:00-16:00 (Standard PHC/HSC)
0775,Valparai PHC,Primary Health Centre (PHC),Primary Level (PHC Medical Officer & VHN Supervisor),Coimbatore,642127,10.325695,76.955496,Govt of Tamil Nadu - Health Dept,Government of Tamil Nadu,08:00-16:00 (Standard PHC/HSC)
0776,Koppanapatty PHC,Primary Health Centre (PHC),Primary Level (PHC Medical Officer & VHN Supervisor),Pudukkottai,622401,10.316816,78.576393,Govt of Tamil Nadu - Health Dept,Government of Tamil Nadu,08:00-16:00 (Standard PHC/HSC)
0777,Thandikudi District Hospital,Government District / Taluk Hospital,District / Secondary Referral Level,Dindigul,624216,10.308969,77.643593,Unspecified,Unspecified,24/7
0778,"Government Hospital, Neduvasal",Government District / Taluk Hospital,District / Secondary Referral Level,Pudukkottai,622304,10.356284,79.135673,Govt of Tamil Nadu - Health Dept,Government of Tamil Nadu,24/7
0779,Muthupet PHC,Primary Health Centre (PHC),Primary Level (PHC Medical Officer & VHN Supervisor),Tiruvarur,614704,10.3997,79.496616,Govt of Tamil Nadu - Health Dept,Government of Tamil Nadu,08:00-16:00 (Standard PHC/HSC)
0780,"PHC, Narasingapuram",Primary Health Centre (PHC),Primary Level (PHC Medical Officer & VHN Supervisor),Dindigul,624307,10.308537,77.969332,Govt of Tamil Nadu - Health Dept,Government of Tamil Nadu,08:00-16:00 (Standard PHC/HSC)
0781,Maramadakki PHC,Primary Health Centre (PHC),Primary Level (PHC Medical Officer & VHN Supervisor),Pudukkottai,614622,10.295443,79.010599,Govt of Tamil Nadu - Health Dept,Government of Tamil Nadu,08:00-16:00 (Standard PHC/HSC)
0782,Thuvarankurichi Government Hospital,Government District / Taluk Hospital,District / Secondary Referral Level,Tiruchirappalli,621314,10.385529,78.379448,Govt of Tamil Nadu - Health Dept,Government of Tamil Nadu,24/7
0783,V.Pudur PHC,Primary Health Centre (PHC),Primary Level (PHC Medical Officer & VHN Supervisor),Sivaganga,630410,10.318658,78.475592,Govt of Tamil Nadu - Health Dept,Government of Tamil Nadu,08:00-16:00 (Standard PHC/HSC)
0784,Panayapatti PHC,Primary Health Centre (PHC),Primary Level (PHC Medical Officer & VHN Supervisor),Pudukkottai,622406,10.312626,78.678322,Govt of Tamil Nadu - Health Dept,Government of Tamil Nadu,08:00-16:00 (Standard PHC/HSC)
0785,Seelapadi PHC,Primary Health Centre (PHC),Primary Level (PHC Medical Officer & VHN Supervisor),Dindigul,624005,10.393893,77.99944,Govt of Tamil Nadu - Health Dept,Government of Tamil Nadu,08:00-16:00 (Standard PHC/HSC)
0786,Kamarajapuram PHC,Primary Health Centre (PHC),Primary Level (PHC Medical Officer & VHN Supervisor),Pudukkottai,622001,10.387716,78.83049,Govt of Tamil Nadu - Health Dept,Government of Tamil Nadu,08:00-16:00 (Standard PHC/HSC)
0787,"Government Hospital, Valparai",Government District / Taluk Hospital,District / Secondary Referral Level,Coimbatore,642127,10.329979,76.957798,Govt of Tamil Nadu - Health Dept,Government of Tamil Nadu,24/7
0788,"PHC, Kottaikadu",Primary Health Centre (PHC),Primary Level (PHC Medical Officer & VHN Supervisor),Pudukkottai,622304,10.404431,79.088569,Govt of Tamil Nadu - Health Dept,Government of Tamil Nadu,08:00-16:00 (Standard PHC/HSC)
0789,"PHC, Dindigul",Primary Health Centre (PHC),Primary Level (PHC Medical Officer & VHN Supervisor),Dindigul,624303,10.31204,77.944154,Govt of Tamil Nadu - Health Dept,Government of Tamil Nadu,08:00-16:00 (Standard PHC/HSC)
0790,"Government Hospital, Siruvaviduthi",Government District / Taluk Hospital,District / Secondary Referral Level,Thanjavur,614628,10.357062,79.176049,Govt of Tamil Nadu - Health Dept,Government of Tamil Nadu,24/7
0791,"PHC, Kanappadi",Primary Health Centre (PHC),Primary Level (PHC Medical Officer & VHN Supervisor),Dindigul,624802,10.40076,78.106139,Govt of Tamil Nadu - Health Dept,Government of Tamil Nadu,08:00-16:00 (Standard PHC/HSC)
0792,Sholayarnagar PHC,Primary Health Centre (PHC),Primary Level (PHC Medical Officer & VHN Supervisor),Coimbatore,642125,10.3018,76.87983,Govt of Tamil Nadu - Health Dept,Government of Tamil Nadu,08:00-16:00 (Standard PHC/HSC)
0793,"Government Hospital, Karuppampulam",Government District / Taluk Hospital,District / Secondary Referral Level,Nagapattinam,614707,10.38947,79.789277,Govt of Tamil Nadu - Health Dept,Government of Tamil Nadu,24/7
0794,Vennavalkudi PHC,Primary Health Centre (PHC),Primary Level (PHC Medical Officer & VHN Supervisor),Pudukkottai,622301,10.298557,78.937859,Govt of Tamil Nadu - Health Dept,Government of Tamil Nadu,08:00-16:00 (Standard PHC/HSC)
0795,Government Hospital Vadakadu,Government District / Taluk Hospital,District / Secondary Referral Level,Pudukkottai,622304,10.349983,79.050843,Govt of Tamil Nadu - Health Dept,Government of Tamil Nadu,24/7
0796,"PHC, M.M.Kovilur",Primary Health Centre (PHC),Primary Level (PHC Medical Officer & VHN Supervisor),Dindigul,624005,10.380524,78.045983,Govt of Tamil Nadu - Health Dept,Government of Tamil Nadu,08:00-16:00 (Standard PHC/HSC)
0797,"Thottauthu,Government Hospital",Government District / Taluk Hospital,District / Secondary Referral Level,Dindigul,624005,10.339926,78.018024,Govt of Tamil Nadu - Health Dept,Government of Tamil Nadu,24/7
0798,Senthurai PHC,Primary Health Centre (PHC),Primary Level (PHC Medical Officer & VHN Supervisor),Dindigul,624403,10.379956,78.249777,Govt of Tamil Nadu - Health Dept,Government of Tamil Nadu,08:00-16:00 (Standard PHC/HSC)
0799,Pulvayal PHC,Primary Health Centre (PHC),Primary Level (PHC Medical Officer & VHN Supervisor),Pudukkottai,622104,10.379146,78.714706,Govt of Tamil Nadu - Health Dept,Government of Tamil Nadu,08:00-16:00 (Standard PHC/HSC)
0800,Pulithipatti PHC,Primary Health Centre (PHC),Primary Level (PHC Medical Officer & VHN Supervisor),Sivaganga,630309,10.316562,78.399409,Govt of Tamil Nadu - Health Dept,Government of Tamil Nadu,08:00-16:00 (Standard PHC/HSC)
0801,Rajamadam PHC,Primary Health Centre (PHC),Primary Level (PHC Medical Officer & VHN Supervisor),Thanjavur,614701,10.316488,79.355825,Govt of Tamil Nadu - Health Dept,Government of Tamil Nadu,08:00-16:00 (Standard PHC/HSC)
0802,Thiruvarankulam PHC,Primary Health Centre (PHC),Primary Level (PHC Medical Officer & VHN Supervisor),Pudukkottai,622303,10.359483,78.876474,Govt of Tamil Nadu - Health Dept,Government of Tamil Nadu,08:00-16:00 (Standard PHC/HSC)
0803,"PHC, Kothamangalam",Primary Health Centre (PHC),Primary Level (PHC Medical Officer & VHN Supervisor),Pudukkottai,614624,10.30811,79.04505,Govt of Tamil Nadu - Health Dept,Government of Tamil Nadu,08:00-16:00 (Standard PHC/HSC)
0804,"Government Hospital, Ammarapoondi",Government District / Taluk Hospital,District / Secondary Referral Level,Dindigul,624613,10.51799,77.575279,Govt of Tamil Nadu - Health Dept,Government of Tamil Nadu,24/7
0805,Government Hospital-Sriramapuram,Government District / Taluk Hospital,District / Secondary Referral Level,Dindigul,624622,10.435557,77.80611,Govt of Tamil Nadu - Health Dept,Government of Tamil Nadu,24/7
0806,"PHC, Keeranur",Primary Health Centre (PHC),Primary Level (PHC Medical Officer & VHN Supervisor),Tiruchirappalli,621315,10.506579,78.204488,Govt of Tamil Nadu - Health Dept,Government of Tamil Nadu,08:00-16:00 (Standard PHC/HSC)
0807,Oddanchatram PHC,Primary Health Centre (PHC),Primary Level (PHC Medical Officer & VHN Supervisor),Dindigul,624619,10.49959,77.746313,Govt of Tamil Nadu - Health Dept,Government of Tamil Nadu,08:00-16:00 (Standard PHC/HSC)
0808,Kaliyapuram PHC,Primary Health Centre (PHC),Primary Level (PHC Medical Officer & VHN Supervisor),Coimbatore,642129,10.541949,76.917528,Govt of Tamil Nadu - Health Dept,Government of Tamil Nadu,08:00-16:00 (Standard PHC/HSC)
0809,Mukkanamalaipatti PHC,Primary Health Centre (PHC),Primary Level (PHC Medical Officer & VHN Supervisor),Pudukkottai,622103,10.452081,78.679456,Govt of Tamil Nadu - Health Dept,Government of Tamil Nadu,08:00-16:00 (Standard PHC/HSC)
0810,Periyakottai PHC,Primary Health Centre (PHC),Primary Level (PHC Medical Officer & VHN Supervisor),Thanjavur,614903,10.48571,79.437391,Govt of Tamil Nadu - Health Dept,Government of Tamil Nadu,08:00-16:00 (Standard PHC/HSC)
0811,Valanadu Government Hospital,Government District / Taluk Hospital,District / Secondary Referral Level,Tiruchirappalli,621308,10.44876,78.479999,Govt of Tamil Nadu - Health Dept,Government of Tamil Nadu,24/7
0812,Puduchatram PHC,Primary Health Centre (PHC),Primary Level (PHC Medical Officer & VHN Supervisor),Dindigul,624622,10.47271,77.793484,Govt of Tamil Nadu - Health Dept,Government of Tamil Nadu,08:00-16:00 (Standard PHC/HSC)
0813,Senganthiedaiyur UPHC,Urban Primary Health Centre (UPHC),Urban Primary Level (USHA Base),Tiruvarur,614702,10.471837,79.585794,Govt of Tamil Nadu - Health Dept,Government of Tamil Nadu,08:00-16:00 (Standard PHC/HSC)
0814,"Government Hospital, Vedasendur",Government District / Taluk Hospital,District / Secondary Referral Level,Dindigul,624710,10.528397,77.954826,Govt of Tamil Nadu - Health Dept,Government of Tamil Nadu,24/7
0815,Pappampatti CHC,Primary Health Centre (PHC),Primary Level (PHC Medical Officer & VHN Supervisor),Dindigul,624621,10.441035,77.403553,Govt of Tamil Nadu - Health Dept,Government of Tamil Nadu,08:00-16:00 (Standard PHC/HSC)
0816,"PHC, Kariyapattinam",Primary Health Centre (PHC),Primary Level (PHC Medical Officer & VHN Supervisor),Nagapattinam,614806,10.465948,79.744217,Govt of Tamil Nadu - Health Dept,Government of Tamil Nadu,08:00-16:00 (Standard PHC/HSC)
0817,Thiruvonam government hospital,Government District / Taluk Hospital,District / Secondary Referral Level,Thanjavur,614614,10.50433,79.153308,Govt of Tamil Nadu - Health Dept,Government of Tamil Nadu,24/7
0818,"PHC, Alathur",Primary Health Centre (PHC),Primary Level (PHC Medical Officer & VHN Supervisor),Thanjavur,614901,10.491948,79.345902,Govt of Tamil Nadu - Health Dept,Government of Tamil Nadu,08:00-16:00 (Standard PHC/HSC)
0819,Government Hospital Kalapal,Government District / Taluk Hospital,District / Secondary Referral Level,Tiruvarur,614710,10.54426,79.54749,Govt of Tamil Nadu - Health Dept,Government of Tamil Nadu,24/7
0820,Pappanadu PHC,Primary Health Centre (PHC),Primary Level (PHC Medical Officer & VHN Supervisor),Thanjavur,614626,10.543513,79.281908,Govt of Tamil Nadu - Health Dept,Government of Tamil Nadu,08:00-16:00 (Standard PHC/HSC)
0821,"Government Hospital, Balasamuthram",Government District / Taluk Hospital,District / Secondary Referral Level,Dindigul,624610,10.419578,77.501745,Govt of Tamil Nadu - Health Dept,Government of Tamil Nadu,24/7
0822,Pilathu PHC,Primary Health Centre (PHC),Primary Level (PHC Medical Officer & VHN Supervisor),Dindigul,624802,10.477699,78.108017,Govt of Tamil Nadu - Health Dept,Government of Tamil Nadu,08:00-16:00 (Standard PHC/HSC)
0823,Pappankulam Government Hospital,Government District / Taluk Hospital,District / Secondary Referral Level,Tiruppur,642204,10.527244,77.323881,Govt of Tamil Nadu - Health Dept,Government of Tamil Nadu,24/7
0824,"Government Hospital, Thadicombu",Government District / Taluk Hospital,District / Secondary Referral Level,Dindigul,624709,10.438415,77.955042,Govt of Tamil Nadu - Health Dept,Government of Tamil Nadu,24/7
0825,Sithamalli PHC,Primary Health Centre (PHC),Primary Level (PHC Medical Officer & VHN Supervisor),Tiruvarur,614705,10.46236,79.505823,Govt of Tamil Nadu - Health Dept,Government of Tamil Nadu,08:00-16:00 (Standard PHC/HSC)
0826,"Government Hospital, Jallipatti",Government District / Taluk Hospital,District / Secondary Referral Level,Tiruppur,642112,10.507437,77.203841,Govt of Tamil Nadu - Health Dept,Government of Tamil Nadu,24/7
0827,"Government hospital,Vellalaviduthy",Government District / Taluk Hospital,District / Secondary Referral Level,Pudukkottai,613301,10.507413,79.07919,Govt of Tamil Nadu - Health Dept,Government of Tamil Nadu,24/7
0828,T.Sukkampatti PHC,Primary Health Centre (PHC),Primary Level (PHC Medical Officer & VHN Supervisor),Tiruchirappalli,621310,10.496237,78.403105,Govt of Tamil Nadu - Health Dept,Government of Tamil Nadu,08:00-16:00 (Standard PHC/HSC)
0829,"PHC, Amaravathi Nagar",Primary Health Centre (PHC),Primary Level (PHC Medical Officer & VHN Supervisor),Tiruppur,642102,10.427147,77.261786,Govt of Tamil Nadu - Health Dept,Government of Tamil Nadu,08:00-16:00 (Standard PHC/HSC)
0830,Perungalur PHC,Primary Health Centre (PHC),Primary Level (PHC Medical Officer & VHN Supervisor),Pudukkottai,622203,10.489184,78.930853,Govt of Tamil Nadu - Health Dept,Government of Tamil Nadu,08:00-16:00 (Standard PHC/HSC)
0831,"Government Hospital, Idumbavanam",Government District / Taluk Hospital,District / Secondary Referral Level,Tiruvarur,614703,10.42032,79.593648,Govt of Tamil Nadu - Health Dept,Government of Tamil Nadu,24/7
0832,"Government Hospital, Cauvery Nagar",Government District / Taluk Hospital,District / Secondary Referral Level,Pudukkottai,622501,10.475691,78.797966,Govt of Tamil Nadu - Health Dept,Government of Tamil Nadu,24/7
0833,Varappur PHC,Primary Health Centre (PHC),Primary Level (PHC Medical Officer & VHN Supervisor),Pudukkottai,622203,10.466007,78.976746,Govt of Tamil Nadu - Health Dept,Government of Tamil Nadu,08:00-16:00 (Standard PHC/HSC)
0834,"Government Hospital, Tiruthuraipoondi",Government District / Taluk Hospital,District / Secondary Referral Level,Tiruvarur,614713,10.53,79.643497,Govt of Tamil Nadu - Health Dept,Government of Tamil Nadu,24/7
0835,Parambur CHC,Primary Health Centre (PHC),Primary Level (PHC Medical Officer & VHN Supervisor),Pudukkottai,622104,10.443893,78.63429,Govt of Tamil Nadu - Health Dept,Government of Tamil Nadu,08:00-16:00 (Standard PHC/HSC)
0836,Puthanatham Government Hospital,Government District / Taluk Hospital,District / Secondary Referral Level,Tiruchirappalli,621306,10.46598,78.366786,Govt of Tamil Nadu - Health Dept,Government of Tamil Nadu,24/7
0837,"PHC, Eriodu",Primary Health Centre (PHC),Primary Level (PHC Medical Officer & VHN Supervisor),Dindigul,624702,10.513583,78.067855,Govt of Tamil Nadu - Health Dept,Government of Tamil Nadu,08:00-16:00 (Standard PHC/HSC)
0838,"PHC, Madiyanallur",Primary Health Centre (PHC),Primary Level (PHC Medical Officer & VHN Supervisor),Pudukkottai,622101,10.433018,78.736293,Govt of Tamil Nadu - Health Dept,Government of Tamil Nadu,08:00-16:00 (Standard PHC/HSC)
0839,"Government Hospital, Annavasal",Government District / Taluk Hospital,District / Secondary Referral Level,Pudukkottai,622101,10.457824,78.702862,Govt of Tamil Nadu - Health Dept,Government of Tamil Nadu,24/7
0840,Periavalavadi PHC,Primary Health Centre (PHC),Primary Level (PHC Medical Officer & VHN Supervisor),Tiruppur,642132,10.544371,77.1821,Govt of Tamil Nadu - Health Dept,Government of Tamil Nadu,08:00-16:00 (Standard PHC/HSC)
0841,"PHC, K.Pudukottai",Primary Health Centre (PHC),Primary Level (PHC Medical Officer & VHN Supervisor),Dindigul,624709,10.45471,77.868154,Govt of Tamil Nadu - Health Dept,Government of Tamil Nadu,08:00-16:00 (Standard PHC/HSC)
0842,"Government Hospital, Narikkalpatti",Government District / Taluk Hospital,District / Secondary Referral Level,Dindigul,624618,10.54006,77.473297,Govt of Tamil Nadu - Health Dept,Government of Tamil Nadu,24/7
0843,"PHC,Nambivayal",Primary Health Centre (PHC),Primary Level (PHC Medical Officer & VHN Supervisor),Thanjavur,614615,10.484768,79.247797,Govt of Tamil Nadu - Health Dept,Government of Tamil Nadu,08:00-16:00 (Standard PHC/HSC)
0844,"PHC, Madukkur",Primary Health Centre (PHC),Primary Level (PHC Medical Officer & VHN Supervisor),Thanjavur,614903,10.479647,79.402762,Govt of Tamil Nadu - Health Dept,Government of Tamil Nadu,08:00-16:00 (Standard PHC/HSC)
0845,"Government Hospital, Thirumakottai",Government District / Taluk Hospital,District / Secondary Referral Level,Tiruvarur,614017,10.535446,79.458581,Govt of Tamil Nadu - Health Dept,Government of Tamil Nadu,24/7
0846,Government Hospital Palani,Government District / Taluk Hospital,District / Secondary Referral Level,Dindigul,624601,10.44856,77.516727,Govt of Tamil Nadu - Health Dept,Government of Tamil Nadu,24/7
0847,Topslip PHC,Primary Health Centre (PHC),Primary Level (PHC Medical Officer & VHN Supervisor),Coimbatore,642129,10.47102,76.842802,Govt of Tamil Nadu - Health Dept,Government of Tamil Nadu,08:00-16:00 (Standard PHC/HSC)
0848,"Government Hospital, Illuppur",Government District / Taluk Hospital,District / Secondary Referral Level,Pudukkottai,622102,10.511751,78.623932,Govt of Tamil Nadu - Health Dept,Government of Tamil Nadu,24/7
0849,"PHC, Malaiyur",Primary Health Centre (PHC),Primary Level (PHC Medical Officer & VHN Supervisor),Pudukkottai,622301,10.42788,79.022435,Govt of Tamil Nadu - Health Dept,Government of Tamil Nadu,08:00-16:00 (Standard PHC/HSC)
0850,Government Hospital Karambakkudi,Government District / Taluk Hospital,District / Secondary Referral Level,Pudukkottai,622301,10.45721,79.14039,Govt of Tamil Nadu - Health Dept,Government of Tamil Nadu,24/7
0851,"Government Hospital, Naluvedapathi",Government District / Taluk Hospital,District / Secondary Referral Level,Nagapattinam,611112,10.50378,79.839962,Govt of Tamil Nadu - Health Dept,Government of Tamil Nadu,24/7
0852,Vengarai PHC,Primary Health Centre (PHC),Primary Level (PHC Medical Officer & VHN Supervisor),Thanjavur,614628,10.426939,79.211533,Govt of Tamil Nadu - Health Dept,Government of Tamil Nadu,08:00-16:00 (Standard PHC/HSC)
0853,"PHC, Karambayam",Primary Health Centre (PHC),Primary Level (PHC Medical Officer & VHN Supervisor),Thanjavur,614626,10.49039,79.298236,Govt of Tamil Nadu - Health Dept,Government of Tamil Nadu,08:00-16:00 (Standard PHC/HSC)
0854,"PHC, Enathi",Primary Health Centre (PHC),Primary Level (PHC Medical Officer & VHN Supervisor),Thanjavur,614615,10.456962,79.288975,Govt of Tamil Nadu - Health Dept,Government of Tamil Nadu,08:00-16:00 (Standard PHC/HSC)
0855,"Adanakkottai, PHC",Primary Health Centre (PHC),Primary Level (PHC Medical Officer & VHN Supervisor),Pudukkottai,613301,10.542568,78.958186,Govt of Tamil Nadu - Health Dept,Government of Tamil Nadu,08:00-16:00 (Standard PHC/HSC)
0856,Pattukottai Government Hospital,Government District / Taluk Hospital,District / Secondary Referral Level,Thanjavur,614613,10.42116,79.317879,Govt of Tamil Nadu - Health Dept,Government of Tamil Nadu,24/7
0857,"Government Hospital, Komaralingam",Government District / Taluk Hospital,District / Secondary Referral Level,Tiruppur,642204,10.48788,77.349253,Govt of Tamil Nadu - Health Dept,Government of Tamil Nadu,24/7
0858,Voimedu PHC,Primary Health Centre (PHC),Primary Level (PHC Medical Officer & VHN Supervisor),Nagapattinam,614714,10.412544,79.684678,Govt of Tamil Nadu - Health Dept,Government of Tamil Nadu,08:00-16:00 (Standard PHC/HSC)
0859,"PHC, Chatrapatti",Primary Health Centre (PHC),Primary Level (PHC Medical Officer & VHN Supervisor),Dindigul,624614,10.467392,77.673555,Govt of Tamil Nadu - Health Dept,Government of Tamil Nadu,08:00-16:00 (Standard PHC/HSC)
0860,Korukkai PHC,Primary Health Centre (PHC),Primary Level (PHC Medical Officer & VHN Supervisor),Tiruvarur,614716,10.524276,79.698867,Govt of Tamil Nadu - Health Dept,Government of Tamil Nadu,08:00-16:00 (Standard PHC/HSC)
0861,Irch Uhp,Primary Health Centre (PHC),Primary Level (PHC Medical Officer & VHN Supervisor),Chennai,600017,13.104439,80.274816,Unspecified,Unspecified,08:00-16:00 (Standard PHC/HSC)
0862,Korukkupet UPHC,Urban Primary Health Centre (UPHC),Urban Primary Level (USHA Base),Chennai,600021,13.122813,80.287074,Govt of Tamil Nadu - Health Dept,Government of Tamil Nadu,08:00-16:00 (Standard PHC/HSC)
0863,Govt Kilpauk Medical College Hospital,Government Health Facility / Clinic,Community Health Post,Chennai,600010,13.07832,80.243753,Govt of Tamil Nadu - Health Dept,Government of Tamil Nadu,08:00-16:00 (Standard PHC/HSC)
0864,"Government Hospital, Nemam",Government District / Taluk Hospital,District / Secondary Referral Level,Chennai,600124,13.074706,80.01998,Govt of Tamil Nadu - Health Dept,Government of Tamil Nadu,24/7
0865,Perumuchi PHC,Primary Health Centre (PHC),Primary Level (PHC Medical Officer & VHN Supervisor),Vellore,631002,13.055722,79.675056,Govt of Tamil Nadu - Health Dept,Government of Tamil Nadu,08:00-16:00 (Standard PHC/HSC)
0866,Government Maternity And Child Hospital,Government Health Facility / Clinic,Community Health Post,Chennai,600023,13.099174,80.230199,Govt of Tamil Nadu - Health Dept,Government of Tamil Nadu,08:00-16:00 (Standard PHC/HSC)
0867,Mangalapuram PHC,Primary Health Centre (PHC),Primary Level (PHC Medical Officer & VHN Supervisor),Chennai,600031,13.073183,80.242977,Govt of Tamil Nadu - Health Dept,Government of Tamil Nadu,08:00-16:00 (Standard PHC/HSC)
0868,Perumalpattu PHC,Primary Health Centre (PHC),Primary Level (PHC Medical Officer & VHN Supervisor),Tiruvallur,602024,13.118812,79.995109,Govt of Tamil Nadu - Health Dept,Government of Tamil Nadu,08:00-16:00 (Standard PHC/HSC)
0869,Krishnampet UPHC,Urban Primary Health Centre (UPHC),Urban Primary Level (USHA Base),Chennai,600005,13.052888,80.262137,Govt of Tamil Nadu - Health Dept,Government of Tamil Nadu,08:00-16:00 (Standard PHC/HSC)
0870,Paratharami Government Hospital,Government District / Taluk Hospital,District / Secondary Referral Level,Vellore,632603,13.062703,78.972052,Govt of Tamil Nadu - Health Dept,Government of Tamil Nadu,24/7
0871,Virugambakkam PHC,Primary Health Centre (PHC),Primary Level (PHC Medical Officer & VHN Supervisor),Chennai,600092,13.051891,80.196857,Govt of Tamil Nadu - Health Dept,Government of Tamil Nadu,08:00-16:00 (Standard PHC/HSC)
0872,Sembium PHC,Primary Health Centre (PHC),Primary Level (PHC Medical Officer & VHN Supervisor),Chennai,600011,13.11399,80.235509,Govt of Tamil Nadu - Health Dept,Government of Tamil Nadu,08:00-16:00 (Standard PHC/HSC)
0873,Nallankuppam UPHC,Urban Primary Health Centre (UPHC),Urban Primary Level (USHA Base),Chennai,600083,13.04065,80.21578,Govt of Tamil Nadu - Health Dept,Government of Tamil Nadu,08:00-16:00 (Standard PHC/HSC)
0874,"Government Hospital, Sholingar",Government District / Taluk Hospital,District / Secondary Referral Level,Vellore,631102,13.11228,79.420703,Govt of Tamil Nadu - Health Dept,Government of Tamil Nadu,24/7
0875,S.M.Nagar PHC,Primary Health Centre (PHC),Primary Level (PHC Medical Officer & VHN Supervisor),Chennai,600017,13.048281,80.235352,Govt of Tamil Nadu - Health Dept,Government of Tamil Nadu,08:00-16:00 (Standard PHC/HSC)
0876,Melkasuvarajpet PHC,Primary Health Centre (PHC),Primary Level (PHC Medical Officer & VHN Supervisor),Ranipet,631211,13.126254,79.591764,Govt of Tamil Nadu - Health Dept,Government of Tamil Nadu,08:00-16:00 (Standard PHC/HSC)
0877,Papparampakkam PHC,Primary Health Centre (PHC),Primary Level (PHC Medical Officer & VHN Supervisor),Tiruvallur,602025,13.055967,79.958453,Govt of Tamil Nadu - Health Dept,Government of Tamil Nadu,08:00-16:00 (Standard PHC/HSC)
0878,Govt. Stanley Hospital,Government Health Facility / Clinic,Community Health Post,Chennai,600001,13.10618,80.286804,Govt of Tamil Nadu - Health Dept,Government of Tamil Nadu,08:00-16:00 (Standard PHC/HSC)
0879,Urban Primary Health Center,Urban Primary Health Centre (UPHC),Urban Primary Level (USHA Base),Chennai,600039,13.123168,80.252937,Govt of Tamil Nadu - Health Dept,Government of Tamil Nadu,08:00-16:00 (Standard PHC/HSC)
0880,Zambazar PHC,Primary Health Centre (PHC),Primary Level (PHC Medical Officer & VHN Supervisor),Chennai,600014,13.055188,80.260308,Govt of Tamil Nadu - Health Dept,Government of Tamil Nadu,08:00-16:00 (Standard PHC/HSC)
0881,Nagammaiar Nagar North PHC,Primary Health Centre (PHC),Primary Level (PHC Medical Officer & VHN Supervisor),Chennai,600023,13.100884,80.238356,Govt of Tamil Nadu - Health Dept,Government of Tamil Nadu,08:00-16:00 (Standard PHC/HSC)
0882,Pudupet PHC,Primary Health Centre (PHC),Primary Level (PHC Medical Officer & VHN Supervisor),Chennai,600002,13.071184,80.267927,Govt of Tamil Nadu - Health Dept,Government of Tamil Nadu,08:00-16:00 (Standard PHC/HSC)
0883,UPHC Vadapalani West,Urban Primary Health Centre (UPHC),Urban Primary Level (USHA Base),Chennai,600026,13.05381,80.20915,Govt of Tamil Nadu - Health Dept,Government of Tamil Nadu,08:00-16:00 (Standard PHC/HSC)
0884,Choolai UPHC,Urban Primary Health Centre (UPHC),Urban Primary Level (USHA Base),Chennai,600012,13.091086,80.265682,Govt of Tamil Nadu - Health Dept,Government of Tamil Nadu,08:00-16:00 (Standard PHC/HSC)
0885,Govt Peripheral Hospital Periyar Nagar,Government Health Facility / Clinic,Community Health Post,Chennai,600082,13.115305,80.223385,Govt of Tamil Nadu - Health Dept,Government of Tamil Nadu,08:00-16:00 (Standard PHC/HSC)
0886,Perumalpet PHC,Primary Health Centre (PHC),Primary Level (PHC Medical Officer & VHN Supervisor),Chennai,600084,13.088787,80.256688,Govt of Tamil Nadu - Health Dept,Government of Tamil Nadu,08:00-16:00 (Standard PHC/HSC)
0887,"PHC, Kodaikkal",Primary Health Centre (PHC),Primary Level (PHC Medical Officer & VHN Supervisor),Vellore,631102,13.066542,79.406437,Govt of Tamil Nadu - Health Dept,Government of Tamil Nadu,08:00-16:00 (Standard PHC/HSC)
0888,"Gs Clinic, Sholinghur",Government Health Facility / Clinic,Community Health Post,Vellore,631102,13.11504,79.419213,Govt of Tamil Nadu - Health Dept,Government of Tamil Nadu,08:00-16:00 (Standard PHC/HSC)
0889,Government Unani Hospital,Government Health Facility / Clinic,Community Health Post,Chennai,600013,13.112901,80.295798,Govt of Tamil Nadu - Health Dept,Government of Tamil Nadu,08:00-16:00 (Standard PHC/HSC)
0890,"UPHC, Avadi",Urban Primary Health Centre (UPHC),Urban Primary Level (USHA Base),Chennai,600071,13.103405,80.104066,Govt of Tamil Nadu - Health Dept,Government of Tamil Nadu,08:00-16:00 (Standard PHC/HSC)
0891,"PHC, Shenoy Nagar",Primary Health Centre (PHC),Primary Level (PHC Medical Officer & VHN Supervisor),Chennai,600030,13.07763,80.225943,Govt of Tamil Nadu - Health Dept,Government of Tamil Nadu,08:00-16:00 (Standard PHC/HSC)
0892,Paranji PHC,Primary Health Centre (PHC),Primary Level (PHC Medical Officer & VHN Supervisor),Vellore,632510,13.099519,79.532529,Govt of Tamil Nadu - Health Dept,Government of Tamil Nadu,08:00-16:00 (Standard PHC/HSC)
0893,"PHC, Arakkonam",Primary Health Centre (PHC),Primary Level (PHC Medical Officer & VHN Supervisor),Vellore,631001,13.074404,79.671577,Govt of Tamil Nadu - Health Dept,Government of Tamil Nadu,08:00-16:00 (Standard PHC/HSC)
0894,"PHC, Kolathur",Primary Health Centre (PHC),Primary Level (PHC Medical Officer & VHN Supervisor),Chennai,600049,13.119093,80.206631,Govt of Tamil Nadu - Health Dept,Government of Tamil Nadu,08:00-16:00 (Standard PHC/HSC)
0895,Thirumalazhisai PHC,Primary Health Centre (PHC),Primary Level (PHC Medical Officer & VHN Supervisor),Chennai,600124,13.055605,80.056345,Govt of Tamil Nadu - Health Dept,Government of Tamil Nadu,08:00-16:00 (Standard PHC/HSC)
0896,Sanjeevirayanpet UHP,Primary Health Centre (PHC),Primary Level (PHC Medical Officer & VHN Supervisor),Chennai,600021,13.118616,80.287382,Unspecified,Unspecified,08:00-16:00 (Standard PHC/HSC)
0897,Padi UCHC,Primary Health Centre (PHC),Primary Level (PHC Medical Officer & VHN Supervisor),Chennai,600050,13.094744,80.178386,Govt of Tamil Nadu - Health Dept,Government of Tamil Nadu,08:00-16:00 (Standard PHC/HSC)
0898,Thiruverkadu PHC,Primary Health Centre (PHC),Primary Level (PHC Medical Officer & VHN Supervisor),Chennai,600077,13.07077,80.112881,Govt of Tamil Nadu - Health Dept,Government of Tamil Nadu,08:00-16:00 (Standard PHC/HSC)
0899,Paruthipattu Uphc,Urban Primary Health Centre (UPHC),Urban Primary Level (USHA Base),Chennai,600054,13.115765,80.109806,Govt of Tamil Nadu - Health Dept,Government of Tamil Nadu,08:00-16:00 (Standard PHC/HSC)
0900,Periyar Thidal PHC,Primary Health Centre (PHC),Primary Level (PHC Medical Officer & VHN Supervisor),Chennai,600007,13.085968,80.263322,Govt of Tamil Nadu - Health Dept,Government of Tamil Nadu,08:00-16:00 (Standard PHC/HSC)
0901,Mugapair PHC,Primary Health Centre (PHC),Primary Level (PHC Medical Officer & VHN Supervisor),Chennai,600101,13.082478,80.186298,Govt of Tamil Nadu - Health Dept,Government of Tamil Nadu,08:00-16:00 (Standard PHC/HSC)
0902,"PHC, Kondithope",Primary Health Centre (PHC),Primary Level (PHC Medical Officer & VHN Supervisor),Chennai,600017,13.104341,80.274322,Govt of Tamil Nadu - Health Dept,Government of Tamil Nadu,08:00-16:00 (Standard PHC/HSC)
0903,Villiwakkam PHC,Primary Health Centre (PHC),Primary Level (PHC Medical Officer & VHN Supervisor),Chennai,600049,13.099977,80.201189,Govt of Tamil Nadu - Health Dept,Government of Tamil Nadu,08:00-16:00 (Standard PHC/HSC)
0904,Minnal PHC,Primary Health Centre (PHC),Primary Level (PHC Medical Officer & VHN Supervisor),Vellore,632510,13.07637,79.558882,Govt of Tamil Nadu - Health Dept,Government of Tamil Nadu,08:00-16:00 (Standard PHC/HSC)
0905,Government Hospital,Government District / Taluk Hospital,District / Secondary Referral Level,Chennai,600002,13.068807,80.267208,Govt of Tamil Nadu - Health Dept,Government of Tamil Nadu,24/7
0906,Melkalathur PHC,Primary Health Centre (PHC),Primary Level (PHC Medical Officer & VHN Supervisor),Vellore,632052,13.042654,79.573419,Govt of Tamil Nadu - Health Dept,Government of Tamil Nadu,08:00-16:00 (Standard PHC/HSC)
0907,Melpadi PHC,Primary Health Centre (PHC),Primary Level (PHC Medical Officer & VHN Supervisor),Vellore,632520,13.06412,79.275028,Govt of Tamil Nadu - Health Dept,Government of Tamil Nadu,08:00-16:00 (Standard PHC/HSC)
0908,Guru Raghavendra Hospital,Government Health Facility / Clinic,Community Health Post,Chennai,600083,13.041009,80.196453,Govt of Tamil Nadu - Health Dept,Government of Tamil Nadu,08:00-16:00 (Standard PHC/HSC)
0909,Varadarajapuram Government Hospitals,Government District / Taluk Hospital,District / Secondary Referral Level,Chennai,600050,13.112681,80.153358,Govt of Tamil Nadu - Health Dept,Government of Tamil Nadu,24/7
0910,Urban Primary Health Centre,Urban Primary Health Centre (UPHC),Urban Primary Level (USHA Base),Chennai,600010,13.085503,80.239693,Govt of Tamil Nadu - Health Dept,Government of Tamil Nadu,08:00-16:00 (Standard PHC/HSC)
0911,"PHC, Guruvarajapet",Primary Health Centre (PHC),Primary Level (PHC Medical Officer & VHN Supervisor),Vellore,631101,13.118079,79.57576,Govt of Tamil Nadu - Health Dept,Government of Tamil Nadu,08:00-16:00 (Standard PHC/HSC)
0912,Melakadu Primary Health Centre,Primary Health Centre (PHC),Primary Level (PHC Medical Officer & VHN Supervisor),Vellore,632502,13.044589,79.613497,Govt of Tamil Nadu - Health Dept,Government of Tamil Nadu,08:00-16:00 (Standard PHC/HSC)
0913,Thiruninravur Government Hospital,Government District / Taluk Hospital,District / Secondary Referral Level,Chennai,602024,13.11573,80.026717,Govt of Tamil Nadu - Health Dept,Government of Tamil Nadu,24/7
0914,M.M.D.A. Colony UPHC,Urban Primary Health Centre (UPHC),Urban Primary Level (USHA Base),Chennai,600106,13.066583,80.21367,Govt of Tamil Nadu - Health Dept,Government of Tamil Nadu,08:00-16:00 (Standard PHC/HSC)
0915,Triplicane Government Hospital,Government District / Taluk Hospital,District / Secondary Referral Level,Chennai,600005,13.060986,80.274798,Govt of Tamil Nadu - Health Dept,Government of Tamil Nadu,24/7
0916,"Kalpana Hospital, Sholinghur",Government Health Facility / Clinic,Community Health Post,Vellore,631102,13.115249,79.420959,Govt of Tamil Nadu - Health Dept,Government of Tamil Nadu,08:00-16:00 (Standard PHC/HSC)
0917,Urban Public Health Center,Primary Health Centre (PHC),Primary Level (PHC Medical Officer & VHN Supervisor),Chennai,600024,13.051132,80.219093,Unspecified,Unspecified,08:00-16:00 (Standard PHC/HSC)
0918,Mirsh Aibpet PHC,Primary Health Centre (PHC),Primary Level (PHC Medical Officer & VHN Supervisor),Chennai,600014,13.05073,80.272289,Govt of Tamil Nadu - Health Dept,Government of Tamil Nadu,08:00-16:00 (Standard PHC/HSC)
0919,Vyasarpadi North PHC,Primary Health Centre (PHC),Primary Level (PHC Medical Officer & VHN Supervisor),Chennai,600039,13.124574,80.262524,Govt of Tamil Nadu - Health Dept,Government of Tamil Nadu,08:00-16:00 (Standard PHC/HSC)
0920,Government Hospital For Ladies And Children,Government District / Taluk Hospital,District / Secondary Referral Level,Chennai,600092,13.059056,80.192822,Govt of Tamil Nadu - Health Dept,Government of Tamil Nadu,24/7
0921,"PHC, Kombanai Pudur",Primary Health Centre (PHC),Primary Level (PHC Medical Officer & VHN Supervisor),Erode,638152,11.130508,77.8554,Govt of Tamil Nadu - Health Dept,Government of Tamil Nadu,08:00-16:00 (Standard PHC/HSC)
0922,"PHC, Akkur",Primary Health Centre (PHC),Primary Level (PHC Medical Officer & VHN Supervisor),Nagapattinam,609301,11.101962,79.785459,Govt of Tamil Nadu - Health Dept,Government of Tamil Nadu,08:00-16:00 (Standard PHC/HSC)
0923,Poombukar PHC,Primary Health Centre (PHC),Primary Level (PHC Medical Officer & VHN Supervisor),Nagapattinam,609105,11.14517,79.843388,Govt of Tamil Nadu - Health Dept,Government of Tamil Nadu,08:00-16:00 (Standard PHC/HSC)
0924,"Government Hospital, Tharangambadi",Government District / Taluk Hospital,District / Secondary Referral Level,Nagapattinam,609313,11.03082,79.851877,Govt of Tamil Nadu - Health Dept,Government of Tamil Nadu,24/7
0925,L.R.G.R Urban Primary Health Center,Urban Primary Health Centre (UPHC),Urban Primary Level (USHA Base),Tiruppur,641006,11.11376,77.354576,Govt of Tamil Nadu - Health Dept,Government of Tamil Nadu,08:00-16:00 (Standard PHC/HSC)
0926,Vikramangalam PHC,Primary Health Centre (PHC),Primary Level (PHC Medical Officer & VHN Supervisor),Ariyalur,621701,11.046494,79.226274,Govt of Tamil Nadu - Health Dept,Government of Tamil Nadu,08:00-16:00 (Standard PHC/HSC)
0927,"PHC, Chavadipalayam",Primary Health Centre (PHC),Primary Level (PHC Medical Officer & VHN Supervisor),Tiruppur,638701,11.088899,77.51742,Govt of Tamil Nadu - Health Dept,Government of Tamil Nadu,08:00-16:00 (Standard PHC/HSC)
0928,Thamaraipalayam PHC,Primary Health Centre (PHC),Primary Level (PHC Medical Officer & VHN Supervisor),Erode,638152,11.110868,77.855766,Govt of Tamil Nadu - Health Dept,Government of Tamil Nadu,08:00-16:00 (Standard PHC/HSC)
0929,"Government Hospital, Thuraiyur",Government District / Taluk Hospital,District / Secondary Referral Level,Tiruchirappalli,621010,11.152047,78.612295,Govt of Tamil Nadu - Health Dept,Government of Tamil Nadu,24/7
0930,Kvr Nagar UPHC,Urban Primary Health Centre (UPHC),Urban Primary Level (USHA Base),Tiruppur,641604,11.084683,77.336096,Govt of Tamil Nadu - Health Dept,Government of Tamil Nadu,08:00-16:00 (Standard PHC/HSC)
0931,Veramachan Patti PHC,Primary Health Centre (PHC),Primary Level (PHC Medical Officer & VHN Supervisor),Tiruchirappalli,621206,11.12547,78.525722,Govt of Tamil Nadu - Health Dept,Government of Tamil Nadu,08:00-16:00 (Standard PHC/HSC)
0932,Sundakudi PHC,Primary Health Centre (PHC),Primary Level (PHC Medical Officer & VHN Supervisor),Ariyalur,621704,11.034856,79.192037,Govt of Tamil Nadu - Health Dept,Government of Tamil Nadu,08:00-16:00 (Standard PHC/HSC)
0933,"Government Hospital, Alunthalaipur",Government District / Taluk Hospital,District / Secondary Referral Level,Tiruchirappalli,621651,11.051097,78.910994,Govt of Tamil Nadu - Health Dept,Government of Tamil Nadu,24/7
0934,Mettupalayam Government Hospital,Government District / Taluk Hospital,District / Secondary Referral Level,Tiruppur,641602,11.11881,77.340218,Govt of Tamil Nadu - Health Dept,Government of Tamil Nadu,24/7
0935,"Government Hospital, Jayarampuram",Government District / Taluk Hospital,District / Secondary Referral Level,Erode,638101,11.11662,77.71053,Govt of Tamil Nadu - Health Dept,Government of Tamil Nadu,24/7
0936,Thandampalayam PHC,Primary Health Centre (PHC),Primary Level (PHC Medical Officer & VHN Supervisor),Erode,638109,11.098328,77.732987,Govt of Tamil Nadu - Health Dept,Government of Tamil Nadu,08:00-16:00 (Standard PHC/HSC)
0937,"PHC, Kali",Primary Health Centre (PHC),Primary Level (PHC Medical Officer & VHN Supervisor),Nagapattinam,609811,11.13869,79.580861,Govt of Tamil Nadu - Health Dept,Government of Tamil Nadu,08:00-16:00 (Standard PHC/HSC)
0938,Peelamedu PHC,Primary Health Centre (PHC),Primary Level (PHC Medical Officer & VHN Supervisor),Coimbatore,641004,11.026832,77.003738,Govt of Tamil Nadu - Health Dept,Government of Tamil Nadu,08:00-16:00 (Standard PHC/HSC)
0939,"PHC, M.N.Patti",Primary Health Centre (PHC),Primary Level (PHC Medical Officer & VHN Supervisor),Tiruchirappalli,621215,11.065137,78.260354,Govt of Tamil Nadu - Health Dept,Government of Tamil Nadu,08:00-16:00 (Standard PHC/HSC)
0940,Suthamalli PHC,Primary Health Centre (PHC),Primary Level (PHC Medical Officer & VHN Supervisor),Ariyalur,621804,11.09436,79.266562,Govt of Tamil Nadu - Health Dept,Government of Tamil Nadu,08:00-16:00 (Standard PHC/HSC)
0941,Orathur PHC,Primary Health Centre (PHC),Primary Level (PHC Medical Officer & VHN Supervisor),Tiruchirappalli,621653,11.06108,78.980183,Govt of Tamil Nadu - Health Dept,Government of Tamil Nadu,08:00-16:00 (Standard PHC/HSC)
0942,T.Pottakollai PHC,Primary Health Centre (PHC),Primary Level (PHC Medical Officer & VHN Supervisor),Ariyalur,621804,11.145439,79.25936,Govt of Tamil Nadu - Health Dept,Government of Tamil Nadu,08:00-16:00 (Standard PHC/HSC)
0943,Pirahambi PHC,Primary Health Centre (PHC),Primary Level (PHC Medical Officer & VHN Supervisor),Tiruchirappalli,621104,11.101362,78.759471,Govt of Tamil Nadu - Health Dept,Government of Tamil Nadu,08:00-16:00 (Standard PHC/HSC)
0944,"Primary Health Centre, Varagur",Primary Health Centre (PHC),Primary Level (PHC Medical Officer & VHN Supervisor),Namakkal,637021,11.14435,78.356597,Govt of Tamil Nadu - Health Dept,Government of Tamil Nadu,08:00-16:00 (Standard PHC/HSC)
0945,Thirukkadaiyur PHC,Primary Health Centre (PHC),Primary Level (PHC Medical Officer & VHN Supervisor),Nagapattinam,609313,11.0758,79.801261,Govt of Tamil Nadu - Health Dept,Government of Tamil Nadu,08:00-16:00 (Standard PHC/HSC)
0946,"Government Hospital, Manmangalam",Government District / Taluk Hospital,District / Secondary Referral Level,Karur,639006,11.02755,78.064644,Govt of Tamil Nadu - Health Dept,Government of Tamil Nadu,24/7
0947,Vengarai PHC,Primary Health Centre (PHC),Primary Level (PHC Medical Officer & VHN Supervisor),Namakkal,637208,11.090146,77.960951,Govt of Tamil Nadu - Health Dept,Government of Tamil Nadu,08:00-16:00 (Standard PHC/HSC)
0948,Sembanarkoil PHC,Primary Health Centre (PHC),Primary Level (PHC Medical Officer & VHN Supervisor),Nagapattinam,609309,11.111451,79.739264,Govt of Tamil Nadu - Health Dept,Government of Tamil Nadu,08:00-16:00 (Standard PHC/HSC)
0949,Sripuranthan PHC,Primary Health Centre (PHC),Primary Level (PHC Medical Officer & VHN Supervisor),Ariyalur,621701,11.04358,79.308635,Govt of Tamil Nadu - Health Dept,Government of Tamil Nadu,08:00-16:00 (Standard PHC/HSC)
0950,Thudialur PHC,Primary Health Centre (PHC),Primary Level (PHC Medical Officer & VHN Supervisor),Coimbatore,641034,11.08278,76.942751,Govt of Tamil Nadu - Health Dept,Government of Tamil Nadu,08:00-16:00 (Standard PHC/HSC)
0951,Veliyanur PHC,Primary Health Centre (PHC),Primary Level (PHC Medical Officer & VHN Supervisor),Tiruchirappalli,621217,11.050877,78.5827,Govt of Tamil Nadu - Health Dept,Government of Tamil Nadu,08:00-16:00 (Standard PHC/HSC)
0952,Vilankudi PHC,Primary Health Centre (PHC),Primary Level (PHC Medical Officer & VHN Supervisor),Ariyalur,621704,11.118293,79.190099,Govt of Tamil Nadu - Health Dept,Government of Tamil Nadu,08:00-16:00 (Standard PHC/HSC)
0953,Muthur PHC,Primary Health Centre (PHC),Primary Level (PHC Medical Officer & VHN Supervisor),Tiruppur,638105,11.04968,77.741092,Govt of Tamil Nadu - Health Dept,Government of Tamil Nadu,08:00-16:00 (Standard PHC/HSC)
0954,Rathinapuri PHC,Primary Health Centre (PHC),Primary Level (PHC Medical Officer & VHN Supervisor),Coimbatore,641027,11.026772,76.963226,Govt of Tamil Nadu - Health Dept,Government of Tamil Nadu,08:00-16:00 (Standard PHC/HSC)
0955,Vellakinar PHC,Primary Health Centre (PHC),Primary Level (PHC Medical Officer & VHN Supervisor),Coimbatore,641029,11.071288,76.956328,Govt of Tamil Nadu - Health Dept,Government of Tamil Nadu,08:00-16:00 (Standard PHC/HSC)
0956,"PHC, Kannanur",Primary Health Centre (PHC),Primary Level (PHC Medical Officer & VHN Supervisor),Tiruchirappalli,621206,11.093185,78.554115,Govt of Tamil Nadu - Health Dept,Government of Tamil Nadu,08:00-16:00 (Standard PHC/HSC)
0957,Vagai Government Hospital,Government District / Taluk Hospital,District / Secondary Referral Level,Coimbatore,641659,11.144352,77.132509,Govt of Tamil Nadu - Health Dept,Government of Tamil Nadu,24/7
0958,Mayiladuthurai PHC,Primary Health Centre (PHC),Primary Level (PHC Medical Officer & VHN Supervisor),Nagapattinam,609001,11.103591,79.64657,Govt of Tamil Nadu - Health Dept,Government of Tamil Nadu,08:00-16:00 (Standard PHC/HSC)
0959,Palapatti PHC,Primary Health Centre (PHC),Primary Level (PHC Medical Officer & VHN Supervisor),Namakkal,637017,11.09991,78.073959,Govt of Tamil Nadu - Health Dept,Government of Tamil Nadu,08:00-16:00 (Standard PHC/HSC)
0960,Government Hospital Kabilarmalai,Government District / Taluk Hospital,District / Secondary Referral Level,Namakkal,637204,11.14198,77.948375,Govt of Tamil Nadu - Health Dept,Government of Tamil Nadu,24/7
0961,Padalur Government Hospital,Government District / Taluk Hospital,District / Secondary Referral Level,Perambalur,621109,11.086624,78.832353,Govt of Tamil Nadu - Health Dept,Government of Tamil Nadu,24/7
0962,"UPHC, Karumathampatti",Urban Primary Health Centre (UPHC),Urban Primary Level (USHA Base),Coimbatore,641659,11.110083,77.179582,Govt of Tamil Nadu - Health Dept,Government of Tamil Nadu,08:00-16:00 (Standard PHC/HSC)
0963,Murungai PHC,Primary Health Centre (PHC),Primary Level (PHC Medical Officer & VHN Supervisor),Tiruchirappalli,621207,11.04287,78.217172,Govt of Tamil Nadu - Health Dept,Government of Tamil Nadu,08:00-16:00 (Standard PHC/HSC)
0964,"Government Hospital, Kodumudi",Government District / Taluk Hospital,District / Secondary Referral Level,Erode,638151,11.081894,77.884387,Govt of Tamil Nadu - Health Dept,Government of Tamil Nadu,24/7
0965,"Government Hospital, Sivagiri",Government District / Taluk Hospital,District / Secondary Referral Level,Erode,638109,11.128104,77.789331,Govt of Tamil Nadu - Health Dept,Government of Tamil Nadu,24/7
0966,Therizhanthur PHC,Primary Health Centre (PHC),Primary Level (PHC Medical Officer & VHN Supervisor),Nagapattinam,609801,11.04795,79.584874,Govt of Tamil Nadu - Health Dept,Government of Tamil Nadu,08:00-16:00 (Standard PHC/HSC)
0967,Tirupur TSK Government Hospital,Government District / Taluk Hospital,District / Secondary Referral Level,Tiruppur,641018,11.115095,77.334492,Govt of Tamil Nadu - Health Dept,Government of Tamil Nadu,24/7
0968,"PHC, Chettikulam",Primary Health Centre (PHC),Primary Level (PHC Medical Officer & VHN Supervisor),Perambalur,621104,11.138744,78.773754,Govt of Tamil Nadu - Health Dept,Government of Tamil Nadu,08:00-16:00 (Standard PHC/HSC)
0969,"Tirupanandal, Government Hospital",Government District / Taluk Hospital,District / Secondary Referral Level,Thanjavur,609807,11.09074,79.452789,Govt of Tamil Nadu - Health Dept,Government of Tamil Nadu,24/7
0970,"PHC, Karai",Primary Health Centre (PHC),Primary Level (PHC Medical Officer & VHN Supervisor),Perambalur,621109,11.13314,78.872405,Govt of Tamil Nadu - Health Dept,Government of Tamil Nadu,08:00-16:00 (Standard PHC/HSC)
0971,Muthalipalayam PHC,Primary Health Centre (PHC),Primary Level (PHC Medical Officer & VHN Supervisor),Tiruppur,641606,11.10377,77.344347,Govt of Tamil Nadu - Health Dept,Government of Tamil Nadu,08:00-16:00 (Standard PHC/HSC)
0972,Vagarayampalayam PHC,Primary Health Centre (PHC),Primary Level (PHC Medical Officer & VHN Supervisor),Coimbatore,641659,11.144411,77.132585,Govt of Tamil Nadu - Health Dept,Government of Tamil Nadu,08:00-16:00 (Standard PHC/HSC)
0973,Velampalayam PHC,Primary Health Centre (PHC),Primary Level (PHC Medical Officer & VHN Supervisor),Tiruppur,641652,11.14345,77.308576,Govt of Tamil Nadu - Health Dept,Government of Tamil Nadu,08:00-16:00 (Standard PHC/HSC)
0974,"Government Hospital, Mayiladuthurai",Government District / Taluk Hospital,District / Secondary Referral Level,Nagapattinam,609101,11.10171,79.647058,Govt of Tamil Nadu - Health Dept,Government of Tamil Nadu,24/7
0975,Melaperumpallam PHC,Primary Health Centre (PHC),Primary Level (PHC Medical Officer & VHN Supervisor),Nagapattinam,609107,11.141856,79.81031,Govt of Tamil Nadu - Health Dept,Government of Tamil Nadu,08:00-16:00 (Standard PHC/HSC)
0976,"PHC, Narasingampettai",Primary Health Centre (PHC),Primary Level (PHC Medical Officer & VHN Supervisor),Thanjavur,609802,11.030458,79.508199,Govt of Tamil Nadu - Health Dept,Government of Tamil Nadu,08:00-16:00 (Standard PHC/HSC)
0977,Murugamangalam PHC,Primary Health Centre (PHC),Primary Level (PHC Medical Officer & VHN Supervisor),Nagapattinam,609811,11.114577,79.553778,Govt of Tamil Nadu - Health Dept,Government of Tamil Nadu,08:00-16:00 (Standard PHC/HSC)
0978,"Tiruppur, Government Hospital",Government District / Taluk Hospital,District / Secondary Referral Level,Tiruppur,641608,11.083827,77.36348,Govt of Tamil Nadu - Health Dept,Government of Tamil Nadu,24/7
0979,"PHC, Kottathur",Primary Health Centre (PHC),Primary Level (PHC Medical Officer & VHN Supervisor),Tiruchirappalli,621004,11.108524,78.668603,Govt of Tamil Nadu - Health Dept,Government of Tamil Nadu,08:00-16:00 (Standard PHC/HSC)
0980,"PHC, Kolakkanatham",Primary Health Centre (PHC),Primary Level (PHC Medical Officer & VHN Supervisor),Perambalur,621106,11.123157,78.954905,Govt of Tamil Nadu - Health Dept,Government of Tamil Nadu,08:00-16:00 (Standard PHC/HSC)
0981,"Government Hospital, Mohanur",Government District / Taluk Hospital,District / Secondary Referral Level,Namakkal,637015,11.055643,78.139933,Govt of Tamil Nadu - Health Dept,Government of Tamil Nadu,24/7
0982,S.S.Kulam PHC,Primary Health Centre (PHC),Primary Level (PHC Medical Officer & VHN Supervisor),Coimbatore,641107,11.13461,77.034525,Govt of Tamil Nadu - Health Dept,Government of Tamil Nadu,08:00-16:00 (Standard PHC/HSC)
0983,Veerapandi PHC,Primary Health Centre (PHC),Primary Level (PHC Medical Officer & VHN Supervisor),Tiruppur,641605,11.067484,77.364969,Govt of Tamil Nadu - Health Dept,Government of Tamil Nadu,08:00-16:00 (Standard PHC/HSC)
0984,Pandanallur PHC,Primary Health Centre (PHC),Primary Level (PHC Medical Officer & VHN Supervisor),Thanjavur,609807,11.130992,79.512373,Govt of Tamil Nadu - Health Dept,Government of Tamil Nadu,08:00-16:00 (Standard PHC/HSC)
0985,Poyyur PHC,Primary Health Centre (PHC),Primary Level (PHC Medical Officer & VHN Supervisor),Ariyalur,621704,11.064844,79.109806,Govt of Tamil Nadu - Health Dept,Government of Tamil Nadu,08:00-16:00 (Standard PHC/HSC)
0986,T.Cholankurichi PHC,Primary Health Centre (PHC),Primary Level (PHC Medical Officer & VHN Supervisor),Ariyalur,621802,11.14807,79.299115,Govt of Tamil Nadu - Health Dept,Government of Tamil Nadu,08:00-16:00 (Standard PHC/HSC)
0987,"PHC, Appanallur",Primary Health Centre (PHC),Primary Level (PHC Medical Officer & VHN Supervisor),Tiruchirappalli,621208,11.033017,78.390089,Govt of Tamil Nadu - Health Dept,Government of Tamil Nadu,08:00-16:00 (Standard PHC/HSC)
0988,"UPHC, Nathakadaiyur",Urban Primary Health Centre (UPHC),Urban Primary Level (USHA Base),Tiruppur,638108,11.07957,77.663831,Govt of Tamil Nadu - Health Dept,Government of Tamil Nadu,08:00-16:00 (Standard PHC/HSC)
0989,Mangalam PHC,Primary Health Centre (PHC),Primary Level (PHC Medical Officer & VHN Supervisor),Tiruppur,641663,11.10209,77.273641,Govt of Tamil Nadu - Health Dept,Government of Tamil Nadu,08:00-16:00 (Standard PHC/HSC)
0990,"Government Hospital, Ariyalur",Government District / Taluk Hospital,District / Secondary Referral Level,Ariyalur,621704,11.142684,79.069768,Govt of Tamil Nadu - Health Dept,Government of Tamil Nadu,24/7
0991,"PHC, KuppaKonam Pudur",Primary Health Centre (PHC),Primary Level (PHC Medical Officer & VHN Supervisor),Coimbatore,641038,11.03091,76.942713,Govt of Tamil Nadu - Health Dept,Government of Tamil Nadu,08:00-16:00 (Standard PHC/HSC)
0992,"Government Hospital, Velauthapalayam",Government District / Taluk Hospital,District / Secondary Referral Level,Karur,639117,11.072952,78.002312,Govt of Tamil Nadu - Health Dept,Government of Tamil Nadu,24/7
0993,"Government Hospital, Kuthalam",Government District / Taluk Hospital,District / Secondary Referral Level,Nagapattinam,609801,11.072337,79.559235,Govt of Tamil Nadu - Health Dept,Government of Tamil Nadu,24/7
0994,Pillikalpalayam PHC,Primary Health Centre (PHC),Primary Level (PHC Medical Officer & VHN Supervisor),Namakkal,637208,11.09045,77.902428,Govt of Tamil Nadu - Health Dept,Government of Tamil Nadu,08:00-16:00 (Standard PHC/HSC)
0995,"PHC, Keelapalur",Primary Health Centre (PHC),Primary Level (PHC Medical Officer & VHN Supervisor),Ariyalur,621707,11.04239,79.061559,Govt of Tamil Nadu - Health Dept,Government of Tamil Nadu,08:00-16:00 (Standard PHC/HSC)
0996,"PHC, Jedarpalayam",Primary Health Centre (PHC),Primary Level (PHC Medical Officer & VHN Supervisor),Namakkal,637204,11.15103,77.902624,Govt of Tamil Nadu - Health Dept,Government of Tamil Nadu,08:00-16:00 (Standard PHC/HSC)
0997,"Government Hospital, Alampatti",Government District / Taluk Hospital,District / Secondary Referral Level,Namakkal,637020,11.080857,78.223304,Govt of Tamil Nadu - Health Dept,Government of Tamil Nadu,24/7
0998,Thathaiyangarpet PHC,Primary Health Centre (PHC),Primary Level (PHC Medical Officer & VHN Supervisor),Tiruchirappalli,621214,11.12589,78.449628,Govt of Tamil Nadu - Health Dept,Government of Tamil Nadu,08:00-16:00 (Standard PHC/HSC)
0999,"Government Hospital, Valayapatty",Government District / Taluk Hospital,District / Secondary Referral Level,Namakkal,637020,11.121259,78.231596,Govt of Tamil Nadu - Health Dept,Government of Tamil Nadu,24/7
1000,Sholapuram PHC,Primary Health Centre (PHC),Primary Level (PHC Medical Officer & VHN Supervisor),Thanjavur,612503,11.053139,79.412182,Govt of Tamil Nadu - Health Dept,Government of Tamil Nadu,08:00-16:00 (Standard PHC/HSC)
1001,"PHC, Edumalai",Primary Health Centre (PHC),Primary Level (PHC Medical Officer & VHN Supervisor),Tiruchirappalli,621007,11.050204,78.725343,Govt of Tamil Nadu - Health Dept,Government of Tamil Nadu,08:00-16:00 (Standard PHC/HSC)
1002,T.Palur PHC,Primary Health Centre (PHC),Primary Level (PHC Medical Officer & VHN Supervisor),Ariyalur,612904,11.098284,79.374954,Govt of Tamil Nadu - Health Dept,Government of Tamil Nadu,08:00-16:00 (Standard PHC/HSC)
1003,"PHC, Kothangudi",Primary Health Centre (PHC),Primary Level (PHC Medical Officer & VHN Supervisor),Thanjavur,612501,11.026819,79.355409,Govt of Tamil Nadu - Health Dept,Government of Tamil Nadu,08:00-16:00 (Standard PHC/HSC)
1004,"PHC, Boomalur",Primary Health Centre (PHC),Primary Level (PHC Medical Officer & VHN Supervisor),Tiruppur,641663,11.06695,77.243512,Govt of Tamil Nadu - Health Dept,Government of Tamil Nadu,08:00-16:00 (Standard PHC/HSC)
1005,"Government Hospital, Kodavasl",Government District / Taluk Hospital,District / Secondary Referral Level,Tiruvarur,612601,10.86329,79.478602,Govt of Tamil Nadu - Health Dept,Government of Tamil Nadu,24/7
1006,"PHC, Kullampalayam",Primary Health Centre (PHC),Primary Level (PHC Medical Officer & VHN Supervisor),Tiruppur,638703,10.93142,77.532238,Govt of Tamil Nadu - Health Dept,Government of Tamil Nadu,08:00-16:00 (Standard PHC/HSC)
1007,"Government Hospital, D.Gudulore",Government District / Taluk Hospital,District / Secondary Referral Level,Dindigul,639118,10.79139,78.128273,Govt of Tamil Nadu - Health Dept,Government of Tamil Nadu,24/7
1008,Nachiyarkovil Government Hospital,Government District / Taluk Hospital,District / Secondary Referral Level,Thanjavur,612202,10.919863,79.44361,Govt of Tamil Nadu - Health Dept,Government of Tamil Nadu,24/7
1009,Kulumani PHC,Primary Health Centre (PHC),Primary Level (PHC Medical Officer & VHN Supervisor),Tiruchirappalli,639103,10.843534,78.599212,Govt of Tamil Nadu - Health Dept,Government of Tamil Nadu,08:00-16:00 (Standard PHC/HSC)
1010,Sirugambur PHC,Primary Health Centre (PHC),Primary Level (PHC Medical Officer & VHN Supervisor),Tiruchirappalli,621213,10.905768,78.60662,Govt of Tamil Nadu - Health Dept,Government of Tamil Nadu,08:00-16:00 (Standard PHC/HSC)
1011,Panjapatti Government Hospital,Government District / Taluk Hospital,District / Secondary Referral Level,Karur,639119,10.83121,78.310053,Govt of Tamil Nadu - Health Dept,Government of Tamil Nadu,24/7
1012,M.K.Kottai Dispensary UPHC,Urban Primary Health Centre (UPHC),Urban Primary Level (USHA Base),Tiruchirappalli,620011,10.782842,78.7395,Govt of Tamil Nadu - Health Dept,Government of Tamil Nadu,08:00-16:00 (Standard PHC/HSC)
1013,Thumbivady PHC,Primary Health Centre (PHC),Primary Level (PHC Medical Officer & VHN Supervisor),Karur,639002,10.905624,77.979489,Govt of Tamil Nadu - Health Dept,Government of Tamil Nadu,08:00-16:00 (Standard PHC/HSC)
1014,"PHC, Nallattipalayam",Primary Health Centre (PHC),Primary Level (PHC Medical Officer & VHN Supervisor),Coimbatore,642109,10.780712,77.020455,Govt of Tamil Nadu - Health Dept,Government of Tamil Nadu,08:00-16:00 (Standard PHC/HSC)
1015,Woraiyur Urban Primary Health Centre,Urban Primary Health Centre (UPHC),Urban Primary Level (USHA Base),Tiruchirappalli,620003,10.82472,78.673523,Govt of Tamil Nadu - Health Dept,Government of Tamil Nadu,08:00-16:00 (Standard PHC/HSC)
1016,Thachankurichi PHC,Primary Health Centre (PHC),Primary Level (PHC Medical Officer & VHN Supervisor),Tiruchirappalli,621712,10.95106,78.814267,Govt of Tamil Nadu - Health Dept,Government of Tamil Nadu,08:00-16:00 (Standard PHC/HSC)
1017,"PHC, Ayyarmalai",Primary Health Centre (PHC),Primary Level (PHC Medical Officer & VHN Supervisor),Karur,639120,10.89123,78.389943,Govt of Tamil Nadu - Health Dept,Government of Tamil Nadu,08:00-16:00 (Standard PHC/HSC)
1018,"Government Hospital, Valangaiman",Government District / Taluk Hospital,District / Secondary Referral Level,Tiruvarur,612804,10.888222,79.394327,Govt of Tamil Nadu - Health Dept,Government of Tamil Nadu,24/7
1019,Pullambadi Government Hospital,Government District / Taluk Hospital,District / Secondary Referral Level,Tiruchirappalli,621711,10.949095,78.911099,Govt of Tamil Nadu - Health Dept,Government of Tamil Nadu,24/7
1020,Somarasampettai PHC,Primary Health Centre (PHC),Primary Level (PHC Medical Officer & VHN Supervisor),Tiruchirappalli,620102,10.81575,78.636753,Govt of Tamil Nadu - Health Dept,Government of Tamil Nadu,08:00-16:00 (Standard PHC/HSC)
1021,Vellakoil Government Hospital,Government District / Taluk Hospital,District / Secondary Referral Level,Tiruppur,638111,10.941066,77.711037,Govt of Tamil Nadu - Health Dept,Government of Tamil Nadu,24/7
1022,Thennangudi PHC,Primary Health Centre (PHC),Primary Level (PHC Medical Officer & VHN Supervisor),Thanjavur,613601,10.81296,79.062443,Govt of Tamil Nadu - Health Dept,Government of Tamil Nadu,08:00-16:00 (Standard PHC/HSC)
1023,"PHC, Karupanpalayam",Primary Health Centre (PHC),Primary Level (PHC Medical Officer & VHN Supervisor),Karur,639003,10.937139,78.040166,Govt of Tamil Nadu - Health Dept,Government of Tamil Nadu,08:00-16:00 (Standard PHC/HSC)
1024,Thittacheri PHC,Primary Health Centre (PHC),Primary Level (PHC Medical Officer & VHN Supervisor),Nagapattinam,609703,10.869215,79.788783,Govt of Tamil Nadu - Health Dept,Government of Tamil Nadu,08:00-16:00 (Standard PHC/HSC)
1025,Karanthai UPHC,Urban Primary Health Centre (UPHC),Urban Primary Level (USHA Base),Thanjavur,613002,10.80343,79.138349,Govt of Tamil Nadu - Health Dept,Government of Tamil Nadu,08:00-16:00 (Standard PHC/HSC)
1026,"Government Hospital, Krishnarayapuram",Government District / Taluk Hospital,District / Secondary Referral Level,Karur,639102,10.931888,78.273912,Govt of Tamil Nadu - Health Dept,Government of Tamil Nadu,24/7
1027,Valayapatty PHC,Primary Health Centre (PHC),Primary Level (PHC Medical Officer & VHN Supervisor),Karur,639107,10.86841,78.448628,Govt of Tamil Nadu - Health Dept,Government of Tamil Nadu,08:00-16:00 (Standard PHC/HSC)
1028,"Govt, community Health Center, Melattur",Community Health Centre (CHC / Block PHC),Block / CHC Referral Level,Thanjavur,614301,10.858106,79.241156,Govt of Tamil Nadu - Health Dept,DHS (Department of Health Services),24/7
1029,"Government Hospital, Ammapet",Government District / Taluk Hospital,District / Secondary Referral Level,Thanjavur,614401,10.792407,79.318813,Govt of Tamil Nadu - Health Dept,Government of Tamil Nadu,24/7
1030,Patteeswaram PHC,Primary Health Centre (PHC),Primary Level (PHC Medical Officer & VHN Supervisor),Thanjavur,612703,10.925234,79.346155,Govt of Tamil Nadu - Health Dept,Government of Tamil Nadu,08:00-16:00 (Standard PHC/HSC)
1031,"Government Hospital, Madukkarai",Government District / Taluk Hospital,District / Secondary Referral Level,Coimbatore,641105,10.903799,76.963538,Govt of Tamil Nadu - Health Dept,Government of Tamil Nadu,24/7
1032,"PHC, Haridwaramangalam",Primary Health Centre (PHC),Primary Level (PHC Medical Officer & VHN Supervisor),Tiruvarur,612802,10.829215,79.348061,Govt of Tamil Nadu - Health Dept,Government of Tamil Nadu,08:00-16:00 (Standard PHC/HSC)
1033,"PHC, Ganapathipuram",Primary Health Centre (PHC),Primary Level (PHC Medical Officer & VHN Supervisor),Nagapattinam,609601,10.9033,79.736586,Govt of Tamil Nadu - Health Dept,Government of Tamil Nadu,08:00-16:00 (Standard PHC/HSC)
1034,Poondi PHC,Primary Health Centre (PHC),Primary Level (PHC Medical Officer & VHN Supervisor),Thanjavur,613502,10.777617,79.246757,Govt of Tamil Nadu - Health Dept,Government of Tamil Nadu,08:00-16:00 (Standard PHC/HSC)
1035,"Government Hospital, Alangudi",Government District / Taluk Hospital,District / Secondary Referral Level,Pudukkottai,612801,10.827585,79.405124,Govt of Tamil Nadu - Health Dept,Government of Tamil Nadu,24/7
1036,"Viswanathapuri,Government Hospital",Government District / Taluk Hospital,District / Secondary Referral Level,Karur,639002,10.94979,78.014372,Govt of Tamil Nadu - Health Dept,Government of Tamil Nadu,24/7
1037,"Government Hospital, Musiri",Government District / Taluk Hospital,District / Secondary Referral Level,Tiruchirappalli,621211,10.94968,78.44495,Govt of Tamil Nadu - Health Dept,Government of Tamil Nadu,24/7
1038,"PHC, Enangudi",Primary Health Centre (PHC),Primary Level (PHC Medical Officer & VHN Supervisor),Nagapattinam,609701,10.883734,79.681471,Govt of Tamil Nadu - Health Dept,Government of Tamil Nadu,08:00-16:00 (Standard PHC/HSC)
1039,"Government General Taluk Hospital, Nannilam",Government District / Taluk Hospital,District / Secondary Referral Level,Tiruvarur,610105,10.87913,79.611294,Govt of Tamil Nadu - Health Dept,Government of Tamil Nadu,24/7
1040,Myleripalayam PHC,Primary Health Centre (PHC),Primary Level (PHC Medical Officer & VHN Supervisor),Coimbatore,641032,10.86928,77.022465,Govt of Tamil Nadu - Health Dept,Government of Tamil Nadu,08:00-16:00 (Standard PHC/HSC)
1041,Maraneri PHC,Primary Health Centre (PHC),Primary Level (PHC Medical Officer & VHN Supervisor),Thanjavur,613102,10.81057,78.911989,Govt of Tamil Nadu - Health Dept,Government of Tamil Nadu,08:00-16:00 (Standard PHC/HSC)
1042,Sengal PHC,Primary Health Centre (PHC),Primary Level (PHC Medical Officer & VHN Supervisor),Karur,639102,10.864431,78.241303,Govt of Tamil Nadu - Health Dept,Government of Tamil Nadu,08:00-16:00 (Standard PHC/HSC)
1043,"Government Hospital, Chinadarapuram",Government District / Taluk Hospital,District / Secondary Referral Level,Karur,639202,10.859445,77.848582,Govt of Tamil Nadu - Health Dept,Government of Tamil Nadu,24/7
1044,Veeramangudi PHC,Primary Health Centre (PHC),Primary Level (PHC Medical Officer & VHN Supervisor),Thanjavur,613204,10.92796,79.15147,Govt of Tamil Nadu - Health Dept,Government of Tamil Nadu,08:00-16:00 (Standard PHC/HSC)
1045,"PHC, Innungur",Primary Health Centre (PHC),Primary Level (PHC Medical Officer & VHN Supervisor),Karur,639110,10.854549,78.488009,Govt of Tamil Nadu - Health Dept,Government of Tamil Nadu,08:00-16:00 (Standard PHC/HSC)
1046,Thiruverambur PHC,Primary Health Centre (PHC),Primary Level (PHC Medical Officer & VHN Supervisor),Tiruchirappalli,620013,10.790819,78.776006,Govt of Tamil Nadu - Health Dept,Government of Tamil Nadu,08:00-16:00 (Standard PHC/HSC)
1047,Papanasam Government Hospital,Government District / Taluk Hospital,District / Secondary Referral Level,Thanjavur,614203,10.925724,79.263336,Govt of Tamil Nadu - Health Dept,Government of Tamil Nadu,24/7
1048,"PHC, Kundadam",Primary Health Centre (PHC),Primary Level (PHC Medical Officer & VHN Supervisor),Tiruppur,638702,10.851646,77.442415,Govt of Tamil Nadu - Health Dept,Government of Tamil Nadu,08:00-16:00 (Standard PHC/HSC)
1049,"PHC, E.Vadugapalayam",Primary Health Centre (PHC),Primary Level (PHC Medical Officer & VHN Supervisor),Tiruppur,641664,10.920934,77.317435,Govt of Tamil Nadu - Health Dept,Government of Tamil Nadu,08:00-16:00 (Standard PHC/HSC)
1050,"PHC, Anaikuppam",Primary Health Centre (PHC),Primary Level (PHC Medical Officer & VHN Supervisor),Tiruvarur,609504,10.844831,79.606219,Govt of Tamil Nadu - Health Dept,Government of Tamil Nadu,08:00-16:00 (Standard PHC/HSC)
1051,Sankarandampalayam PHC,Primary Health Centre (PHC),Primary Level (PHC Medical Officer & VHN Supervisor),Tiruppur,638706,10.82959,77.583501,Govt of Tamil Nadu - Health Dept,Government of Tamil Nadu,08:00-16:00 (Standard PHC/HSC)
1052,"PHC, Chakkarapalli",Primary Health Centre (PHC),Primary Level (PHC Medical Officer & VHN Supervisor),Thanjavur,614211,10.900555,79.198418,Govt of Tamil Nadu - Health Dept,Government of Tamil Nadu,08:00-16:00 (Standard PHC/HSC)
1053,"PHC, Alangudi",Primary Health Centre (PHC),Primary Level (PHC Medical Officer & VHN Supervisor),Tiruvarur,612801,10.828,79.405163,Govt of Tamil Nadu - Health Dept,Government of Tamil Nadu,08:00-16:00 (Standard PHC/HSC)
1054,"PHC, Koilvenni",Primary Health Centre (PHC),Primary Level (PHC Medical Officer & VHN Supervisor),Tiruvarur,614403,10.778538,79.361352,Govt of Tamil Nadu - Health Dept,Government of Tamil Nadu,08:00-16:00 (Standard PHC/HSC)
1055,Nachalur PHC,Primary Health Centre (PHC),Primary Level (PHC Medical Officer & VHN Supervisor),Karur,639110,10.827927,78.495312,Govt of Tamil Nadu - Health Dept,Government of Tamil Nadu,08:00-16:00 (Standard PHC/HSC)
1056,Musiri PHC,Primary Health Centre (PHC),Primary Level (PHC Medical Officer & VHN Supervisor),Vellore,632508,10.949787,78.444825,Govt of Tamil Nadu - Health Dept,Government of Tamil Nadu,08:00-16:00 (Standard PHC/HSC)
1057,"Government Hospital, Kinathukadavu",Government District / Taluk Hospital,District / Secondary Referral Level,Coimbatore,642109,10.82107,77.017406,Govt of Tamil Nadu - Health Dept,Government of Tamil Nadu,24/7
1058,Thiruvizhimizhalai PHC,Primary Health Centre (PHC),Primary Level (PHC Medical Officer & VHN Supervisor),Tiruvarur,609501,10.946366,79.57097,Govt of Tamil Nadu - Health Dept,Government of Tamil Nadu,08:00-16:00 (Standard PHC/HSC)
1059,"Government Hospital, Thayampalayam",Government District / Taluk Hospital,District / Secondary Referral Level,Tiruppur,638703,10.88012,77.487323,Govt of Tamil Nadu - Health Dept,Government of Tamil Nadu,24/7
1060,"Government Hospital, Koduvai",Government District / Taluk Hospital,District / Secondary Referral Level,Tiruppur,638660,10.942189,77.438567,Govt of Tamil Nadu - Health Dept,Government of Tamil Nadu,24/7
1061,Valadi PHC,Primary Health Centre (PHC),Primary Level (PHC Medical Officer & VHN Supervisor),Tiruchirappalli,621218,10.875521,78.757014,Govt of Tamil Nadu - Health Dept,Government of Tamil Nadu,08:00-16:00 (Standard PHC/HSC)
1062,Mahatma Gandhi Memorial Government Hospital,Government District / Taluk Hospital,District / Secondary Referral Level,Tiruchirappalli,620017,10.811458,78.67769,Govt of Tamil Nadu - Health Dept,Government of Tamil Nadu,24/7
1063,Thirukkannapuram PHC,Primary Health Centre (PHC),Primary Level (PHC Medical Officer & VHN Supervisor),Nagapattinam,609702,10.867491,79.704519,Govt of Tamil Nadu - Health Dept,Government of Tamil Nadu,08:00-16:00 (Standard PHC/HSC)
1064,"PHC, Kattur",Primary Health Centre (PHC),Primary Level (PHC Medical Officer & VHN Supervisor),Tiruchirappalli,620019,10.803125,78.74324,Govt of Tamil Nadu - Health Dept,Government of Tamil Nadu,08:00-16:00 (Standard PHC/HSC)
1065,Uthayamarthandapuram PHC,Primary Health Centre (PHC),Primary Level (PHC Medical Officer & VHN Supervisor),Tiruvarur,609608,10.92879,79.706889,Govt of Tamil Nadu - Health Dept,Government of Tamil Nadu,08:00-16:00 (Standard PHC/HSC)
1066,Mulanur Upgraded PHC,Primary Health Centre (PHC),Primary Level (PHC Medical Officer & VHN Supervisor),Tiruppur,638106,10.796537,77.718998,Govt of Tamil Nadu - Health Dept,Government of Tamil Nadu,08:00-16:00 (Standard PHC/HSC)
1067,Puliyampatti PHC,Primary Health Centre (PHC),Primary Level (PHC Medical Officer & VHN Supervisor),Tiruppur,641658,10.921507,77.220427,Govt of Tamil Nadu - Health Dept,Government of Tamil Nadu,08:00-16:00 (Standard PHC/HSC)
1068,"PHC, Malaikovilur",Primary Health Centre (PHC),Primary Level (PHC Medical Officer & VHN Supervisor),Karur,639109,10.848532,77.971455,Govt of Tamil Nadu - Health Dept,Government of Tamil Nadu,08:00-16:00 (Standard PHC/HSC)
1069,"Government Hospital, Enamkiliyur",Government District / Taluk Hospital,District / Secondary Referral Level,Tiruvarur,614207,10.92104,79.317539,Govt of Tamil Nadu - Health Dept,Government of Tamil Nadu,24/7
1070,"Government Hospital, Kodangipatti",Government District / Taluk Hospital,District / Secondary Referral Level,Karur,639005,10.91425,78.078034,Govt of Tamil Nadu - Health Dept,Government of Tamil Nadu,24/7
1071,Velliyanai PHC,Primary Health Centre (PHC),Primary Level (PHC Medical Officer & VHN Supervisor),Karur,639118,10.83815,78.121085,Govt of Tamil Nadu - Health Dept,Government of Tamil Nadu,08:00-16:00 (Standard PHC/HSC)
1072,Subramaniyapuram PHC,Primary Health Centre (PHC),Primary Level (PHC Medical Officer & VHN Supervisor),Tiruchirappalli,620020,10.785468,78.698984,Govt of Tamil Nadu - Health Dept,Government of Tamil Nadu,08:00-16:00 (Standard PHC/HSC)
1073,Pettavaithalai PHC,Primary Health Centre (PHC),Primary Level (PHC Medical Officer & VHN Supervisor),Tiruchirappalli,639112,10.901252,78.495634,Govt of Tamil Nadu - Health Dept,Government of Tamil Nadu,08:00-16:00 (Standard PHC/HSC)
1074,Perumpannaiyur CHC,Primary Health Centre (PHC),Primary Level (PHC Medical Officer & VHN Supervisor),Tiruvarur,612603,10.828186,79.55428,Govt of Tamil Nadu - Health Dept,Government of Tamil Nadu,08:00-16:00 (Standard PHC/HSC)
1075,"PHC, Elakurichi",Primary Health Centre (PHC),Primary Level (PHC Medical Officer & VHN Supervisor),Ariyalur,621715,10.95387,79.166496,Govt of Tamil Nadu - Health Dept,Government of Tamil Nadu,08:00-16:00 (Standard PHC/HSC)
1076,V.Chandrapuram PHC,Primary Health Centre (PHC),Primary Level (PHC Medical Officer & VHN Supervisor),Coimbatore,641669,10.89953,77.183846,Govt of Tamil Nadu - Health Dept,Government of Tamil Nadu,08:00-16:00 (Standard PHC/HSC)
1077,"PHC, Eswarachettipalayam",Primary Health Centre (PHC),Primary Level (PHC Medical Officer & VHN Supervisor),Tiruppur,638702,10.82349,77.371371,Govt of Tamil Nadu - Health Dept,Government of Tamil Nadu,08:00-16:00 (Standard PHC/HSC)
1078,"Government Hospital, Murukkangudi",Government District / Taluk Hospital,District / Secondary Referral Level,Thanjavur,612202,10.950931,79.449862,Govt of Tamil Nadu - Health Dept,Government of Tamil Nadu,24/7
1079,Perugamani PHC,Primary Health Centre (PHC),Primary Level (PHC Medical Officer & VHN Supervisor),Tiruchirappalli,639115,10.89242,78.545838,Govt of Tamil Nadu - Health Dept,Government of Tamil Nadu,08:00-16:00 (Standard PHC/HSC)
1080,"PHC, Irungalur",Primary Health Centre (PHC),Primary Level (PHC Medical Officer & VHN Supervisor),Tiruchirappalli,621105,10.94264,78.766857,Govt of Tamil Nadu - Health Dept,Government of Tamil Nadu,08:00-16:00 (Standard PHC/HSC)
1081,"PHC, Kasipalayam",Primary Health Centre (PHC),Primary Level (PHC Medical Officer & VHN Supervisor),Erode,639111,10.878916,77.936359,Govt of Tamil Nadu - Health Dept,Government of Tamil Nadu,08:00-16:00 (Standard PHC/HSC)
1082,Government Hospital Kabisthalam,Government District / Taluk Hospital,District / Secondary Referral Level,Thanjavur,614203,10.942338,79.251076,Govt of Tamil Nadu - Health Dept,Government of Tamil Nadu,24/7
1083,"UPHC, Beemanagar",Urban Primary Health Centre (UPHC),Urban Primary Level (USHA Base),Tiruchirappalli,620001,10.807638,78.69056,Govt of Tamil Nadu - Health Dept,Government of Tamil Nadu,08:00-16:00 (Standard PHC/HSC)
1084,S.P.Kovil PHC,Primary Health Centre (PHC),Primary Level (PHC Medical Officer & VHN Supervisor),Thanjavur,614208,10.938975,79.301322,Govt of Tamil Nadu - Health Dept,Government of Tamil Nadu,08:00-16:00 (Standard PHC/HSC)
1085,Irudayapuram Uhp,Primary Health Centre (PHC),Primary Level (PHC Medical Officer & VHN Supervisor),Tiruchirappalli,620001,10.807579,78.700171,Unspecified,Unspecified,08:00-16:00 (Standard PHC/HSC)
1086,"PHC, Kaniyalampatty",Primary Health Centre (PHC),Primary Level (PHC Medical Officer & VHN Supervisor),Karur,621301,10.801069,78.199966,Govt of Tamil Nadu - Health Dept,Government of Tamil Nadu,08:00-16:00 (Standard PHC/HSC)
1087,Poonthottam PHC,Primary Health Centre (PHC),Primary Level (PHC Medical Officer & VHN Supervisor),Tiruvarur,609503,10.932899,79.6524,Govt of Tamil Nadu - Health Dept,Government of Tamil Nadu,08:00-16:00 (Standard PHC/HSC)
1088,Naducauvery PHC,Primary Health Centre (PHC),Primary Level (PHC Medical Officer & VHN Supervisor),Thanjavur,615101,10.8618,79.040333,Govt of Tamil Nadu - Health Dept,Government of Tamil Nadu,08:00-16:00 (Standard PHC/HSC)
1089,K. A. P. Viswanathan Government Medical College Hospital,Government Health Facility / Clinic,Community Health Post,Tiruchirappalli,620001,10.79729,78.678497,Govt of Tamil Nadu - Health Dept,Government of Tamil Nadu,08:00-16:00 (Standard PHC/HSC)
1090,Pudur Uthamanur PHC,Primary Health Centre (PHC),Primary Level (PHC Medical Officer & VHN Supervisor),Tiruchirappalli,621712,10.92447,78.802419,Govt of Tamil Nadu - Health Dept,Government of Tamil Nadu,08:00-16:00 (Standard PHC/HSC)
1091,Thirukattupalli Government hospital,Government District / Taluk Hospital,District / Secondary Referral Level,Thanjavur,613602,10.84884,78.9551,Govt of Tamil Nadu - Health Dept,Government of Tamil Nadu,24/7
1092,"CHC, Budalur",Primary Health Centre (PHC),Primary Level (PHC Medical Officer & VHN Supervisor),Thanjavur,613602,10.790827,78.978044,Govt of Tamil Nadu - Health Dept,Government of Tamil Nadu,08:00-16:00 (Standard PHC/HSC)
1093,Pandaravadai PHC,Primary Health Centre (PHC),Primary Level (PHC Medical Officer & VHN Supervisor),Thanjavur,614204,10.91902,79.241154,Govt of Tamil Nadu - Health Dept,Government of Tamil Nadu,08:00-16:00 (Standard PHC/HSC)
1094,Nagathi PHC,Primary Health Centre (PHC),Primary Level (PHC Medical Officer & VHN Supervisor),Thanjavur,613208,10.840256,79.08899,Govt of Tamil Nadu - Health Dept,Government of Tamil Nadu,08:00-16:00 (Standard PHC/HSC)
1095,"Government Hospital, Manachanalur",Government District / Taluk Hospital,District / Secondary Referral Level,Tiruchirappalli,621005,10.915226,78.701363,Govt of Tamil Nadu - Health Dept,Government of Tamil Nadu,24/7
1096,"PHC, Koviladi",Primary Health Centre (PHC),Primary Level (PHC Medical Officer & VHN Supervisor),Thanjavur,613105,10.840449,78.888734,Govt of Tamil Nadu - Health Dept,Government of Tamil Nadu,08:00-16:00 (Standard PHC/HSC)
1097,Manambuchavadi Urban PHC,Urban Primary Health Centre (UPHC),Urban Primary Level (USHA Base),Thanjavur,613001,10.781415,79.150056,Govt of Tamil Nadu - Health Dept,Government of Tamil Nadu,08:00-16:00 (Standard PHC/HSC)
1098,Uppidamangalam PHC,Primary Health Centre (PHC),Primary Level (PHC Medical Officer & VHN Supervisor),Karur,639114,10.905111,78.161344,Govt of Tamil Nadu - Health Dept,Government of Tamil Nadu,08:00-16:00 (Standard PHC/HSC)
1099,Thirupayathangudi PHC,Primary Health Centre (PHC),Primary Level (PHC Medical Officer & VHN Supervisor),Nagapattinam,610101,10.830423,79.697838,Govt of Tamil Nadu - Health Dept,Government of Tamil Nadu,08:00-16:00 (Standard PHC/HSC)
1100,Maharanombu Chavadi UPHC,Urban Primary Health Centre (UPHC),Urban Primary Level (USHA Base),Thanjavur,613002,10.78142,79.149532,Govt of Tamil Nadu - Health Dept,Government of Tamil Nadu,08:00-16:00 (Standard PHC/HSC)
1101,Sirumayankudi Government Hospital,Government District / Taluk Hospital,District / Secondary Referral Level,Tiruchirappalli,621706,10.893822,78.860362,Govt of Tamil Nadu - Health Dept,Government of Tamil Nadu,24/7
1102,Saliyamangalam PHC,Primary Health Centre (PHC),Primary Level (PHC Medical Officer & VHN Supervisor),Thanjavur,614504,10.77624,79.276212,Govt of Tamil Nadu - Health Dept,Government of Tamil Nadu,08:00-16:00 (Standard PHC/HSC)
1103,"PHC, Kambiliampatti",Primary Health Centre (PHC),Primary Level (PHC Medical Officer & VHN Supervisor),Tiruppur,638111,10.89335,77.606277,Govt of Tamil Nadu - Health Dept,Government of Tamil Nadu,08:00-16:00 (Standard PHC/HSC)
1104,Nagore Government Hospital,Government District / Taluk Hospital,District / Secondary Referral Level,Nagapattinam,611002,10.81877,79.838577,Govt of Tamil Nadu - Health Dept,Government of Tamil Nadu,24/7
1105,"Government Hospital, Lalgudi",Government District / Taluk Hospital,District / Secondary Referral Level,Tiruchirappalli,621601,10.87905,78.818491,Govt of Tamil Nadu - Health Dept,Government of Tamil Nadu,24/7
1106,Sepalapatti PHC,Primary Health Centre (PHC),Primary Level (PHC Medical Officer & VHN Supervisor),Karur,639110,10.814557,78.552189,Govt of Tamil Nadu - Health Dept,Government of Tamil Nadu,08:00-16:00 (Standard PHC/HSC)
1107,Thirumarugal Government Hospital,Government District / Taluk Hospital,District / Secondary Referral Level,Nagapattinam,609702,10.8712,79.744706,Govt of Tamil Nadu - Health Dept,Government of Tamil Nadu,24/7
1108,Sokkanur PHC,Primary Health Centre (PHC),Primary Level (PHC Medical Officer & VHN Supervisor),Coimbatore,642109,10.808876,76.948167,Govt of Tamil Nadu - Health Dept,Government of Tamil Nadu,08:00-16:00 (Standard PHC/HSC)
1109,Vadakkupalayam PHC,Primary Health Centre (PHC),Primary Level (PHC Medical Officer & VHN Supervisor),Karur,639114,10.939467,78.125102,Govt of Tamil Nadu - Health Dept,Government of Tamil Nadu,08:00-16:00 (Standard PHC/HSC)
1110,"PHC, Kulithalai",Primary Health Centre (PHC),Primary Level (PHC Medical Officer & VHN Supervisor),Karur,639104,10.933334,78.427351,Govt of Tamil Nadu - Health Dept,Government of Tamil Nadu,08:00-16:00 (Standard PHC/HSC)
1111,Government Hospital Thiruvidachery,Government District / Taluk Hospital,District / Secondary Referral Level,Tiruvarur,610107,10.87067,79.529681,Govt of Tamil Nadu - Health Dept,Government of Tamil Nadu,24/7
1112,"PHC, Karadimadai",Primary Health Centre (PHC),Primary Level (PHC Medical Officer & VHN Supervisor),Coimbatore,641101,10.933016,76.856199,Govt of Tamil Nadu - Health Dept,Government of Tamil Nadu,08:00-16:00 (Standard PHC/HSC)
1113,Anbil PHC,Primary Health Centre (PHC),Primary Level (PHC Medical Officer & VHN Supervisor),Tiruchirappalli,621702,10.868114,78.881085,Govt of Tamil Nadu - Health Dept,Government of Tamil Nadu,08:00-16:00 (Standard PHC/HSC)
1114,Punnam PHC,Primary Health Centre (PHC),Primary Level (PHC Medical Officer & VHN Supervisor),Karur,639136,10.988932,77.991345,Govt of Tamil Nadu - Health Dept,Government of Tamil Nadu,08:00-16:00 (Standard PHC/HSC)
1115,"PHC, Govindampalayam",Primary Health Centre (PHC),Primary Level (PHC Medical Officer & VHN Supervisor),Karur,639002,10.958408,78.003066,Govt of Tamil Nadu - Health Dept,Government of Tamil Nadu,08:00-16:00 (Standard PHC/HSC)
1116,Thiruneelakudi PHC,Primary Health Centre (PHC),Primary Level (PHC Medical Officer & VHN Supervisor),Thanjavur,612108,10.9864,79.484277,Govt of Tamil Nadu - Health Dept,Government of Tamil Nadu,08:00-16:00 (Standard PHC/HSC)
1117,Melarasur PHC,Primary Health Centre (PHC),Primary Level (PHC Medical Officer & VHN Supervisor),Tiruchirappalli,621652,11.02518,78.961968,Govt of Tamil Nadu - Health Dept,Government of Tamil Nadu,08:00-16:00 (Standard PHC/HSC)
1118,"PHC, Kallakudi",Primary Health Centre (PHC),Primary Level (PHC Medical Officer & VHN Supervisor),Tiruchirappalli,621652,10.975984,78.949042,Govt of Tamil Nadu - Health Dept,Government of Tamil Nadu,08:00-16:00 (Standard PHC/HSC)
1119,"Government Hospital, Sulur",Government District / Taluk Hospital,District / Secondary Referral Level,Coimbatore,641402,11.024754,77.122862,Govt of Tamil Nadu - Health Dept,Government of Tamil Nadu,24/7
1120,Singanallur Government Hospital,Government District / Taluk Hospital,District / Secondary Referral Level,Coimbatore,641005,11.0011,77.033733,Govt of Tamil Nadu - Health Dept,Government of Tamil Nadu,24/7
1121,Podanur Government Hospital,Government District / Taluk Hospital,District / Secondary Referral Level,Coimbatore,641023,10.96641,76.987062,Govt of Tamil Nadu - Health Dept,Government of Tamil Nadu,24/7
1122,UPHC Pattunool,Urban Primary Health Centre (UPHC),Urban Primary Level (USHA Base),Coimbatore,641001,11.000678,76.955345,Govt of Tamil Nadu - Health Dept,Government of Tamil Nadu,08:00-16:00 (Standard PHC/HSC)
1123,Peralam PHC,Primary Health Centre (PHC),Primary Level (PHC Medical Officer & VHN Supervisor),Tiruvarur,609405,10.96307,79.662084,Govt of Tamil Nadu - Health Dept,Government of Tamil Nadu,08:00-16:00 (Standard PHC/HSC)
1124,"PHC, Irugur",Primary Health Centre (PHC),Primary Level (PHC Medical Officer & VHN Supervisor),Coimbatore,641103,11.017415,77.067012,Govt of Tamil Nadu - Health Dept,Government of Tamil Nadu,08:00-16:00 (Standard PHC/HSC)
1125,Palladam Government Hospital,Government District / Taluk Hospital,District / Secondary Referral Level,Tiruppur,641664,10.996256,77.280359,Govt of Tamil Nadu - Health Dept,Government of Tamil Nadu,24/7
1126,"CHC, Kattuputhur",Primary Health Centre (PHC),Primary Level (PHC Medical Officer & VHN Supervisor),Tiruchirappalli,621207,10.994037,78.215029,Govt of Tamil Nadu - Health Dept,Government of Tamil Nadu,08:00-16:00 (Standard PHC/HSC)
1127,Peruvalappur PHC,Primary Health Centre (PHC),Primary Level (PHC Medical Officer & VHN Supervisor),Tiruchirappalli,621651,11.0137,78.871293,Govt of Tamil Nadu - Health Dept,Government of Tamil Nadu,08:00-16:00 (Standard PHC/HSC)
1128,T.Puthur PHC,Primary Health Centre (PHC),Primary Level (PHC Medical Officer & VHN Supervisor),Tiruchirappalli,621217,10.99386,78.529685,Govt of Tamil Nadu - Health Dept,Government of Tamil Nadu,08:00-16:00 (Standard PHC/HSC)
1129,Government Hospital Kariyamanickam,Government District / Taluk Hospital,District / Secondary Referral Level,Tiruchirappalli,621005,11.011026,78.729365,Govt of Tamil Nadu - Health Dept,Government of Tamil Nadu,24/7
1130,Vvm Home PHC,Primary Health Centre (PHC),Primary Level (PHC Medical Officer & VHN Supervisor),Coimbatore,641001,10.991951,76.952299,Govt of Tamil Nadu - Health Dept,Government of Tamil Nadu,08:00-16:00 (Standard PHC/HSC)
1131,Vadugapalayam PHC,Primary Health Centre (PHC),Primary Level (PHC Medical Officer & VHN Supervisor),Coimbatore,641664,10.982778,77.28662,Govt of Tamil Nadu - Health Dept,Government of Tamil Nadu,08:00-16:00 (Standard PHC/HSC)
1132,"PHC, Kuruvadi",Primary Health Centre (PHC),Primary Level (PHC Medical Officer & VHN Supervisor),Ariyalur,621715,10.977145,79.22415,Govt of Tamil Nadu - Health Dept,Government of Tamil Nadu,08:00-16:00 (Standard PHC/HSC)
1133,Thirunageswaram PHC,Primary Health Centre (PHC),Primary Level (PHC Medical Officer & VHN Supervisor),Thanjavur,612204,10.96961,79.438619,Govt of Tamil Nadu - Health Dept,Government of Tamil Nadu,08:00-16:00 (Standard PHC/HSC)
1134,Melacauvery PHC,Primary Health Centre (PHC),Primary Level (PHC Medical Officer & VHN Supervisor),Thanjavur,612002,10.96761,79.370104,Govt of Tamil Nadu - Health Dept,Government of Tamil Nadu,08:00-16:00 (Standard PHC/HSC)
1135,Poraiyar Government Hospital,Government District / Taluk Hospital,District / Secondary Referral Level,Nagapattinam,609307,11.02416,79.83812,Govt of Tamil Nadu - Health Dept,Government of Tamil Nadu,24/7
1136,"Government Hospital, Kuruchi",Government District / Taluk Hospital,District / Secondary Referral Level,Coimbatore,641021,10.963867,76.97122,Govt of Tamil Nadu - Health Dept,Government of Tamil Nadu,24/7
1137,Pachapalayam PHC,Primary Health Centre (PHC),Primary Level (PHC Medical Officer & VHN Supervisor),Tiruppur,638701,11.018432,77.62981,Govt of Tamil Nadu - Health Dept,Government of Tamil Nadu,08:00-16:00 (Standard PHC/HSC)
1138,Thiruvidaimaruthur Government Hospital,Government District / Taluk Hospital,District / Secondary Referral Level,Thanjavur,612204,10.99508,79.449809,Govt of Tamil Nadu - Health Dept,Government of Tamil Nadu,24/7
1139,Palladam PHC,Primary Health Centre (PHC),Primary Level (PHC Medical Officer & VHN Supervisor),Tiruppur,641664,10.99425,77.282414,Govt of Tamil Nadu - Health Dept,Government of Tamil Nadu,08:00-16:00 (Standard PHC/HSC)
1140,"Government Medical College Hospital, Karur",Government Health Facility / Clinic,Community Health Post,Karur,639001,10.961593,78.080414,Govt of Tamil Nadu - Health Dept,Government of Tamil Nadu,08:00-16:00 (Standard PHC/HSC)
1141,Government Hospital Kanakiliyanallur,Government District / Taluk Hospital,District / Secondary Referral Level,Tiruchirappalli,621651,10.9921,78.880442,Govt of Tamil Nadu - Health Dept,Government of Tamil Nadu,24/7
1142,"PHC, Kuniamuthur",Primary Health Centre (PHC),Primary Level (PHC Medical Officer & VHN Supervisor),Coimbatore,641008,10.961348,76.951223,Govt of Tamil Nadu - Health Dept,Government of Tamil Nadu,08:00-16:00 (Standard PHC/HSC)
1143,Semmipalayam PHC,Primary Health Centre (PHC),Primary Level (PHC Medical Officer & VHN Supervisor),Tiruppur,641664,11.00908,77.236744,Govt of Tamil Nadu - Health Dept,Government of Tamil Nadu,08:00-16:00 (Standard PHC/HSC)
1144,"Government Hospital, Thottiyam",Government District / Taluk Hospital,District / Secondary Referral Level,Tiruchirappalli,621215,10.98388,78.338648,Govt of Tamil Nadu - Health Dept,Government of Tamil Nadu,24/7
1145,Pongalur Upgraded PHC,Primary Health Centre (PHC),Primary Level (PHC Medical Officer & VHN Supervisor),Tiruppur,641667,10.97016,77.374126,Govt of Tamil Nadu - Health Dept,Government of Tamil Nadu,08:00-16:00 (Standard PHC/HSC)
1146,"PHC, Kollapuram",Primary Health Centre (PHC),Primary Level (PHC Medical Officer & VHN Supervisor),Tiruvarur,609608,10.956633,79.706017,Govt of Tamil Nadu - Health Dept,Government of Tamil Nadu,08:00-16:00 (Standard PHC/HSC)
1147,Vadavalli PHC,Primary Health Centre (PHC),Primary Level (PHC Medical Officer & VHN Supervisor),Coimbatore,641041,11.024753,76.90081,Govt of Tamil Nadu - Health Dept,Government of Tamil Nadu,08:00-16:00 (Standard PHC/HSC)
1148,"PHC, Komal",Primary Health Centre (PHC),Primary Level (PHC Medical Officer & VHN Supervisor),Nagapattinam,609805,11.021822,79.594898,Govt of Tamil Nadu - Health Dept,Government of Tamil Nadu,08:00-16:00 (Standard PHC/HSC)
1149,Pooluvapatti CHC,Primary Health Centre (PHC),Primary Level (PHC Medical Officer & VHN Supervisor),Coimbatore,641101,10.96146,76.804773,Govt of Tamil Nadu - Health Dept,Government of Tamil Nadu,08:00-16:00 (Standard PHC/HSC)
1150,Moovanur PHC,Primary Health Centre (PHC),Primary Level (PHC Medical Officer & VHN Supervisor),Tiruchirappalli,621006,10.991446,78.598719,Govt of Tamil Nadu - Health Dept,Government of Tamil Nadu,08:00-16:00 (Standard PHC/HSC)
1151,Selvapuram PHC,Primary Health Centre (PHC),Primary Level (PHC Medical Officer & VHN Supervisor),Coimbatore,641026,10.988024,76.941204,Govt of Tamil Nadu - Health Dept,Government of Tamil Nadu,08:00-16:00 (Standard PHC/HSC)
1152,Manganallur PHC,Primary Health Centre (PHC),Primary Level (PHC Medical Officer & VHN Supervisor),Nagapattinam,609404,11.02601,79.651683,Govt of Tamil Nadu - Health Dept,Government of Tamil Nadu,08:00-16:00 (Standard PHC/HSC)
1153,Venganur PHC,Primary Health Centre (PHC),Primary Level (PHC Medical Officer & VHN Supervisor),Ariyalur,621851,10.97406,79.021627,Govt of Tamil Nadu - Health Dept,Government of Tamil Nadu,08:00-16:00 (Standard PHC/HSC)
1154,"UPHC, EVR Maniammai",Urban Primary Health Centre (UPHC),Urban Primary Level (USHA Base),Thanjavur,612001,10.956049,79.386601,Govt of Tamil Nadu - Health Dept,Government of Tamil Nadu,08:00-16:00 (Standard PHC/HSC)
1155,Sivashantha Mother & Child Health Centre,Government Health Facility / Clinic,Community Health Post,Coimbatore,641041,11.023122,76.913678,Govt of Tamil Nadu - Health Dept,Government of Tamil Nadu,08:00-16:00 (Standard PHC/HSC)
1156,Thumbalam PHC,Primary Health Centre (PHC),Primary Level (PHC Medical Officer & VHN Supervisor),Tiruchirappalli,621214,11.020892,78.431057,Govt of Tamil Nadu - Health Dept,Government of Tamil Nadu,08:00-16:00 (Standard PHC/HSC)
1157,Sankaranpandal PHC,Primary Health Centre (PHC),Primary Level (PHC Medical Officer & VHN Supervisor),Nagapattinam,609308,11.020755,79.760979,Govt of Tamil Nadu - Health Dept,Government of Tamil Nadu,08:00-16:00 (Standard PHC/HSC)
1158,"PHC, K.Paramathy",Primary Health Centre (PHC),Primary Level (PHC Medical Officer & VHN Supervisor),Karur,639111,10.963298,77.8995,Govt of Tamil Nadu - Health Dept,Government of Tamil Nadu,08:00-16:00 (Standard PHC/HSC)
1159,Seeranaickenpalayam PHC,Primary Health Centre (PHC),Primary Level (PHC Medical Officer & VHN Supervisor),Coimbatore,641041,11.016728,76.924227,Govt of Tamil Nadu - Health Dept,Government of Tamil Nadu,08:00-16:00 (Standard PHC/HSC)
1160,Sowripalayam UPHC,Urban Primary Health Centre (UPHC),Urban Primary Level (USHA Base),Coimbatore,641028,11.011973,76.999472,Govt of Tamil Nadu - Health Dept,Government of Tamil Nadu,08:00-16:00 (Standard PHC/HSC)
1161,"Thondamuthur, Government Hospital",Government District / Taluk Hospital,District / Secondary Referral Level,Coimbatore,641109,10.991761,76.842106,Govt of Tamil Nadu - Health Dept,Government of Tamil Nadu,24/7
1162,"Swamimalai,PHC",Primary Health Centre (PHC),Primary Level (PHC Medical Officer & VHN Supervisor),Thanjavur,612303,10.959263,79.327486,Govt of Tamil Nadu - Health Dept,Government of Tamil Nadu,08:00-16:00 (Standard PHC/HSC)
1163,Veppathur PHC,Primary Health Centre (PHC),Primary Level (PHC Medical Officer & VHN Supervisor),Thanjavur,612105,11.0105,79.4363,Govt of Tamil Nadu - Health Dept,Government of Tamil Nadu,08:00-16:00 (Standard PHC/HSC)
1164,Pavattakudi PHC,Primary Health Centre (PHC),Primary Level (PHC Medical Officer & VHN Supervisor),Tiruvarur,609403,10.985963,79.693432,Govt of Tamil Nadu - Health Dept,Government of Tamil Nadu,08:00-16:00 (Standard PHC/HSC)
1165,"Government Hospital, Kumbakonam",Government District / Taluk Hospital,District / Secondary Referral Level,Thanjavur,612001,10.968677,79.386243,Govt of Tamil Nadu - Health Dept,Government of Tamil Nadu,24/7
1166,Primary Health Centre Kaduvetty,Primary Health Centre (PHC),Primary Level (PHC Medical Officer & VHN Supervisor),Tiruchirappalli,621207,10.994932,78.252352,Govt of Tamil Nadu - Health Dept,Government of Tamil Nadu,08:00-16:00 (Standard PHC/HSC)
1167,Government Hospital Karadivavi,Government District / Taluk Hospital,District / Secondary Referral Level,Tiruppur,641658,10.961828,77.194398,Govt of Tamil Nadu - Health Dept,Government of Tamil Nadu,24/7
1168,Poigai Government Hospital,Government District / Taluk Hospital,District / Secondary Referral Level,Vellore,635114,12.915317,79.056705,Govt of Tamil Nadu - Health Dept,Government of Tamil Nadu,24/7
1169,Odugathur CHC,Primary Health Centre (PHC),Primary Level (PHC Medical Officer & VHN Supervisor),Vellore,632103,12.778268,78.876933,Govt of Tamil Nadu - Health Dept,Government of Tamil Nadu,08:00-16:00 (Standard PHC/HSC)
1170,"Community Health And Development unit, Bagayam",Primary Health Centre (PHC),Primary Level (PHC Medical Officer & VHN Supervisor),Vellore,632002,12.879314,79.134001,Govt of Tamil Nadu - Health Dept,Government of Tamil Nadu,08:00-16:00 (Standard PHC/HSC)
1171,Walajapet UPHC,Urban Primary Health Centre (UPHC),Urban Primary Level (USHA Base),Vellore,632513,12.929127,79.363814,Govt of Tamil Nadu - Health Dept,Government of Tamil Nadu,08:00-16:00 (Standard PHC/HSC)
1172,Semmancheri PHC,Primary Health Centre (PHC),Primary Level (PHC Medical Officer & VHN Supervisor),Chennai,600119,12.875186,80.210633,Govt of Tamil Nadu - Health Dept,Government of Tamil Nadu,08:00-16:00 (Standard PHC/HSC)
1173,Pudupadi CHC,Primary Health Centre (PHC),Primary Level (PHC Medical Officer & VHN Supervisor),Vellore,632503,12.865178,79.374166,Govt of Tamil Nadu - Health Dept,Government of Tamil Nadu,08:00-16:00 (Standard PHC/HSC)
1174,Marattipalayam PHC,Primary Health Centre (PHC),Primary Level (PHC Medical Officer & VHN Supervisor),Vellore,632107,12.804212,78.885679,Govt of Tamil Nadu - Health Dept,Government of Tamil Nadu,08:00-16:00 (Standard PHC/HSC)
1175,"PHC, Bojanapuram",Primary Health Centre (PHC),Primary Level (PHC Medical Officer & VHN Supervisor),Vellore,635813,12.90818,78.837929,Govt of Tamil Nadu - Health Dept,Government of Tamil Nadu,08:00-16:00 (Standard PHC/HSC)
1176,Government Hospital Valayathur,Government District / Taluk Hospital,District / Secondary Referral Level,Vellore,632504,12.752437,79.323195,Govt of Tamil Nadu - Health Dept,Government of Tamil Nadu,24/7
1177,Perungattur CHC,Primary Health Centre (PHC),Primary Level (PHC Medical Officer & VHN Supervisor),Tiruvannamalai,604402,12.750592,79.530929,Govt of Tamil Nadu - Health Dept,Government of Tamil Nadu,08:00-16:00 (Standard PHC/HSC)
1178,"UHPC, Panchupettai",Primary Health Centre (PHC),Primary Level (PHC Medical Officer & VHN Supervisor),Kanchipuram,631502,12.850402,79.695414,Unspecified,Unspecified,08:00-16:00 (Standard PHC/HSC)
1179,"PHC, Konavattam",Primary Health Centre (PHC),Primary Level (PHC Medical Officer & VHN Supervisor),Vellore,632013,12.922526,79.114086,Govt of Tamil Nadu - Health Dept,Government of Tamil Nadu,08:00-16:00 (Standard PHC/HSC)
1180,Peerkankaranai PHC,Primary Health Centre (PHC),Primary Level (PHC Medical Officer & VHN Supervisor),Chennai,600063,12.90526,80.097643,Govt of Tamil Nadu - Health Dept,Government of Tamil Nadu,08:00-16:00 (Standard PHC/HSC)
1181,Perumbakkam PHC,Primary Health Centre (PHC),Primary Level (PHC Medical Officer & VHN Supervisor),Kanchipuram,631551,12.846878,79.578545,Govt of Tamil Nadu - Health Dept,Government of Tamil Nadu,08:00-16:00 (Standard PHC/HSC)
1182,Pasumathur Government Hospital,Government District / Taluk Hospital,District / Secondary Referral Level,Vellore,635803,12.931414,78.942514,Govt of Tamil Nadu - Health Dept,Government of Tamil Nadu,24/7
1183,Othivakkam PHC,Primary Health Centre (PHC),Primary Level (PHC Medical Officer & VHN Supervisor),Chengalpattu,603108,12.768651,80.108978,Govt of Tamil Nadu - Health Dept,Government of Tamil Nadu,08:00-16:00 (Standard PHC/HSC)
1184,"Thirumangalam, PHC",Primary Health Centre (PHC),Primary Level (PHC Medical Officer & VHN Supervisor),Kanchipuram,602106,12.931125,79.881503,Govt of Tamil Nadu - Health Dept,Government of Tamil Nadu,08:00-16:00 (Standard PHC/HSC)
1185,"PHC, Natteri",Primary Health Centre (PHC),Primary Level (PHC Medical Officer & VHN Supervisor),Tiruvannamalai,632511,12.82535,79.499237,Govt of Tamil Nadu - Health Dept,Government of Tamil Nadu,08:00-16:00 (Standard PHC/HSC)
1186,Government Pentland Hospital,Government Health Facility / Clinic,Community Health Post,Vellore,632001,12.915663,79.13465,Govt of Tamil Nadu - Health Dept,Government of Tamil Nadu,08:00-16:00 (Standard PHC/HSC)
1187,"PHC, Koyambakkam",Primary Health Centre (PHC),Primary Level (PHC Medical Officer & VHN Supervisor),Kanchipuram,631603,12.764485,79.757738,Govt of Tamil Nadu - Health Dept,Government of Tamil Nadu,08:00-16:00 (Standard PHC/HSC)
1188,"PHC, Arunkundram",Primary Health Centre (PHC),Primary Level (PHC Medical Officer & VHN Supervisor),Vellore,632509,12.8708,79.253775,Govt of Tamil Nadu - Health Dept,Government of Tamil Nadu,08:00-16:00 (Standard PHC/HSC)
1189,Sholavaram PHC,Primary Health Centre (PHC),Primary Level (PHC Medical Officer & VHN Supervisor),Vellore,632113,12.818897,79.093504,Govt of Tamil Nadu - Health Dept,Government of Tamil Nadu,08:00-16:00 (Standard PHC/HSC)
1190,"Government Urgent Primary Health Center, Ranipet",Primary Health Centre (PHC),Primary Level (PHC Medical Officer & VHN Supervisor),Vellore,632401,12.927025,79.331758,Govt of Tamil Nadu - Health Dept,Government of Tamil Nadu,08:00-16:00 (Standard PHC/HSC)
1191,Muthuali PHC,Primary Health Centre (PHC),Primary Level (PHC Medical Officer & VHN Supervisor),Krishnagiri,635109,12.760493,77.899998,Govt of Tamil Nadu - Health Dept,Government of Tamil Nadu,08:00-16:00 (Standard PHC/HSC)
1192,Ussoor PHC,Primary Health Centre (PHC),Primary Level (PHC Medical Officer & VHN Supervisor),Vellore,632105,12.869605,79.061246,Govt of Tamil Nadu - Health Dept,Government of Tamil Nadu,08:00-16:00 (Standard PHC/HSC)
1193,Vellore District Headquarters Hospital,Government District / Taluk Hospital,District / Secondary Referral Level,Vellore,632513,12.92618,79.356932,Unspecified,Unspecified,24/7
1194,"PHC, Ayyampettai",Primary Health Centre (PHC),Primary Level (PHC Medical Officer & VHN Supervisor),Kanchipuram,631601,12.808322,79.762708,Govt of Tamil Nadu - Health Dept,Government of Tamil Nadu,08:00-16:00 (Standard PHC/HSC)
1195,"PHC, Kooram",Primary Health Centre (PHC),Primary Level (PHC Medical Officer & VHN Supervisor),Kanchipuram,631502,12.908575,79.655523,Govt of Tamil Nadu - Health Dept,Government of Tamil Nadu,08:00-16:00 (Standard PHC/HSC)
1196,Maraimalai Nagar PHC,Primary Health Centre (PHC),Primary Level (PHC Medical Officer & VHN Supervisor),Chengalpattu,603209,12.791306,80.032987,Govt of Tamil Nadu - Health Dept,Government of Tamil Nadu,08:00-16:00 (Standard PHC/HSC)
1197,Panapakkam Government Hospital,Government District / Taluk Hospital,District / Secondary Referral Level,Vellore,631052,12.92373,79.569263,Govt of Tamil Nadu - Health Dept,Government of Tamil Nadu,24/7
1198,Vembakkam Government Hospital,Government District / Taluk Hospital,District / Secondary Referral Level,Tiruvannamalai,631702,12.787615,79.586685,Govt of Tamil Nadu - Health Dept,Government of Tamil Nadu,24/7
1199,"UPHC, Nariyambat",Urban Primary Health Centre (UPHC),Urban Primary Level (USHA Base),Vellore,635808,12.83662,78.717531,Govt of Tamil Nadu - Health Dept,Government of Tamil Nadu,08:00-16:00 (Standard PHC/HSC)
1200,Sembedu PHC,Primary Health Centre (PHC),Primary Level (PHC Medical Officer & VHN Supervisor),Vellore,632002,12.896636,79.094152,Govt of Tamil Nadu - Health Dept,Government of Tamil Nadu,08:00-16:00 (Standard PHC/HSC)
1201,Melvisaram PHC,Primary Health Centre (PHC),Primary Level (PHC Medical Officer & VHN Supervisor),Vellore,632401,12.915,79.280666,Govt of Tamil Nadu - Health Dept,Government of Tamil Nadu,08:00-16:00 (Standard PHC/HSC)
1202,"PHC, Kammavanpet",Primary Health Centre (PHC),Primary Level (PHC Medical Officer & VHN Supervisor),Vellore,632319,12.770294,79.175026,Govt of Tamil Nadu - Health Dept,Government of Tamil Nadu,08:00-16:00 (Standard PHC/HSC)
1203,"PHC, Anaicut",Primary Health Centre (PHC),Primary Level (PHC Medical Officer & VHN Supervisor),Vellore,632101,12.878011,78.990889,Govt of Tamil Nadu - Health Dept,Government of Tamil Nadu,08:00-16:00 (Standard PHC/HSC)
1204,Primary Health Centre,Primary Health Centre (PHC),Primary Level (PHC Medical Officer & VHN Supervisor),Chennai,600100,12.914271,80.191831,Govt of Tamil Nadu - Health Dept,Government of Tamil Nadu,08:00-16:00 (Standard PHC/HSC)
1205,Reddipalayam PHC,Primary Health Centre (PHC),Primary Level (PHC Medical Officer & VHN Supervisor),Chengalpattu,601204,12.76464,79.935152,Govt of Tamil Nadu - Health Dept,Government of Tamil Nadu,08:00-16:00 (Standard PHC/HSC)
1206,"PHC, Berigai",Primary Health Centre (PHC),Primary Level (PHC Medical Officer & VHN Supervisor),Krishnagiri,635105,12.803434,77.968843,Govt of Tamil Nadu - Health Dept,Government of Tamil Nadu,08:00-16:00 (Standard PHC/HSC)
1207,Vilapakkam PHC,Primary Health Centre (PHC),Primary Level (PHC Medical Officer & VHN Supervisor),Vellore,632521,12.850618,79.295388,Govt of Tamil Nadu - Health Dept,Government of Tamil Nadu,08:00-16:00 (Standard PHC/HSC)
1208,Venkatasamuthiram Government Hospital,Government District / Taluk Hospital,District / Secondary Referral Level,Vellore,635811,12.796293,78.689423,Govt of Tamil Nadu - Health Dept,Government of Tamil Nadu,24/7
1209,"PHC, Kannamangalam",Primary Health Centre (PHC),Primary Level (PHC Medical Officer & VHN Supervisor),Tiruvannamalai,632311,12.74998,79.15521,Govt of Tamil Nadu - Health Dept,Government of Tamil Nadu,08:00-16:00 (Standard PHC/HSC)
1210,Begapalli PHC,Primary Health Centre (PHC),Primary Level (PHC Medical Officer & VHN Supervisor),Krishnagiri,635126,12.791936,77.805536,Govt of Tamil Nadu - Health Dept,Government of Tamil Nadu,08:00-16:00 (Standard PHC/HSC)
1211,"PHC, Kaveripakkam",Primary Health Centre (PHC),Primary Level (PHC Medical Officer & VHN Supervisor),Vellore,632508,12.902892,79.457133,Govt of Tamil Nadu - Health Dept,Government of Tamil Nadu,08:00-16:00 (Standard PHC/HSC)
1212,AMBUR UPHC,Urban Primary Health Centre (UPHC),Urban Primary Level (USHA Base),Vellore,635802,12.79036,78.716635,Govt of Tamil Nadu - Health Dept,Government of Tamil Nadu,08:00-16:00 (Standard PHC/HSC)
1213,Mullanthiram PHC,Primary Health Centre (PHC),Primary Level (PHC Medical Officer & VHN Supervisor),Tiruvannamalai,632317,12.78505,79.25362,Govt of Tamil Nadu - Health Dept,Government of Tamil Nadu,08:00-16:00 (Standard PHC/HSC)
1214,Paduvancheri PHC,Primary Health Centre (PHC),Primary Level (PHC Medical Officer & VHN Supervisor),Chennai,600126,12.901184,80.156863,Govt of Tamil Nadu - Health Dept,Government of Tamil Nadu,08:00-16:00 (Standard PHC/HSC)
1215,"Panchayath Well, Ranganathapuram UPHC",Urban Primary Health Centre (UPHC),Urban Primary Level (USHA Base),Chennai,600059,12.930813,80.116648,Govt of Tamil Nadu - Health Dept,Government of Tamil Nadu,08:00-16:00 (Standard PHC/HSC)
1216,Singaperumalkoil PHC,Primary Health Centre (PHC),Primary Level (PHC Medical Officer & VHN Supervisor),Chengalpattu,603204,12.763772,80.00257,Govt of Tamil Nadu - Health Dept,Government of Tamil Nadu,08:00-16:00 (Standard PHC/HSC)
1217,Timiri UPHC,Urban Primary Health Centre (UPHC),Urban Primary Level (USHA Base),Vellore,632512,12.816766,79.310619,Govt of Tamil Nadu - Health Dept,Government of Tamil Nadu,08:00-16:00 (Standard PHC/HSC)
1218,"PHC, Goodanagaram",Primary Health Centre (PHC),Primary Level (PHC Medical Officer & VHN Supervisor),Vellore,635806,12.910429,78.870185,Govt of Tamil Nadu - Health Dept,Government of Tamil Nadu,08:00-16:00 (Standard PHC/HSC)
1219,"PHC, Madhanur",Primary Health Centre (PHC),Primary Level (PHC Medical Officer & VHN Supervisor),Vellore,635901,12.86746,78.849696,Govt of Tamil Nadu - Health Dept,Government of Tamil Nadu,08:00-16:00 (Standard PHC/HSC)
1220,Kaniyambadi PHC,Primary Health Centre (PHC),Primary Level (PHC Medical Officer & VHN Supervisor),Vellore,632102,12.808214,79.13118,Govt of Tamil Nadu - Health Dept,Government of Tamil Nadu,08:00-16:00 (Standard PHC/HSC)
1221,Lakshmipuram UPHC,Urban Primary Health Centre (UPHC),Urban Primary Level (USHA Base),Vellore,632001,12.908272,79.141768,Govt of Tamil Nadu - Health Dept,Government of Tamil Nadu,08:00-16:00 (Standard PHC/HSC)
1222,"Government Hospital, Athimugam",Government District / Taluk Hospital,District / Secondary Referral Level,Krishnagiri,635105,12.75279,77.981798,Govt of Tamil Nadu - Health Dept,Government of Tamil Nadu,24/7
1223,Melpatti PHC,Primary Health Centre (PHC),Primary Level (PHC Medical Officer & VHN Supervisor),Vellore,635810,12.859535,78.792555,Govt of Tamil Nadu - Health Dept,Government of Tamil Nadu,08:00-16:00 (Standard PHC/HSC)
1224,Poondi Bazaar PHC,Primary Health Centre (PHC),Primary Level (PHC Medical Officer & VHN Supervisor),Chennai,600059,12.9242,80.127446,Govt of Tamil Nadu - Health Dept,Government of Tamil Nadu,08:00-16:00 (Standard PHC/HSC)
1225,Panrutti PHC,Primary Health Centre (PHC),Primary Level (PHC Medical Officer & VHN Supervisor),Kanchipuram,631604,12.85051,79.91207,Govt of Tamil Nadu - Health Dept,Government of Tamil Nadu,08:00-16:00 (Standard PHC/HSC)
1226,Government Hospital Ambur,Government District / Taluk Hospital,District / Secondary Referral Level,Vellore,635802,12.78666,78.716907,Govt of Tamil Nadu - Health Dept,Government of Tamil Nadu,24/7
1227,Pallikonda PHC,Primary Health Centre (PHC),Primary Level (PHC Medical Officer & VHN Supervisor),Vellore,635809,12.905333,78.943119,Govt of Tamil Nadu - Health Dept,Government of Tamil Nadu,08:00-16:00 (Standard PHC/HSC)
1228,Arcot Govt Hospital,Government Health Facility / Clinic,Community Health Post,Vellore,632503,12.90395,79.333333,Govt of Tamil Nadu - Health Dept,Government of Tamil Nadu,08:00-16:00 (Standard PHC/HSC)
1229,Government Hospital Kalavai,Government District / Taluk Hospital,District / Secondary Referral Level,Vellore,632506,12.769512,79.412121,Govt of Tamil Nadu - Health Dept,Government of Tamil Nadu,24/7
1230,Thiruppukuzhi PHC,Primary Health Centre (PHC),Primary Level (PHC Medical Officer & VHN Supervisor),Kanchipuram,631551,12.87757,79.613862,Govt of Tamil Nadu - Health Dept,Government of Tamil Nadu,08:00-16:00 (Standard PHC/HSC)
1231,"Government Hospital, Kancheepuram",Government District / Taluk Hospital,District / Secondary Referral Level,Kanchipuram,631501,12.83311,79.710257,Govt of Tamil Nadu - Health Dept,Government of Tamil Nadu,24/7
1232,"PHC, Kachalampet",Primary Health Centre (PHC),Primary Level (PHC Medical Officer & VHN Supervisor),Vellore,632312,12.76459,79.116032,Govt of Tamil Nadu - Health Dept,Government of Tamil Nadu,08:00-16:00 (Standard PHC/HSC)
1233,"PHC, Mamandur",Primary Health Centre (PHC),Primary Level (PHC Medical Officer & VHN Supervisor),Tiruvannamalai,603111,12.750938,79.676007,Govt of Tamil Nadu - Health Dept,Government of Tamil Nadu,08:00-16:00 (Standard PHC/HSC)
1234,"Uphc, Hosur, Mookkandapalli",Urban Primary Health Centre (UPHC),Urban Primary Level (USHA Base),Krishnagiri,635126,12.74948,77.803599,Govt of Tamil Nadu - Health Dept,Government of Tamil Nadu,08:00-16:00 (Standard PHC/HSC)
1235,"PHC, Ladavaram",Primary Health Centre (PHC),Primary Level (PHC Medical Officer & VHN Supervisor),Vellore,632503,12.849384,79.358532,Govt of Tamil Nadu - Health Dept,Government of Tamil Nadu,08:00-16:00 (Standard PHC/HSC)
1236,Walajapet Government Hospital,Government District / Taluk Hospital,District / Secondary Referral Level,Vellore,632513,12.924747,79.3576,Govt of Tamil Nadu - Health Dept,Government of Tamil Nadu,24/7
1237,"Government Hospital, Hosur",Government District / Taluk Hospital,District / Secondary Referral Level,Krishnagiri,635109,12.79191,77.805507,Govt of Tamil Nadu - Health Dept,Government of Tamil Nadu,24/7
1238,"UPHC, Kaspa",Urban Primary Health Centre (UPHC),Urban Primary Level (USHA Base),Vellore,632001,12.90416,79.126602,Govt of Tamil Nadu - Health Dept,Government of Tamil Nadu,08:00-16:00 (Standard PHC/HSC)
1239,"UPHC, Nandhivaram",Urban Primary Health Centre (UPHC),Urban Primary Level (USHA Base),Chennai,603202,12.845526,80.062001,Govt of Tamil Nadu - Health Dept,Government of Tamil Nadu,08:00-16:00 (Standard PHC/HSC)
1240,Sumaithangi PHC,Primary Health Centre (PHC),Primary Level (PHC Medical Officer & VHN Supervisor),Vellore,632508,12.902588,79.438164,Govt of Tamil Nadu - Health Dept,Government of Tamil Nadu,08:00-16:00 (Standard PHC/HSC)
1241,"PHC, Kelambakkam",Primary Health Centre (PHC),Primary Level (PHC Medical Officer & VHN Supervisor),Chengalpattu,603103,12.79002,80.220564,Govt of Tamil Nadu - Health Dept,Government of Tamil Nadu,08:00-16:00 (Standard PHC/HSC)
1242,Sivakkam PHC,Primary Health Centre (PHC),Primary Level (PHC Medical Officer & VHN Supervisor),Cuddalore,608305,11.349834,79.584481,Govt of Tamil Nadu - Health Dept,Government of Tamil Nadu,08:00-16:00 (Standard PHC/HSC)
1243,"Government Hospital, Sendurai",Government District / Taluk Hospital,District / Secondary Referral Level,Ariyalur,621714,11.253333,79.179899,Govt of Tamil Nadu - Health Dept,Government of Tamil Nadu,24/7
1244,"PHC, Nambiyur",Primary Health Centre (PHC),Primary Level (PHC Medical Officer & VHN Supervisor),Erode,638458,11.371876,77.323721,Govt of Tamil Nadu - Health Dept,Government of Tamil Nadu,08:00-16:00 (Standard PHC/HSC)
1245,"PHC, Edamanal",Primary Health Centre (PHC),Primary Level (PHC Medical Officer & VHN Supervisor),Nagapattinam,609115,11.24807,79.798874,Govt of Tamil Nadu - Health Dept,Government of Tamil Nadu,08:00-16:00 (Standard PHC/HSC)
1246,Pethampalayam PHC,Primary Health Centre (PHC),Primary Level (PHC Medical Officer & VHN Supervisor),Erode,638116,11.343983,77.555054,Govt of Tamil Nadu - Health Dept,Government of Tamil Nadu,08:00-16:00 (Standard PHC/HSC)
1247,"PHC, M.Palada",Primary Health Centre (PHC),Primary Level (PHC Medical Officer & VHN Supervisor),Nilgiris,643004,11.36824,76.665571,Govt of Tamil Nadu - Health Dept,Government of Tamil Nadu,08:00-16:00 (Standard PHC/HSC)
1248,Siruvalur PHC,Primary Health Centre (PHC),Primary Level (PHC Medical Officer & VHN Supervisor),Erode,638054,11.36353,77.4624,Govt of Tamil Nadu - Health Dept,Government of Tamil Nadu,08:00-16:00 (Standard PHC/HSC)
1249,"PHC, Anganur",Primary Health Centre (PHC),Primary Level (PHC Medical Officer & VHN Supervisor),Ariyalur,621730,11.358333,79.16034,Govt of Tamil Nadu - Health Dept,Government of Tamil Nadu,08:00-16:00 (Standard PHC/HSC)
1250,"Government Hospital, Perundurai",Government District / Taluk Hospital,District / Secondary Referral Level,Erode,638052,11.276034,77.587448,Govt of Tamil Nadu - Health Dept,Government of Tamil Nadu,24/7
1251,Manjoor Government Hospital,Government District / Taluk Hospital,District / Secondary Referral Level,Nilgiris,643219,11.268179,76.640605,Govt of Tamil Nadu - Health Dept,Government of Tamil Nadu,24/7
1252,Maruthur PHC,Primary Health Centre (PHC),Primary Level (PHC Medical Officer & VHN Supervisor),Ariyalur,621710,11.26503,79.271909,Govt of Tamil Nadu - Health Dept,Government of Tamil Nadu,08:00-16:00 (Standard PHC/HSC)
1253,Veerappanchataram Government Hospital,Government District / Taluk Hospital,District / Secondary Referral Level,Erode,638004,11.34858,77.713203,Govt of Tamil Nadu - Health Dept,Government of Tamil Nadu,24/7
1254,"PHC, B.Mettur",Primary Health Centre (PHC),Primary Level (PHC Medical Officer & VHN Supervisor),Tiruchirappalli,621003,11.24911,78.478211,Govt of Tamil Nadu - Health Dept,Government of Tamil Nadu,08:00-16:00 (Standard PHC/HSC)
1255,"PHC, Chinnakallipatty",Primary Health Centre (PHC),Primary Level (PHC Medical Officer & VHN Supervisor),Coimbatore,641302,11.369081,77.101126,Govt of Tamil Nadu - Health Dept,Government of Tamil Nadu,08:00-16:00 (Standard PHC/HSC)
1256,Sirkazhi PHC,Primary Health Centre (PHC),Primary Level (PHC Medical Officer & VHN Supervisor),Nagapattinam,609111,11.24282,79.740929,Govt of Tamil Nadu - Health Dept,Government of Tamil Nadu,08:00-16:00 (Standard PHC/HSC)
1257,Vallampadugai Government Hospital,Government District / Taluk Hospital,District / Secondary Referral Level,Cuddalore,608401,11.343763,79.709047,Govt of Tamil Nadu - Health Dept,Government of Tamil Nadu,24/7
1258,Uphc Pallipalayam,Urban Primary Health Centre (UPHC),Urban Primary Level (USHA Base),Namakkal,638006,11.360963,77.749344,Govt of Tamil Nadu - Health Dept,Government of Tamil Nadu,08:00-16:00 (Standard PHC/HSC)
1259,Government Hospital,Government District / Taluk Hospital,District / Secondary Referral Level,Erode,638459,11.356051,77.168948,Govt of Tamil Nadu - Health Dept,Government of Tamil Nadu,24/7
1260,Modakkurichi PHC,Primary Health Centre (PHC),Primary Level (PHC Medical Officer & VHN Supervisor),Erode,638104,11.239288,77.777511,Govt of Tamil Nadu - Health Dept,Government of Tamil Nadu,08:00-16:00 (Standard PHC/HSC)
1261,Vandaiyariruppu PHC,Primary Health Centre (PHC),Primary Level (PHC Medical Officer & VHN Supervisor),Cuddalore,608302,11.2736,79.622163,Govt of Tamil Nadu - Health Dept,Government of Tamil Nadu,08:00-16:00 (Standard PHC/HSC)
1262,Rajajipuram PHC,Primary Health Centre (PHC),Primary Level (PHC Medical Officer & VHN Supervisor),Erode,638003,11.35181,77.73336,Govt of Tamil Nadu - Health Dept,Government of Tamil Nadu,08:00-16:00 (Standard PHC/HSC)
1263,"Government Hospital, Meensurutty",Government District / Taluk Hospital,District / Secondary Referral Level,Ariyalur,621903,11.237901,79.478418,Govt of Tamil Nadu - Health Dept,Government of Tamil Nadu,24/7
1264,"PHC, Elambalur",Primary Health Centre (PHC),Primary Level (PHC Medical Officer & VHN Supervisor),Perambalur,621212,11.265674,78.87513,Govt of Tamil Nadu - Health Dept,Government of Tamil Nadu,08:00-16:00 (Standard PHC/HSC)
1265,Coonoor PHC,Primary Health Centre (PHC),Primary Level (PHC Medical Officer & VHN Supervisor),Nilgiris,643102,11.349311,76.780302,Govt of Tamil Nadu - Health Dept,Government of Tamil Nadu,08:00-16:00 (Standard PHC/HSC)
1266,"Government Hospital, Perambalur",Government District / Taluk Hospital,District / Secondary Referral Level,Perambalur,621212,11.23658,78.86066,Govt of Tamil Nadu - Health Dept,Government of Tamil Nadu,24/7
1267,"PHC, Ernapuram",Primary Health Centre (PHC),Primary Level (PHC Medical Officer & VHN Supervisor),Namakkal,637003,11.260148,78.110117,Govt of Tamil Nadu - Health Dept,Government of Tamil Nadu,08:00-16:00 (Standard PHC/HSC)
1268,Periyamanali PHC,Primary Health Centre (PHC),Primary Level (PHC Medical Officer & VHN Supervisor),Namakkal,637410,11.37375,78.071928,Govt of Tamil Nadu - Health Dept,Government of Tamil Nadu,08:00-16:00 (Standard PHC/HSC)
1269,"PHC, Cheyur",Primary Health Centre (PHC),Primary Level (PHC Medical Officer & VHN Supervisor),Tiruppur,641655,11.24755,77.230567,Govt of Tamil Nadu - Health Dept,Government of Tamil Nadu,08:00-16:00 (Standard PHC/HSC)
1270,Government Hospital Kadachanallur,Government District / Taluk Hospital,District / Secondary Referral Level,Namakkal,637215,11.36702,77.804315,Govt of Tamil Nadu - Health Dept,Government of Tamil Nadu,24/7
1271,Palayamkottai Government Hospital,Government District / Taluk Hospital,District / Secondary Referral Level,Cuddalore,608701,11.361456,79.471308,Govt of Tamil Nadu - Health Dept,Government of Tamil Nadu,24/7
1272,"PHC, Ganapathipalayam",Primary Health Centre (PHC),Primary Level (PHC Medical Officer & VHN Supervisor),Erode,638153,11.241185,77.822974,Govt of Tamil Nadu - Health Dept,Government of Tamil Nadu,08:00-16:00 (Standard PHC/HSC)
1273,"Government Hospital, Ithalar",Government District / Taluk Hospital,District / Secondary Referral Level,Nilgiris,643004,11.341932,76.635939,Govt of Tamil Nadu - Health Dept,Government of Tamil Nadu,24/7
1274,Thirumalaipatti PHC,Primary Health Centre (PHC),Primary Level (PHC Medical Officer & VHN Supervisor),Namakkal,637404,11.35965,78.215813,Govt of Tamil Nadu - Health Dept,Government of Tamil Nadu,08:00-16:00 (Standard PHC/HSC)
1275,Vellodu PHC,Primary Health Centre (PHC),Primary Level (PHC Medical Officer & VHN Supervisor),Erode,638112,11.236713,77.658335,Govt of Tamil Nadu - Health Dept,Government of Tamil Nadu,08:00-16:00 (Standard PHC/HSC)
1276,"Uppliyapuram, Upgraded PHC",Primary Health Centre (PHC),Primary Level (PHC Medical Officer & VHN Supervisor),Tiruchirappalli,621011,11.26266,78.516489,Govt of Tamil Nadu - Health Dept,Government of Tamil Nadu,08:00-16:00 (Standard PHC/HSC)
1277,"PHC, Erayamangalam",Primary Health Centre (PHC),Primary Level (PHC Medical Officer & VHN Supervisor),Namakkal,637210,11.258205,77.854659,Govt of Tamil Nadu - Health Dept,Government of Tamil Nadu,08:00-16:00 (Standard PHC/HSC)
1278,"PHC, Kattery",Primary Health Centre (PHC),Primary Level (PHC Medical Officer & VHN Supervisor),Nilgiris,643215,11.372122,76.72834,Govt of Tamil Nadu - Health Dept,Government of Tamil Nadu,08:00-16:00 (Standard PHC/HSC)
1279,Veerananthapuram PHC,Primary Health Centre (PHC),Primary Level (PHC Medical Officer & VHN Supervisor),Cuddalore,608301,11.242484,79.512673,Govt of Tamil Nadu - Health Dept,Government of Tamil Nadu,08:00-16:00 (Standard PHC/HSC)
1280,Thulukkamuthur PHC,Primary Health Centre (PHC),Primary Level (PHC Medical Officer & VHN Supervisor),Tiruppur,641654,11.238786,77.318322,Govt of Tamil Nadu - Health Dept,Government of Tamil Nadu,08:00-16:00 (Standard PHC/HSC)
1281,"PHC, Bikketti",Primary Health Centre (PHC),Primary Level (PHC Medical Officer & VHN Supervisor),Nilgiris,643209,11.27305,76.627365,Govt of Tamil Nadu - Health Dept,Government of Tamil Nadu,08:00-16:00 (Standard PHC/HSC)
1282,Vijayamangalm Government Hospital,Government District / Taluk Hospital,District / Secondary Referral Level,Erode,638057,11.238283,77.501687,Govt of Tamil Nadu - Health Dept,Government of Tamil Nadu,24/7
1283,"PHC, Kunnathur",Primary Health Centre (PHC),Primary Level (PHC Medical Officer & VHN Supervisor),Tiruppur,638103,11.26915,77.410492,Govt of Tamil Nadu - Health Dept,Government of Tamil Nadu,08:00-16:00 (Standard PHC/HSC)
1284,Pogalur Primary Health Centre,Primary Health Centre (PHC),Primary Level (PHC Medical Officer & VHN Supervisor),Coimbatore,641697,11.259477,77.035791,Govt of Tamil Nadu - Health Dept,Government of Tamil Nadu,08:00-16:00 (Standard PHC/HSC)
1285,Powerkadu PHC,Primary Health Centre (PHC),Primary Level (PHC Medical Officer & VHN Supervisor),Namakkal,637411,11.37271,78.34929,Govt of Tamil Nadu - Health Dept,Government of Tamil Nadu,08:00-16:00 (Standard PHC/HSC)
1286,Vettiarvettu PHC,Primary Health Centre (PHC),Primary Level (PHC Medical Officer & VHN Supervisor),Ariyalur,621802,11.249665,79.427367,Govt of Tamil Nadu - Health Dept,Government of Tamil Nadu,08:00-16:00 (Standard PHC/HSC)
1287,"Primary Health Centre, Aruvankadu",Primary Health Centre (PHC),Primary Level (PHC Medical Officer & VHN Supervisor),Nilgiris,643202,11.369261,76.773585,Govt of Tamil Nadu - Health Dept,Government of Tamil Nadu,08:00-16:00 (Standard PHC/HSC)
1288,Thirumullaivasal PHC,Primary Health Centre (PHC),Primary Level (PHC Medical Officer & VHN Supervisor),Nagapattinam,609113,11.241137,79.837466,Govt of Tamil Nadu - Health Dept,Government of Tamil Nadu,08:00-16:00 (Standard PHC/HSC)
1289,Variyankaval PHC,Primary Health Centre (PHC),Primary Level (PHC Medical Officer & VHN Supervisor),Ariyalur,621806,11.2404,79.3068,Govt of Tamil Nadu - Health Dept,Government of Tamil Nadu,08:00-16:00 (Standard PHC/HSC)
1290,Puthupattinam PHC,Primary Health Centre (PHC),Primary Level (PHC Medical Officer & VHN Supervisor),Nagapattinam,609101,11.341029,79.809614,Govt of Tamil Nadu - Health Dept,Government of Tamil Nadu,08:00-16:00 (Standard PHC/HSC)
1291,"PHC, Elur",Primary Health Centre (PHC),Primary Level (PHC Medical Officer & VHN Supervisor),Namakkal,637018,11.356691,78.103027,Govt of Tamil Nadu - Health Dept,Government of Tamil Nadu,08:00-16:00 (Standard PHC/HSC)
1292,Ponparapi Government Hospital,Government District / Taluk Hospital,District / Secondary Referral Level,Ariyalur,621710,11.269153,79.234668,Govt of Tamil Nadu - Health Dept,Government of Tamil Nadu,24/7
1293,"PHC, Alanganatham",Primary Health Centre (PHC),Primary Level (PHC Medical Officer & VHN Supervisor),Namakkal,637045,11.190588,78.252469,Govt of Tamil Nadu - Health Dept,Government of Tamil Nadu,08:00-16:00 (Standard PHC/HSC)
1294,"Government Hospital, Annur",Government District / Taluk Hospital,District / Secondary Referral Level,Coimbatore,641653,11.2325,77.102249,Govt of Tamil Nadu - Health Dept,Government of Tamil Nadu,24/7
1295,"Government Hospital, Eragudi",Government District / Taluk Hospital,District / Secondary Referral Level,Tiruchirappalli,621001,11.18918,78.510035,Govt of Tamil Nadu - Health Dept,Government of Tamil Nadu,24/7
1296,"PHC, Kolanalli",Primary Health Centre (PHC),Primary Level (PHC Medical Officer & VHN Supervisor),Erode,638154,11.17423,77.856377,Govt of Tamil Nadu - Health Dept,Government of Tamil Nadu,08:00-16:00 (Standard PHC/HSC)
1297,"PHC, Chennimalai",Primary Health Centre (PHC),Primary Level (PHC Medical Officer & VHN Supervisor),Erode,638051,11.16287,77.601188,Govt of Tamil Nadu - Health Dept,Government of Tamil Nadu,08:00-16:00 (Standard PHC/HSC)
1298,"PHC, Irumpuli Kurichi",Primary Health Centre (PHC),Primary Level (PHC Medical Officer & VHN Supervisor),Ariyalur,621714,11.196975,79.223121,Govt of Tamil Nadu - Health Dept,Government of Tamil Nadu,08:00-16:00 (Standard PHC/HSC)
1299,"PHC, Kathiruppu",Primary Health Centre (PHC),Primary Level (PHC Medical Officer & VHN Supervisor),Nagapattinam,609109,11.16524,79.762248,Govt of Tamil Nadu - Health Dept,Government of Tamil Nadu,08:00-16:00 (Standard PHC/HSC)
1300,"Government Hospital, Sirkazhi",Government District / Taluk Hospital,District / Secondary Referral Level,Nagapattinam,609110,11.235349,79.735395,Govt of Tamil Nadu - Health Dept,Government of Tamil Nadu,24/7
1301,Veerapandi PHC,Primary Health Centre (PHC),Primary Level (PHC Medical Officer & VHN Supervisor),Coimbatore,641019,11.16913,76.961097,Govt of Tamil Nadu - Health Dept,Government of Tamil Nadu,08:00-16:00 (Standard PHC/HSC)
1302,"PHC, Ammapalayam",Primary Health Centre (PHC),Primary Level (PHC Medical Officer & VHN Supervisor),Perambalur,621101,11.213121,78.744469,Govt of Tamil Nadu - Health Dept,Government of Tamil Nadu,08:00-16:00 (Standard PHC/HSC)
1303,Maruvathur PHC,Primary Health Centre (PHC),Primary Level (PHC Medical Officer & VHN Supervisor),Perambalur,621108,11.214097,78.955844,Govt of Tamil Nadu - Health Dept,Government of Tamil Nadu,08:00-16:00 (Standard PHC/HSC)
1304,"Government Hospital, Elumathur",Government District / Taluk Hospital,District / Secondary Referral Level,Erode,638104,11.18533,77.772496,Govt of Tamil Nadu - Health Dept,Government of Tamil Nadu,24/7
1305,"Government Hospital, Vaitheeswarankovil",Government District / Taluk Hospital,District / Secondary Referral Level,Nagapattinam,609117,11.194371,79.70492,Govt of Tamil Nadu - Health Dept,Government of Tamil Nadu,24/7
1306,Manakkal PHC,Primary Health Centre (PHC),Primary Level (PHC Medical Officer & VHN Supervisor),Ariyalur,621704,11.19279,79.07724,Govt of Tamil Nadu - Health Dept,Government of Tamil Nadu,08:00-16:00 (Standard PHC/HSC)
1307,Perumanallur CHC,Primary Health Centre (PHC),Primary Level (PHC Medical Officer & VHN Supervisor),Tiruppur,641666,11.209478,77.356808,Govt of Tamil Nadu - Health Dept,Government of Tamil Nadu,08:00-16:00 (Standard PHC/HSC)
1308,Thindamangalam PHC,Primary Health Centre (PHC),Primary Level (PHC Medical Officer & VHN Supervisor),Namakkal,637207,11.219905,78.082312,Govt of Tamil Nadu - Health Dept,Government of Tamil Nadu,08:00-16:00 (Standard PHC/HSC)
1309,Sengattupatti PHC,Primary Health Centre (PHC),Primary Level (PHC Medical Officer & VHN Supervisor),Tiruchirappalli,621002,11.199128,78.644036,Govt of Tamil Nadu - Health Dept,Government of Tamil Nadu,08:00-16:00 (Standard PHC/HSC)
1310,"PHC, Avalpoondurai",Primary Health Centre (PHC),Primary Level (PHC Medical Officer & VHN Supervisor),Erode,638115,11.23133,77.716079,Govt of Tamil Nadu - Health Dept,Government of Tamil Nadu,08:00-16:00 (Standard PHC/HSC)
1311,Udhayanatham PHC,Primary Health Centre (PHC),Primary Level (PHC Medical Officer & VHN Supervisor),Ariyalur,612902,11.153023,79.407464,Govt of Tamil Nadu - Health Dept,Government of Tamil Nadu,08:00-16:00 (Standard PHC/HSC)
1312,Neruparichal PHC,Primary Health Centre (PHC),Primary Level (PHC Medical Officer & VHN Supervisor),Tiruppur,641666,11.161011,77.373558,Govt of Tamil Nadu - Health Dept,Government of Tamil Nadu,08:00-16:00 (Standard PHC/HSC)
1313,"PHC, Erumaipatti",Primary Health Centre (PHC),Primary Level (PHC Medical Officer & VHN Supervisor),Namakkal,637013,11.15893,78.295492,Govt of Tamil Nadu - Health Dept,Government of Tamil Nadu,08:00-16:00 (Standard PHC/HSC)
1314,Paramathi PHC,Primary Health Centre (PHC),Primary Level (PHC Medical Officer & VHN Supervisor),Namakkal,637207,11.1588,78.022712,Govt of Tamil Nadu - Health Dept,Government of Tamil Nadu,08:00-16:00 (Standard PHC/HSC)
1315,"PHC, Ayangudy",Primary Health Centre (PHC),Primary Level (PHC Medical Officer & VHN Supervisor),Cuddalore,608306,11.217676,79.541277,Govt of Tamil Nadu - Health Dept,Government of Tamil Nadu,08:00-16:00 (Standard PHC/HSC)
1316,"Government General Hospital, Kadugur",Government Health Facility / Clinic,Community Health Post,Ariyalur,621718,11.169412,79.149534,Govt of Tamil Nadu - Health Dept,Government of Tamil Nadu,08:00-16:00 (Standard PHC/HSC)
1317,"PHC, Kunnam",Primary Health Centre (PHC),Primary Level (PHC Medical Officer & VHN Supervisor),Perambalur,621708,11.23621,79.017904,Govt of Tamil Nadu - Health Dept,Government of Tamil Nadu,08:00-16:00 (Standard PHC/HSC)
1318,P.Kasipalayam PHC,Primary Health Centre (PHC),Primary Level (PHC Medical Officer & VHN Supervisor),Erode,638751,11.163313,77.560496,Govt of Tamil Nadu - Health Dept,Government of Tamil Nadu,08:00-16:00 (Standard PHC/HSC)
1319,"PHC, Arachalur",Primary Health Centre (PHC),Primary Level (PHC Medical Officer & VHN Supervisor),Erode,638101,11.16542,77.702423,Govt of Tamil Nadu - Health Dept,Government of Tamil Nadu,08:00-16:00 (Standard PHC/HSC)
1320,"PHC, Adaikampatti",Primary Health Centre (PHC),Primary Level (PHC Medical Officer & VHN Supervisor),Perambalur,621010,11.15774,78.689843,Govt of Tamil Nadu - Health Dept,Government of Tamil Nadu,08:00-16:00 (Standard PHC/HSC)
1321,Velur PHC,Primary Health Centre (PHC),Primary Level (PHC Medical Officer & VHN Supervisor),Perambalur,621121,11.182082,78.789295,Govt of Tamil Nadu - Health Dept,Government of Tamil Nadu,08:00-16:00 (Standard PHC/HSC)
1322,"Upgraded PHC, Thiruvengadu",Primary Health Centre (PHC),Primary Level (PHC Medical Officer & VHN Supervisor),Nagapattinam,609114,11.177822,79.807338,Govt of Tamil Nadu - Health Dept,Government of Tamil Nadu,08:00-16:00 (Standard PHC/HSC)
1323,Gudalur Goundanpalayam UPHC,Urban Primary Health Centre (UPHC),Urban Primary Level (USHA Base),Coimbatore,641020,11.163388,76.933913,Govt of Tamil Nadu - Health Dept,Government of Tamil Nadu,08:00-16:00 (Standard PHC/HSC)
1324,"Government Hospital, Adhanur",Government District / Taluk Hospital,District / Secondary Referral Level,Perambalur,621708,11.18348,78.99746,Govt of Tamil Nadu - Health Dept,Government of Tamil Nadu,24/7
1325,"PHC, Kalpadi",Primary Health Centre (PHC),Primary Level (PHC Medical Officer & VHN Supervisor),Perambalur,621113,11.193579,78.918819,Govt of Tamil Nadu - Health Dept,Government of Tamil Nadu,08:00-16:00 (Standard PHC/HSC)
1326,"PHC, Kumuliam",Primary Health Centre (PHC),Primary Level (PHC Medical Officer & VHN Supervisor),Ariyalur,621804,11.19226,79.240652,Govt of Tamil Nadu - Health Dept,Government of Tamil Nadu,08:00-16:00 (Standard PHC/HSC)
1327,"Government Hospital, Jayamkondan",Government District / Taluk Hospital,District / Secondary Referral Level,Ariyalur,621802,11.209725,79.366387,Govt of Tamil Nadu - Health Dept,Government of Tamil Nadu,24/7
1328,"Government Hospital, Udayarpalayam",Government District / Taluk Hospital,District / Secondary Referral Level,Ariyalur,621804,11.18799,79.29073,Govt of Tamil Nadu - Health Dept,Government of Tamil Nadu,24/7
1329,Poyyathanallur PHC,Primary Health Centre (PHC),Primary Level (PHC Medical Officer & VHN Supervisor),Ariyalur,621704,11.219182,79.124136,Govt of Tamil Nadu - Health Dept,Government of Tamil Nadu,08:00-16:00 (Standard PHC/HSC)
1330,"PHC, Konur",Primary Health Centre (PHC),Primary Level (PHC Medical Officer & VHN Supervisor),Namakkal,637207,11.17289,78.072572,Govt of Tamil Nadu - Health Dept,Government of Tamil Nadu,08:00-16:00 (Standard PHC/HSC)
1331,Melamathur PHC,Primary Health Centre (PHC),Primary Level (PHC Medical Officer & VHN Supervisor),Perambalur,621708,11.18661,79.048468,Govt of Tamil Nadu - Health Dept,Government of Tamil Nadu,08:00-16:00 (Standard PHC/HSC)
1332,Manalmedu Government Hospital,Government District / Taluk Hospital,District / Secondary Referral Level,Nagapattinam,608909,11.194647,79.594405,Govt of Tamil Nadu - Health Dept,Government of Tamil Nadu,24/7
1333,Velliangadu PHC,Primary Health Centre (PHC),Primary Level (PHC Medical Officer & VHN Supervisor),Coimbatore,641104,11.213854,76.82558,Govt of Tamil Nadu - Health Dept,Government of Tamil Nadu,08:00-16:00 (Standard PHC/HSC)
1334,Mettupalayam PHC,Primary Health Centre (PHC),Primary Level (PHC Medical Officer & VHN Supervisor),Tiruchirappalli,621210,11.159994,78.449016,Govt of Tamil Nadu - Health Dept,Government of Tamil Nadu,08:00-16:00 (Standard PHC/HSC)
1335,"PHC, Nambiyampalayam",Primary Health Centre (PHC),Primary Level (PHC Medical Officer & VHN Supervisor),Tiruppur,641654,11.197112,77.217158,Govt of Tamil Nadu - Health Dept,Government of Tamil Nadu,08:00-16:00 (Standard PHC/HSC)
1336,"UPHC, Namakkal",Urban Primary Health Centre (UPHC),Urban Primary Level (USHA Base),Namakkal,637001,11.22472,78.164152,Govt of Tamil Nadu - Health Dept,Government of Tamil Nadu,08:00-16:00 (Standard PHC/HSC)
1337,"PHC, Kurumbalur",Primary Health Centre (PHC),Primary Level (PHC Medical Officer & VHN Supervisor),Perambalur,621107,11.23374,78.799563,Govt of Tamil Nadu - Health Dept,Government of Tamil Nadu,08:00-16:00 (Standard PHC/HSC)
1338,Seeliyur PHC,Primary Health Centre (PHC),Primary Level (PHC Medical Officer & VHN Supervisor),Coimbatore,641110,11.19968,76.858725,Govt of Tamil Nadu - Health Dept,Government of Tamil Nadu,08:00-16:00 (Standard PHC/HSC)
1339,Perambalur PHC,Primary Health Centre (PHC),Primary Level (PHC Medical Officer & VHN Supervisor),Perambalur,621212,11.234802,78.883926,Govt of Tamil Nadu - Health Dept,Government of Tamil Nadu,08:00-16:00 (Standard PHC/HSC)
1340,"PHC, Konulampallam",Primary Health Centre (PHC),Primary Level (PHC Medical Officer & VHN Supervisor),Thanjavur,609807,11.153498,79.499252,Govt of Tamil Nadu - Health Dept,Government of Tamil Nadu,08:00-16:00 (Standard PHC/HSC)
1341,Perumalpalayam PHC,Primary Health Centre (PHC),Primary Level (PHC Medical Officer & VHN Supervisor),Tiruchirappalli,621016,11.218819,78.585037,Govt of Tamil Nadu - Health Dept,Government of Tamil Nadu,08:00-16:00 (Standard PHC/HSC)
1342,"PHC, Elanthoppu",Primary Health Centre (PHC),Primary Level (PHC Medical Officer & VHN Supervisor),Nagapattinam,609201,11.20599,79.642515,Govt of Tamil Nadu - Health Dept,Government of Tamil Nadu,08:00-16:00 (Standard PHC/HSC)
1343,"Government Hospital, Perianaickenpalaym",Government District / Taluk Hospital,District / Secondary Referral Level,Coimbatore,641020,11.152093,76.946588,Govt of Tamil Nadu - Health Dept,Government of Tamil Nadu,24/7
1344,Ulkottai PHC,Primary Health Centre (PHC),Primary Level (PHC Medical Officer & VHN Supervisor),Ariyalur,621901,11.189663,79.435791,Govt of Tamil Nadu - Health Dept,Government of Tamil Nadu,08:00-16:00 (Standard PHC/HSC)
1345,"PHC, Koodacheri",Primary Health Centre (PHC),Primary Level (PHC Medical Officer & VHN Supervisor),Namakkal,637206,11.22197,78.020636,Govt of Tamil Nadu - Health Dept,Government of Tamil Nadu,08:00-16:00 (Standard PHC/HSC)
1346,"Upgraded Primary Health Centre, Muttam",Primary Health Centre (PHC),Primary Level (PHC Medical Officer & VHN Supervisor),Cuddalore,608306,11.220399,79.578691,Govt of Tamil Nadu - Health Dept,Government of Tamil Nadu,08:00-16:00 (Standard PHC/HSC)
1347,S.M.C.Palayam PHC,Primary Health Centre (PHC),Primary Level (PHC Medical Officer & VHN Supervisor),Coimbatore,641653,11.176945,77.069836,Govt of Tamil Nadu - Health Dept,Government of Tamil Nadu,08:00-16:00 (Standard PHC/HSC)
1348,Government Hospital Uttukuli,Government District / Taluk Hospital,District / Secondary Referral Level,Tiruppur,641607,11.17674,77.454355,Govt of Tamil Nadu - Health Dept,Government of Tamil Nadu,24/7
1349,"PHC, Latheri",Primary Health Centre (PHC),Primary Level (PHC Medical Officer & VHN Supervisor),Vellore,632202,12.97375,79.065401,Govt of Tamil Nadu - Health Dept,Government of Tamil Nadu,08:00-16:00 (Standard PHC/HSC)
1350,Perambakkam CHC,Primary Health Centre (PHC),Primary Level (PHC Medical Officer & VHN Supervisor),Tiruvallur,631402,13.035251,79.811586,Govt of Tamil Nadu - Health Dept,Government of Tamil Nadu,08:00-16:00 (Standard PHC/HSC)
1351,"Urban Primary Health Center, Mugalivakkam",Urban Primary Health Centre (UPHC),Urban Primary Level (USHA Base),Chennai,600125,13.02095,80.167066,Govt of Tamil Nadu - Health Dept,Government of Tamil Nadu,08:00-16:00 (Standard PHC/HSC)
1352,"UPHC, Gudiyattam",Urban Primary Health Centre (UPHC),Urban Primary Level (USHA Base),Vellore,632602,12.945258,78.870606,Govt of Tamil Nadu - Health Dept,Government of Tamil Nadu,08:00-16:00 (Standard PHC/HSC)
1353,Government Hospital Kangkuppam,Government District / Taluk Hospital,District / Secondary Referral Level,Vellore,632209,12.989349,78.965683,Govt of Tamil Nadu - Health Dept,Government of Tamil Nadu,24/7
1354,"Government Hospital, Vaduganthangal",Government District / Taluk Hospital,District / Secondary Referral Level,Vellore,632204,12.96365,79.015876,Govt of Tamil Nadu - Health Dept,Government of Tamil Nadu,24/7
1355,"PHC, Alamelumangapuram",Primary Health Centre (PHC),Primary Level (PHC Medical Officer & VHN Supervisor),Vellore,632009,12.94454,79.189664,Govt of Tamil Nadu - Health Dept,Government of Tamil Nadu,08:00-16:00 (Standard PHC/HSC)
1356,"Palavanthangal, UPHC",Urban Primary Health Centre (UPHC),Urban Primary Level (USHA Base),Chennai,600114,12.98818,80.189495,Govt of Tamil Nadu - Health Dept,Government of Tamil Nadu,08:00-16:00 (Standard PHC/HSC)
1357,Tharapadavedu Uphc,Urban Primary Health Centre (UPHC),Urban Primary Level (USHA Base),Vellore,632006,12.962465,79.135943,Govt of Tamil Nadu - Health Dept,Government of Tamil Nadu,08:00-16:00 (Standard PHC/HSC)
1358,Pudupattu PHC,Primary Health Centre (PHC),Primary Level (PHC Medical Officer & VHN Supervisor),Vellore,632508,12.94904,79.495655,Govt of Tamil Nadu - Health Dept,Government of Tamil Nadu,08:00-16:00 (Standard PHC/HSC)
1359,Okkiyamthuraipakkam PHC,Primary Health Centre (PHC),Primary Level (PHC Medical Officer & VHN Supervisor),Chennai,600096,12.948575,80.24102,Govt of Tamil Nadu - Health Dept,Government of Tamil Nadu,08:00-16:00 (Standard PHC/HSC)
1360,Chinna Porur Government Hospital,Government District / Taluk Hospital,District / Secondary Referral Level,Chennai,600089,13.036953,80.169935,Govt of Tamil Nadu - Health Dept,Government of Tamil Nadu,24/7
1361,Kotturpuram UPHC,Urban Primary Health Centre (UPHC),Urban Primary Level (USHA Base),Chennai,600085,13.02302,80.240146,Govt of Tamil Nadu - Health Dept,Government of Tamil Nadu,08:00-16:00 (Standard PHC/HSC)
1362,Pallikuppam PHC,Primary Health Centre (PHC),Primary Level (PHC Medical Officer & VHN Supervisor),Vellore,632007,12.994129,79.150347,Govt of Tamil Nadu - Health Dept,Government of Tamil Nadu,08:00-16:00 (Standard PHC/HSC)
1363,"PHC, Agravaram",Primary Health Centre (PHC),Primary Level (PHC Medical Officer & VHN Supervisor),Vellore,632601,12.96582,78.828611,Govt of Tamil Nadu - Health Dept,Government of Tamil Nadu,08:00-16:00 (Standard PHC/HSC)
1364,Nowlock PHC,Primary Health Centre (PHC),Primary Level (PHC Medical Officer & VHN Supervisor),Vellore,632404,12.93815,79.30262,Govt of Tamil Nadu - Health Dept,Government of Tamil Nadu,08:00-16:00 (Standard PHC/HSC)
1365,"Government Hospital, Adyar",Government District / Taluk Hospital,District / Secondary Referral Level,Chennai,600020,12.99795,80.256212,Govt of Tamil Nadu - Health Dept,Government of Tamil Nadu,24/7
1366,Ammoor Primary Healthcentre,Primary Health Centre (PHC),Primary Level (PHC Medical Officer & VHN Supervisor),Vellore,632501,12.98274,79.362601,Govt of Tamil Nadu - Health Dept,Government of Tamil Nadu,08:00-16:00 (Standard PHC/HSC)
1367,Parandur PHC,Primary Health Centre (PHC),Primary Level (PHC Medical Officer & VHN Supervisor),Kanchipuram,631605,12.93388,79.740195,Govt of Tamil Nadu - Health Dept,Government of Tamil Nadu,08:00-16:00 (Standard PHC/HSC)
1368,"UPHC, Nanganallur",Urban Primary Health Centre (UPHC),Urban Primary Level (USHA Base),Chennai,600061,12.97456,80.18147,Govt of Tamil Nadu - Health Dept,Government of Tamil Nadu,08:00-16:00 (Standard PHC/HSC)
1369,Mangadu PHC,Primary Health Centre (PHC),Primary Level (PHC Medical Officer & VHN Supervisor),Chennai,602101,13.029871,80.111418,Govt of Tamil Nadu - Health Dept,Government of Tamil Nadu,08:00-16:00 (Standard PHC/HSC)
1370,Saidapet West PHC,Primary Health Centre (PHC),Primary Level (PHC Medical Officer & VHN Supervisor),Chennai,600015,13.020431,80.22409,Govt of Tamil Nadu - Health Dept,Government of Tamil Nadu,08:00-16:00 (Standard PHC/HSC)
1371,Moovarasampet Primary Health Center (PHC),Primary Health Centre (PHC),Primary Level (PHC Medical Officer & VHN Supervisor),Chennai,600091,12.969403,80.1851,Govt of Tamil Nadu - Health Dept,Government of Tamil Nadu,08:00-16:00 (Standard PHC/HSC)
1372,"Government Hospital, Tambaram",Government District / Taluk Hospital,District / Secondary Referral Level,Chennai,600045,12.94505,80.13456,Govt of Tamil Nadu - Health Dept,Government of Tamil Nadu,24/7
1373,"Government Hospital, Banavaram",Government District / Taluk Hospital,District / Secondary Referral Level,Vellore,632505,13.015338,79.486371,Govt of Tamil Nadu - Health Dept,Government of Tamil Nadu,24/7
1374,Pallavaram UPHC,Urban Primary Health Centre (UPHC),Urban Primary Level (USHA Base),Chennai,600043,12.96358,80.150665,Govt of Tamil Nadu - Health Dept,Government of Tamil Nadu,08:00-16:00 (Standard PHC/HSC)
1375,Vinnampalli PHC,Primary Health Centre (PHC),Primary Level (PHC Medical Officer & VHN Supervisor),Vellore,632514,13.033594,79.231689,Govt of Tamil Nadu - Health Dept,Government of Tamil Nadu,08:00-16:00 (Standard PHC/HSC)
1376,Pozhichalur PHC,Primary Health Centre (PHC),Primary Level (PHC Medical Officer & VHN Supervisor),Chennai,600074,12.98744,80.136138,Govt of Tamil Nadu - Health Dept,Government of Tamil Nadu,08:00-16:00 (Standard PHC/HSC)
1377,Government Hospital K.V.Kuppam,Government District / Taluk Hospital,District / Secondary Referral Level,Vellore,632201,12.9622,78.987091,Govt of Tamil Nadu - Health Dept,Government of Tamil Nadu,24/7
1378,Pernampattu PHC,Primary Health Centre (PHC),Primary Level (PHC Medical Officer & VHN Supervisor),Vellore,635810,12.939755,78.719038,Govt of Tamil Nadu - Health Dept,Government of Tamil Nadu,08:00-16:00 (Standard PHC/HSC)
1379,VHS PHC,Primary Health Centre (PHC),Primary Level (PHC Medical Officer & VHN Supervisor),Chennai,600113,13.00279,80.24698,Govt of Tamil Nadu - Health Dept,Government of Tamil Nadu,08:00-16:00 (Standard PHC/HSC)
1380,Thiruvanmiyur PHC,Primary Health Centre (PHC),Primary Level (PHC Medical Officer & VHN Supervisor),Chennai,600041,12.98032,80.256452,Govt of Tamil Nadu - Health Dept,Government of Tamil Nadu,08:00-16:00 (Standard PHC/HSC)
1381,Saidapet PHC,Primary Health Centre (PHC),Primary Level (PHC Medical Officer & VHN Supervisor),Chennai,600015,13.028342,80.216227,Govt of Tamil Nadu - Health Dept,Government of Tamil Nadu,08:00-16:00 (Standard PHC/HSC)
1382,Pammal Uphc,Urban Primary Health Centre (UPHC),Urban Primary Level (USHA Base),Chennai,600074,12.978523,80.143828,Govt of Tamil Nadu - Health Dept,Government of Tamil Nadu,08:00-16:00 (Standard PHC/HSC)
1383,Senur PHC,Primary Health Centre (PHC),Primary Level (PHC Medical Officer & VHN Supervisor),Vellore,632006,12.948249,79.108567,Govt of Tamil Nadu - Health Dept,Government of Tamil Nadu,08:00-16:00 (Standard PHC/HSC)
1384,"PHC, Brammapuram",Primary Health Centre (PHC),Primary Level (PHC Medical Officer & VHN Supervisor),Vellore,632014,12.96671,79.167487,Govt of Tamil Nadu - Health Dept,Government of Tamil Nadu,08:00-16:00 (Standard PHC/HSC)
1385,"PHC, Beemannanpet",Primary Health Centre (PHC),Primary Level (PHC Medical Officer & VHN Supervisor),Chennai,600018,13.035354,80.250612,Govt of Tamil Nadu - Health Dept,Government of Tamil Nadu,08:00-16:00 (Standard PHC/HSC)
1386,UCHC Perungudi,Primary Health Centre (PHC),Primary Level (PHC Medical Officer & VHN Supervisor),Vellore,632004,12.96558,80.24251,Govt of Tamil Nadu - Health Dept,Government of Tamil Nadu,08:00-16:00 (Standard PHC/HSC)
1387,"PHC, Arambakkam",Primary Health Centre (PHC),Primary Level (PHC Medical Officer & VHN Supervisor),Chennai,600042,12.98951,80.208775,Govt of Tamil Nadu - Health Dept,Government of Tamil Nadu,08:00-16:00 (Standard PHC/HSC)
1388,"PHC, Kallapadi",Primary Health Centre (PHC),Primary Level (PHC Medical Officer & VHN Supervisor),Vellore,632602,12.99777,78.902692,Govt of Tamil Nadu - Health Dept,Government of Tamil Nadu,08:00-16:00 (Standard PHC/HSC)
1389,"Adambakkam, UPHC",Urban Primary Health Centre (UPHC),Urban Primary Level (USHA Base),Chennai,600088,12.98888,80.206315,Govt of Tamil Nadu - Health Dept,Government of Tamil Nadu,08:00-16:00 (Standard PHC/HSC)
1390,"PHC, Maduramangalam",Primary Health Centre (PHC),Primary Level (PHC Medical Officer & VHN Supervisor),Kanchipuram,602108,12.954845,79.814121,Govt of Tamil Nadu - Health Dept,Government of Tamil Nadu,08:00-16:00 (Standard PHC/HSC)
1391,Kanamapet Government Hospital,Government District / Taluk Hospital,District / Secondary Referral Level,Chennai,600017,13.029899,80.226121,Govt of Tamil Nadu - Health Dept,Government of Tamil Nadu,24/7
1392,Pernampattu Government Hospital,Government District / Taluk Hospital,District / Secondary Referral Level,Vellore,635810,12.932382,78.716674,Govt of Tamil Nadu - Health Dept,Government of Tamil Nadu,24/7
1393,Thakkolam PHC,Primary Health Centre (PHC),Primary Level (PHC Medical Officer & VHN Supervisor),Vellore,631151,13.02805,79.733461,Govt of Tamil Nadu - Health Dept,Government of Tamil Nadu,08:00-16:00 (Standard PHC/HSC)
1394,Porur PHC,Primary Health Centre (PHC),Primary Level (PHC Medical Officer & VHN Supervisor),Chennai,600116,13.0371,80.169936,Govt of Tamil Nadu - Health Dept,Government of Tamil Nadu,08:00-16:00 (Standard PHC/HSC)
1395,Serkadu Government Hospital,Government District / Taluk Hospital,District / Secondary Referral Level,Vellore,632106,13.014745,79.217393,Govt of Tamil Nadu - Health Dept,Government of Tamil Nadu,24/7
1396,"PHC, Kundrathur",Primary Health Centre (PHC),Primary Level (PHC Medical Officer & VHN Supervisor),Chennai,600069,12.995965,80.097567,Govt of Tamil Nadu - Health Dept,Government of Tamil Nadu,08:00-16:00 (Standard PHC/HSC)
1397,Zamin Pallavaram Government Urban PHC,Urban Primary Health Centre (UPHC),Urban Primary Level (USHA Base),Chennai,600043,12.96346,80.150374,Govt of Tamil Nadu - Health Dept,Government of Tamil Nadu,08:00-16:00 (Standard PHC/HSC)
1398,Government Hospital Alandur,Government District / Taluk Hospital,District / Secondary Referral Level,Chennai,600016,13.004816,80.202543,Govt of Tamil Nadu - Health Dept,Government of Tamil Nadu,24/7
1399,Velachery PHC,Primary Health Centre (PHC),Primary Level (PHC Medical Officer & VHN Supervisor),Chennai,600042,12.986316,80.229905,Govt of Tamil Nadu - Health Dept,Government of Tamil Nadu,08:00-16:00 (Standard PHC/HSC)
1400,"Government Hospital ,Karadikuppam",Government District / Taluk Hospital,District / Secondary Referral Level,Vellore,632505,13.000161,79.433934,Govt of Tamil Nadu - Health Dept,Government of Tamil Nadu,24/7
1401,"PHC, Anakaputhur",Primary Health Centre (PHC),Primary Level (PHC Medical Officer & VHN Supervisor),Chennai,600074,12.983197,80.129081,Govt of Tamil Nadu - Health Dept,Government of Tamil Nadu,08:00-16:00 (Standard PHC/HSC)
1402,Kumaran Nagar UPHC,Urban Primary Health Centre (UPHC),Urban Primary Level (USHA Base),Chennai,600033,13.03102,80.224117,Govt of Tamil Nadu - Health Dept,Government of Tamil Nadu,08:00-16:00 (Standard PHC/HSC)
1403,"Government Hospital, Nedumpirai",Government District / Taluk Hospital,District / Secondary Referral Level,Tiruvannamalai,604407,12.705822,79.558455,Govt of Tamil Nadu - Health Dept,Government of Tamil Nadu,24/7
1404,"Government Hospital, Thenkanikottai",Government District / Taluk Hospital,District / Secondary Referral Level,Krishnagiri,635107,12.51961,77.793121,Govt of Tamil Nadu - Health Dept,Government of Tamil Nadu,24/7
1405,"Government Hospital, Cheyyar",Government District / Taluk Hospital,District / Secondary Referral Level,Tiruvannamalai,604407,12.66418,79.540777,Govt of Tamil Nadu - Health Dept,Government of Tamil Nadu,24/7
1406,Nachikuppam Government Hospital,Government District / Taluk Hospital,District / Secondary Referral Level,Krishnagiri,635121,12.71801,78.162022,Govt of Tamil Nadu - Health Dept,Government of Tamil Nadu,24/7
1407,"PHC, Irumbedu",Primary Health Centre (PHC),Primary Level (PHC Medical Officer & VHN Supervisor),Tiruvannamalai,604408,12.567753,79.704856,Govt of Tamil Nadu - Health Dept,Government of Tamil Nadu,08:00-16:00 (Standard PHC/HSC)
1408,Vazhiyur PHC,Primary Health Centre (PHC),Primary Level (PHC Medical Officer & VHN Supervisor),Tiruvannamalai,632315,12.699476,79.139973,Govt of Tamil Nadu - Health Dept,Government of Tamil Nadu,08:00-16:00 (Standard PHC/HSC)
1409,"PHC, Kalambur",Primary Health Centre (PHC),Primary Level (PHC Medical Officer & VHN Supervisor),Tiruvannamalai,606903,12.629283,79.216363,Govt of Tamil Nadu - Health Dept,Government of Tamil Nadu,08:00-16:00 (Standard PHC/HSC)
1410,"PHC, Kakkadasam",Primary Health Centre (PHC),Primary Level (PHC Medical Officer & VHN Supervisor),Krishnagiri,635107,12.56452,77.720319,Govt of Tamil Nadu - Health Dept,Government of Tamil Nadu,24/7
1411,Sirukundram PHC,Primary Health Centre (PHC),Primary Level (PHC Medical Officer & VHN Supervisor),Chengalpattu,603108,12.711,80.07591,Govt of Tamil Nadu - Health Dept,Government of Tamil Nadu,08:00-16:00 (Standard PHC/HSC)
1412,Nesal PHC,Primary Health Centre (PHC),Primary Level (PHC Medical Officer & VHN Supervisor),Tiruvannamalai,632317,12.62765,79.305202,Govt of Tamil Nadu - Health Dept,Government of Tamil Nadu,08:00-16:00 (Standard PHC/HSC)
1413,Veerampakkam PHC,Primary Health Centre (PHC),Primary Level (PHC Medical Officer & VHN Supervisor),Tiruvannamalai,604408,12.684784,79.632971,Govt of Tamil Nadu - Health Dept,Government of Tamil Nadu,08:00-16:00 (Standard PHC/HSC)
1414,"PHC, Kolapalur",Primary Health Centre (PHC),Primary Level (PHC Medical Officer & VHN Supervisor),Tiruvannamalai,632313,12.553077,79.337596,Govt of Tamil Nadu - Health Dept,Government of Tamil Nadu,08:00-16:00 (Standard PHC/HSC)
1415,"PHC, Navalpakkam",Primary Health Centre (PHC),Primary Level (PHC Medical Officer & VHN Supervisor),Tiruvannamalai,604503,12.615198,79.409283,Govt of Tamil Nadu - Health Dept,Government of Tamil Nadu,08:00-16:00 (Standard PHC/HSC)
1416,"PHC, Melavalam Pattam",Primary Health Centre (PHC),Primary Level (PHC Medical Officer & VHN Supervisor),Chengalpattu,603303,12.54771,79.906255,Govt of Tamil Nadu - Health Dept,Government of Tamil Nadu,08:00-16:00 (Standard PHC/HSC)
1417,"PHC, Maduranthakam",Primary Health Centre (PHC),Primary Level (PHC Medical Officer & VHN Supervisor),Chengalpattu,603306,12.50522,79.878823,Govt of Tamil Nadu - Health Dept,Government of Tamil Nadu,08:00-16:00 (Standard PHC/HSC)
1418,Uthanapalli PHC,Primary Health Centre (PHC),Primary Level (PHC Medical Officer & VHN Supervisor),Krishnagiri,635119,12.606866,77.939746,Govt of Tamil Nadu - Health Dept,Government of Tamil Nadu,08:00-16:00 (Standard PHC/HSC)
1419,"PHC, Andiappanur",Primary Health Centre (PHC),Primary Level (PHC Medical Officer & VHN Supervisor),Vellore,635702,12.53659,78.697273,Govt of Tamil Nadu - Health Dept,Government of Tamil Nadu,08:00-16:00 (Standard PHC/HSC)
1420,S.V.Nagaram Primary Health Centre,Primary Health Centre (PHC),Primary Level (PHC Medical Officer & VHN Supervisor),Tiruvannamalai,632317,12.676928,79.314642,Govt of Tamil Nadu - Health Dept,Government of Tamil Nadu,08:00-16:00 (Standard PHC/HSC)
1421,Thirupathur PHC,Primary Health Centre (PHC),Primary Level (PHC Medical Officer & VHN Supervisor),Vellore,635601,12.49674,78.565988,Govt of Tamil Nadu - Health Dept,Government of Tamil Nadu,08:00-16:00 (Standard PHC/HSC)
1422,"Government Hospital, Arani",Government District / Taluk Hospital,District / Secondary Referral Level,Tiruvannamalai,632301,12.66952,79.280255,Govt of Tamil Nadu - Health Dept,Government of Tamil Nadu,24/7
1423,"Government Hospital, Malayampattu",Government District / Taluk Hospital,District / Secondary Referral Level,Tiruvannamalai,606903,12.653404,79.246831,Govt of Tamil Nadu - Health Dept,Government of Tamil Nadu,24/7
1424,Thalli PHC,Primary Health Centre (PHC),Primary Level (PHC Medical Officer & VHN Supervisor),Krishnagiri,635118,12.587355,77.652684,Govt of Tamil Nadu - Health Dept,Government of Tamil Nadu,08:00-16:00 (Standard PHC/HSC)
1425,"Upgraded PHC, Veppanapalli",Primary Health Centre (PHC),Primary Level (PHC Medical Officer & VHN Supervisor),Krishnagiri,635121,12.69801,78.192563,Govt of Tamil Nadu - Health Dept,Government of Tamil Nadu,08:00-16:00 (Standard PHC/HSC)
1426,Vallipattu Government Hospital,Government District / Taluk Hospital,District / Secondary Referral Level,Vellore,635752,12.64478,78.650831,Govt of Tamil Nadu - Health Dept,Government of Tamil Nadu,24/7
1427,"PHC, Malaiyur",Primary Health Centre (PHC),Primary Level (PHC Medical Officer & VHN Supervisor),Tiruvannamalai,604502,12.493971,79.475944,Govt of Tamil Nadu - Health Dept,Government of Tamil Nadu,08:00-16:00 (Standard PHC/HSC)
1428,"PHC, Kovilur",Primary Health Centre (PHC),Primary Level (PHC Medical Officer & VHN Supervisor),Tiruvannamalai,604505,12.582993,79.511871,Govt of Tamil Nadu - Health Dept,Government of Tamil Nadu,08:00-16:00 (Standard PHC/HSC)
1429,"PHC, Kothagondapalli",Primary Health Centre (PHC),Primary Level (PHC Medical Officer & VHN Supervisor),Krishnagiri,635126,12.72603,77.779055,Govt of Tamil Nadu - Health Dept,Government of Tamil Nadu,08:00-16:00 (Standard PHC/HSC)
1430,Mathigiri PHC,Primary Health Centre (PHC),Primary Level (PHC Medical Officer & VHN Supervisor),Krishnagiri,635109,12.691311,77.804838,Govt of Tamil Nadu - Health Dept,Government of Tamil Nadu,08:00-16:00 (Standard PHC/HSC)
1431,"PHC, L.Endothur",Primary Health Centre (PHC),Primary Level (PHC Medical Officer & VHN Supervisor),Chengalpattu,603406,12.51898,79.771547,Govt of Tamil Nadu - Health Dept,Government of Tamil Nadu,08:00-16:00 (Standard PHC/HSC)
1432,Nimiyampattu PHC,Primary Health Centre (PHC),Primary Level (PHC Medical Officer & VHN Supervisor),Vellore,635702,12.635056,78.699132,Govt of Tamil Nadu - Health Dept,Government of Tamil Nadu,08:00-16:00 (Standard PHC/HSC)
1433,"PHC, Jolarpet",Primary Health Centre (PHC),Primary Level (PHC Medical Officer & VHN Supervisor),Vellore,635851,12.56553,78.582427,Govt of Tamil Nadu - Health Dept,Government of Tamil Nadu,08:00-16:00 (Standard PHC/HSC)
1434,"PHC, Kunnavakkam",Primary Health Centre (PHC),Primary Level (PHC Medical Officer & VHN Supervisor),Chengalpattu,603002,12.712995,80.013751,Govt of Tamil Nadu - Health Dept,Government of Tamil Nadu,08:00-16:00 (Standard PHC/HSC)
1435,"PHC, Kommanandal",Primary Health Centre (PHC),Primary Level (PHC Medical Officer & VHN Supervisor),Tiruvannamalai,606904,12.50605,79.172446,Govt of Tamil Nadu - Health Dept,Government of Tamil Nadu,08:00-16:00 (Standard PHC/HSC)
1436,"PHC, Madhakandapalli",Primary Health Centre (PHC),Primary Level (PHC Medical Officer & VHN Supervisor),Krishnagiri,635114,12.628829,77.731611,Govt of Tamil Nadu - Health Dept,Government of Tamil Nadu,08:00-16:00 (Standard PHC/HSC)
1437,"Government Hospital, Alangayam",Government District / Taluk Hospital,District / Secondary Referral Level,Vellore,635701,12.624586,78.751777,Govt of Tamil Nadu - Health Dept,Government of Tamil Nadu,24/7
1438,"PHC, Kovalai",Primary Health Centre (PHC),Primary Level (PHC Medical Officer & VHN Supervisor),Tiruvannamalai,604403,12.528856,79.734603,Govt of Tamil Nadu - Health Dept,Government of Tamil Nadu,08:00-16:00 (Standard PHC/HSC)
1439,"UPHC, Chengalpattu",Urban Primary Health Centre (UPHC),Urban Primary Level (USHA Base),Chengalpattu,603001,12.684287,79.975384,Govt of Tamil Nadu - Health Dept,Government of Tamil Nadu,08:00-16:00 (Standard PHC/HSC)
1440,"PHC, Devigapuram",Primary Health Centre (PHC),Primary Level (PHC Medical Officer & VHN Supervisor),Tiruvannamalai,606902,12.503,79.239417,Govt of Tamil Nadu - Health Dept,Government of Tamil Nadu,08:00-16:00 (Standard PHC/HSC)
1441,"PHC, Jamnamarathur",Primary Health Centre (PHC),Primary Level (PHC Medical Officer & VHN Supervisor),Tiruvannamalai,635703,12.596382,78.88355,Govt of Tamil Nadu - Health Dept,Government of Tamil Nadu,08:00-16:00 (Standard PHC/HSC)
1442,Nerumbur PHC,Primary Health Centre (PHC),Primary Level (PHC Medical Officer & VHN Supervisor),Chengalpattu,603102,12.525765,80.063113,Govt of Tamil Nadu - Health Dept,Government of Tamil Nadu,08:00-16:00 (Standard PHC/HSC)
1443,Vadakkuvayalur PHC,Primary Health Centre (PHC),Primary Level (PHC Medical Officer & VHN Supervisor),Chengalpattu,603312,12.50028,80.013875,Govt of Tamil Nadu - Health Dept,Government of Tamil Nadu,08:00-16:00 (Standard PHC/HSC)
1444,Melsanankuppam PHC,Primary Health Centre (PHC),Primary Level (PHC Medical Officer & VHN Supervisor),Vellore,635807,12.738816,78.656715,Govt of Tamil Nadu - Health Dept,Government of Tamil Nadu,08:00-16:00 (Standard PHC/HSC)
1445,Vadamathimangalam PHC,Primary Health Centre (PHC),Primary Level (PHC Medical Officer & VHN Supervisor),Tiruvannamalai,606907,12.592931,79.188965,Govt of Tamil Nadu - Health Dept,Government of Tamil Nadu,08:00-16:00 (Standard PHC/HSC)
1446,Udhayenthiram PHC,Primary Health Centre (PHC),Primary Level (PHC Medical Officer & VHN Supervisor),Vellore,635754,12.700555,78.623173,Govt of Tamil Nadu - Health Dept,Government of Tamil Nadu,08:00-16:00 (Standard PHC/HSC)
1447,Tirupattur Government Hospital,Government District / Taluk Hospital,District / Secondary Referral Level,Vellore,635601,12.49671,78.56602,Govt of Tamil Nadu - Health Dept,Government of Tamil Nadu,24/7
1448,Ramanaickenpet PHC,Primary Health Centre (PHC),Primary Level (PHC Medical Officer & VHN Supervisor),Vellore,635801,12.66266,78.547713,Govt of Tamil Nadu - Health Dept,Government of Tamil Nadu,08:00-16:00 (Standard PHC/HSC)
1449,Padalam Government Hospital,Government District / Taluk Hospital,District / Secondary Referral Level,Chengalpattu,603308,12.59136,79.950767,Govt of Tamil Nadu - Health Dept,Government of Tamil Nadu,24/7
1450,"PHC, Kalasamuthiram",Primary Health Centre (PHC),Primary Level (PHC Medical Officer & VHN Supervisor),Tiruvannamalai,632311,12.699307,79.121853,Govt of Tamil Nadu - Health Dept,Government of Tamil Nadu,08:00-16:00 (Standard PHC/HSC)
1451,Rayakottai PHC,Primary Health Centre (PHC),Primary Level (PHC Medical Officer & VHN Supervisor),Krishnagiri,635107,12.51613,78.026769,Govt of Tamil Nadu - Health Dept,Government of Tamil Nadu,08:00-16:00 (Standard PHC/HSC)
1452,Thiruvathipuram PHC,Primary Health Centre (PHC),Primary Level (PHC Medical Officer & VHN Supervisor),Tiruvannamalai,604407,12.6498,79.542844,Govt of Tamil Nadu - Health Dept,Government of Tamil Nadu,08:00-16:00 (Standard PHC/HSC)
1453,Sembakkam PHC,Primary Health Centre (PHC),Primary Level (PHC Medical Officer & VHN Supervisor),Chengalpattu,600073,12.70771,80.129812,Govt of Tamil Nadu - Health Dept,Government of Tamil Nadu,08:00-16:00 (Standard PHC/HSC)
1454,Nagamangalam PHC,Primary Health Centre (PHC),Primary Level (PHC Medical Officer & VHN Supervisor),Krishnagiri,635113,12.5642,77.946383,Govt of Tamil Nadu - Health Dept,Government of Tamil Nadu,08:00-16:00 (Standard PHC/HSC)
1455,"PHC, Chinnamottur",Primary Health Centre (PHC),Primary Level (PHC Medical Officer & VHN Supervisor),Vellore,635851,12.626919,78.581483,Govt of Tamil Nadu - Health Dept,Government of Tamil Nadu,08:00-16:00 (Standard PHC/HSC)
1456,Vallipuram PHC,Primary Health Centre (PHC),Primary Level (PHC Medical Officer & VHN Supervisor),Chengalpattu,603102,12.552026,79.990818,Govt of Tamil Nadu - Health Dept,Government of Tamil Nadu,08:00-16:00 (Standard PHC/HSC)
1457,"Government Hospital, Uthiramerur",Government District / Taluk Hospital,District / Secondary Referral Level,Kanchipuram,603406,12.61502,79.760806,Govt of Tamil Nadu - Health Dept,Government of Tamil Nadu,24/7
1458,Polur Government Hospital,Government District / Taluk Hospital,District / Secondary Referral Level,Tiruvannamalai,606803,12.50829,79.123958,Govt of Tamil Nadu - Health Dept,Government of Tamil Nadu,24/7
1459,"Government Hospital, Bargur",Government District / Taluk Hospital,District / Secondary Referral Level,Erode,635104,12.5444,78.357225,Govt of Tamil Nadu - Health Dept,Government of Tamil Nadu,24/7
1460,"Government Hospital, Wandavash",Government District / Taluk Hospital,District / Secondary Referral Level,Tiruvannamalai,604408,12.504997,79.613471,Govt of Tamil Nadu - Health Dept,Government of Tamil Nadu,24/7
1461,Thirukalukundram Government hospital,Government District / Taluk Hospital,District / Secondary Referral Level,Chengalpattu,603102,12.606702,80.058744,Govt of Tamil Nadu - Health Dept,Government of Tamil Nadu,24/7
1462,Orappam PHC,Primary Health Centre (PHC),Primary Level (PHC Medical Officer & VHN Supervisor),Krishnagiri,635108,12.535042,78.29416,Govt of Tamil Nadu - Health Dept,Government of Tamil Nadu,08:00-16:00 (Standard PHC/HSC)
1463,Vaniyambadi Government Hospital,Government District / Taluk Hospital,District / Secondary Referral Level,Vellore,635751,12.676817,78.615613,Govt of Tamil Nadu - Health Dept,Government of Tamil Nadu,24/7
1464,"Government Hospital, Kilkodungalur",Government District / Taluk Hospital,District / Secondary Referral Level,Tiruvannamalai,604403,12.50467,79.699699,Govt of Tamil Nadu - Health Dept,Government of Tamil Nadu,24/7
1465,"PHC, M.C.Palli",Primary Health Centre (PHC),Primary Level (PHC Medical Officer & VHN Supervisor),Krishnagiri,635120,12.600038,78.257738,Govt of Tamil Nadu - Health Dept,Government of Tamil Nadu,08:00-16:00 (Standard PHC/HSC)
1466,"PHC, Kelur",Primary Health Centre (PHC),Primary Level (PHC Medical Officer & VHN Supervisor),Tiruvannamalai,606907,12.595964,79.150907,Govt of Tamil Nadu - Health Dept,Government of Tamil Nadu,08:00-16:00 (Standard PHC/HSC)
1467,"PHC, Natrampalli",Primary Health Centre (PHC),Primary Level (PHC Medical Officer & VHN Supervisor),Tirupathur,635852,12.58369,78.511991,Govt of Tamil Nadu - Health Dept,Government of Tamil Nadu,08:00-16:00 (Standard PHC/HSC)
1468,"PHC, Chinna Elacheri",Primary Health Centre (PHC),Primary Level (PHC Medical Officer & VHN Supervisor),Tiruvannamalai,631701,12.70611,79.712416,Govt of Tamil Nadu - Health Dept,Government of Tamil Nadu,08:00-16:00 (Standard PHC/HSC)
1469,Kaliyampoondi PHC,Primary Health Centre (PHC),Primary Level (PHC Medical Officer & VHN Supervisor),Kanchipuram,603402,12.64072,79.714858,Govt of Tamil Nadu - Health Dept,Government of Tamil Nadu,08:00-16:00 (Standard PHC/HSC)
1470,"PHC, Kavalurchatram",Primary Health Centre (PHC),Primary Level (PHC Medical Officer & VHN Supervisor),Vellore,635701,12.576218,78.807027,Govt of Tamil Nadu - Health Dept,Government of Tamil Nadu,08:00-16:00 (Standard PHC/HSC)
1471,Onnupuram PHC,Primary Health Centre (PHC),Primary Level (PHC Medical Officer & VHN Supervisor),Tiruvannamalai,632315,12.719674,79.178037,Govt of Tamil Nadu - Health Dept,Government of Tamil Nadu,08:00-16:00 (Standard PHC/HSC)
1472,"Government Hospital, Nimmiyambattu",Government District / Taluk Hospital,District / Secondary Referral Level,Tiruvannamalai,635752,12.635106,78.699176,Govt of Tamil Nadu - Health Dept,Government of Tamil Nadu,24/7
1473,Peranamallur PHC,Primary Health Centre (PHC),Primary Level (PHC Medical Officer & VHN Supervisor),Tiruvannamalai,604503,12.56506,79.435111,Govt of Tamil Nadu - Health Dept,Government of Tamil Nadu,08:00-16:00 (Standard PHC/HSC)
1474,Agrapalayam PHC,Primary Health Centre (PHC),Primary Level (PHC Medical Officer & VHN Supervisor),Tiruvannamalai,632314,12.711735,79.242881,Govt of Tamil Nadu - Health Dept,Government of Tamil Nadu,08:00-16:00 (Standard PHC/HSC)
1475,Manampathi CHC,Primary Health Centre (PHC),Primary Level (PHC Medical Officer & VHN Supervisor),Kanchipuram,603403,12.62863,79.653316,Govt of Tamil Nadu - Health Dept,Government of Tamil Nadu,08:00-16:00 (Standard PHC/HSC)
1476,"Government Hospital, Akkur",Government District / Taluk Hospital,District / Secondary Referral Level,Tiruvannamalai,631701,12.684816,79.633014,Govt of Tamil Nadu - Health Dept,Government of Tamil Nadu,24/7
1477,"Government Hospital, Bellampalli",Government District / Taluk Hospital,District / Secondary Referral Level,Krishnagiri,635122,12.55351,78.090002,Govt of Tamil Nadu - Health Dept,Government of Tamil Nadu,24/7
1478,"Government Hospital, Mahabalipuram",Government District / Taluk Hospital,District / Secondary Referral Level,Chengalpattu,603104,12.61773,80.180966,Govt of Tamil Nadu - Health Dept,Government of Tamil Nadu,24/7
1479,"Government Hospital, Aanai bogi",Government District / Taluk Hospital,District / Secondary Referral Level,Tiruvannamalai,604505,12.55014,79.494569,Govt of Tamil Nadu - Health Dept,Government of Tamil Nadu,24/7
1480,"PHC, Mambakkam",Primary Health Centre (PHC),Primary Level (PHC Medical Officer & VHN Supervisor),Vellore,632318,12.68435,79.396039,Govt of Tamil Nadu - Health Dept,Government of Tamil Nadu,08:00-16:00 (Standard PHC/HSC)
1481,Uthiremerur PHC,Primary Health Centre (PHC),Primary Level (PHC Medical Officer & VHN Supervisor),Kanchipuram,603406,12.61265,79.757461,Govt of Tamil Nadu - Health Dept,Government of Tamil Nadu,08:00-16:00 (Standard PHC/HSC)
1482,"PHC, Kamakoor",Primary Health Centre (PHC),Primary Level (PHC Medical Officer & VHN Supervisor),Tiruvannamalai,606903,12.677282,79.231867,Govt of Tamil Nadu - Health Dept,Government of Tamil Nadu,08:00-16:00 (Standard PHC/HSC)
1483,Thatchur PHC,Primary Health Centre (PHC),Primary Level (PHC Medical Officer & VHN Supervisor),Tiruvannamalai,632326,12.591831,79.273606,Govt of Tamil Nadu - Health Dept,Government of Tamil Nadu,08:00-16:00 (Standard PHC/HSC)
1484,"PHC, Gummalapuram",Primary Health Centre (PHC),Primary Level (PHC Medical Officer & VHN Supervisor),Krishnagiri,635118,12.657221,77.664022,Govt of Tamil Nadu - Health Dept,Government of Tamil Nadu,08:00-16:00 (Standard PHC/HSC)
1485,Pachur CHC,Primary Health Centre (PHC),Primary Level (PHC Medical Officer & VHN Supervisor),Vellore,635854,12.58848,78.46009,Govt of Tamil Nadu - Health Dept,Government of Tamil Nadu,08:00-16:00 (Standard PHC/HSC)
1486,S.Mudhuganapalli PHC,Primary Health Centre (PHC),Primary Level (PHC Medical Officer & VHN Supervisor),Krishnagiri,635110,12.644896,77.782215,Govt of Tamil Nadu - Health Dept,Government of Tamil Nadu,08:00-16:00 (Standard PHC/HSC)
1487,"Government Hospital, Natrampalli",Government District / Taluk Hospital,District / Secondary Referral Level,Vellore,635852,12.583449,78.511743,Govt of Tamil Nadu - Health Dept,Government of Tamil Nadu,24/7
1488,Thiruporur Government Hospital,Government District / Taluk Hospital,District / Secondary Referral Level,Chengalpattu,603110,12.728422,80.188147,Govt of Tamil Nadu - Health Dept,Government of Tamil Nadu,24/7
1489,Panaiyur PHC,Primary Health Centre (PHC),Primary Level (PHC Medical Officer & VHN Supervisor),Tiruvannamalai,632318,12.69657,79.370885,Govt of Tamil Nadu - Health Dept,Government of Tamil Nadu,08:00-16:00 (Standard PHC/HSC)
1490,"Government Hospital, Madhuranthagam",Government District / Taluk Hospital,District / Secondary Referral Level,Chengalpattu,603306,12.509349,79.89036,Govt of Tamil Nadu - Health Dept,Government of Tamil Nadu,24/7
1491,Melseeshsamangalam PHC,Primary Health Centre (PHC),Primary Level (PHC Medical Officer & VHN Supervisor),Tiruvannamalai,604407,12.635313,79.341061,Govt of Tamil Nadu - Health Dept,Government of Tamil Nadu,08:00-16:00 (Standard PHC/HSC)
1492,Vellakkainatham PHC,Primary Health Centre (PHC),Primary Level (PHC Medical Officer & VHN Supervisor),Vellore,635854,12.55068,78.441727,Govt of Tamil Nadu - Health Dept,Government of Tamil Nadu,08:00-16:00 (Standard PHC/HSC)
1493,"Government Hospital, Balathotanapalli",Government District / Taluk Hospital,District / Secondary Referral Level,Krishnagiri,635107,12.506876,77.709999,Govt of Tamil Nadu - Health Dept,Government of Tamil Nadu,24/7
1494,"PHC, Bargur",Primary Health Centre (PHC),Primary Level (PHC Medical Officer & VHN Supervisor),Krishnagiri,635104,12.544,78.3571,Govt of Tamil Nadu - Health Dept,Government of Tamil Nadu,08:00-16:00 (Standard PHC/HSC)
1495,"PHC, Kamandoddi",Primary Health Centre (PHC),Primary Level (PHC Medical Officer & VHN Supervisor),Krishnagiri,635105,12.68721,77.937682,Govt of Tamil Nadu - Health Dept,Government of Tamil Nadu,08:00-16:00 (Standard PHC/HSC)
1496,Vandavasi PHC,Primary Health Centre (PHC),Primary Level (PHC Medical Officer & VHN Supervisor),Tiruvannamalai,604408,12.50496,79.613655,Govt of Tamil Nadu - Health Dept,Government of Tamil Nadu,08:00-16:00 (Standard PHC/HSC)
1497,Sinthagampalli PHC,Primary Health Centre (PHC),Primary Level (PHC Medical Officer & VHN Supervisor),Krishnagiri,635108,12.60559,78.337017,Govt of Tamil Nadu - Health Dept,Government of Tamil Nadu,08:00-16:00 (Standard PHC/HSC)
1498,Pudupettai Government Hospital,Government District / Taluk Hospital,District / Secondary Referral Level,Vellore,635651,12.52928,78.510084,Govt of Tamil Nadu - Health Dept,Government of Tamil Nadu,24/7
1499,Salavakkam PHC,Primary Health Centre (PHC),Primary Level (PHC Medical Officer & VHN Supervisor),Kanchipuram,603107,12.67452,79.889492,Govt of Tamil Nadu - Health Dept,Government of Tamil Nadu,08:00-16:00 (Standard PHC/HSC)
1500,"PHC, Kelamangalam",Primary Health Centre (PHC),Primary Level (PHC Medical Officer & VHN Supervisor),Krishnagiri,635113,12.598901,77.849352,Govt of Tamil Nadu - Health Dept,Government of Tamil Nadu,08:00-16:00 (Standard PHC/HSC)
1501,Vazhur PHC,Primary Health Centre (PHC),Primary Level (PHC Medical Officer & VHN Supervisor),Tiruvannamalai,604405,12.528035,79.655963,Govt of Tamil Nadu - Health Dept,Government of Tamil Nadu,08:00-16:00 (Standard PHC/HSC)
1502,Shoolagiri Government Hospital,Government District / Taluk Hospital,District / Secondary Referral Level,Krishnagiri,635117,12.666905,78.015584,Govt of Tamil Nadu - Health Dept,Government of Tamil Nadu,24/7
1503,"PHC, Kolianur",Primary Health Centre (PHC),Primary Level (PHC Medical Officer & VHN Supervisor),Viluppuram,605103,11.927906,79.543969,Govt of Tamil Nadu - Health Dept,Government of Tamil Nadu,08:00-16:00 (Standard PHC/HSC)
1504,Moongilthuraipattu PHC,Primary Health Centre (PHC),Primary Level (PHC Medical Officer & VHN Supervisor),Viluppuram,605702,12.057599,78.977368,Govt of Tamil Nadu - Health Dept,Government of Tamil Nadu,08:00-16:00 (Standard PHC/HSC)
1505,Oraiyur CHC,Primary Health Centre (PHC),Primary Level (PHC Medical Officer & VHN Supervisor),Cuddalore,607108,11.818777,79.499533,Govt of Tamil Nadu - Health Dept,Government of Tamil Nadu,08:00-16:00 (Standard PHC/HSC)
1506,Sirumadurai PHC,Primary Health Centre (PHC),Primary Level (PHC Medical Officer & VHN Supervisor),Viluppuram,607203,11.898471,79.357242,Govt of Tamil Nadu - Health Dept,Government of Tamil Nadu,08:00-16:00 (Standard PHC/HSC)
1507,Perungulathur PHC,Primary Health Centre (PHC),Primary Level (PHC Medical Officer & VHN Supervisor),Tiruvannamalai,606708,12.051253,78.918936,Govt of Tamil Nadu - Health Dept,Government of Tamil Nadu,08:00-16:00 (Standard PHC/HSC)
1508,"PHC, Komburankadu",Primary Health Centre (PHC),Primary Level (PHC Medical Officer & VHN Supervisor),Salem,636403,11.80459,77.846483,Govt of Tamil Nadu - Health Dept,Government of Tamil Nadu,08:00-16:00 (Standard PHC/HSC)
1509,Vellar PHC,Primary Health Centre (PHC),Primary Level (PHC Medical Officer & VHN Supervisor),Salem,636451,11.893401,77.975512,Govt of Tamil Nadu - Health Dept,Government of Tamil Nadu,08:00-16:00 (Standard PHC/HSC)
1510,"PHC, Hogenakkal",Primary Health Centre (PHC),Primary Level (PHC Medical Officer & VHN Supervisor),Dharmapuri,636810,12.120027,77.777868,Govt of Tamil Nadu - Health Dept,Government of Tamil Nadu,08:00-16:00 (Standard PHC/HSC)
1511,"PHC, Kuttapatti",Primary Health Centre (PHC),Primary Level (PHC Medical Officer & VHN Supervisor),Salem,636453,11.79314,77.922012,Govt of Tamil Nadu - Health Dept,Government of Tamil Nadu,08:00-16:00 (Standard PHC/HSC)
1512,Pavandur PHC,Primary Health Centre (PHC),Primary Level (PHC Medical Officer & VHN Supervisor),Viluppuram,607209,11.87729,79.309996,Govt of Tamil Nadu - Health Dept,Government of Tamil Nadu,08:00-16:00 (Standard PHC/HSC)
1513,Vadaponparappi PHC,Primary Health Centre (PHC),Primary Level (PHC Medical Officer & VHN Supervisor),Viluppuram,605702,12.00178,78.951009,Govt of Tamil Nadu - Health Dept,Government of Tamil Nadu,08:00-16:00 (Standard PHC/HSC)
1514,Government Hospital Kadathur,Government District / Taluk Hospital,District / Secondary Referral Level,Dharmapuri,635303,12.08724,78.290259,Govt of Tamil Nadu - Health Dept,Government of Tamil Nadu,24/7
1515,"PHC, Kondur",Primary Health Centre (PHC),Primary Level (PHC Medical Officer & VHN Supervisor),Viluppuram,605106,11.867387,79.676283,Govt of Tamil Nadu - Health Dept,Government of Tamil Nadu,08:00-16:00 (Standard PHC/HSC)
1516,"Government Hospital, Boothanatham",Government District / Taluk Hospital,District / Secondary Referral Level,Dharmapuri,636904,11.98837,78.364387,Govt of Tamil Nadu - Health Dept,Government of Tamil Nadu,24/7
1517,"Government Hospital, Pennagaram",Government District / Taluk Hospital,District / Secondary Referral Level,Dharmapuri,636810,12.129564,77.904152,Govt of Tamil Nadu - Health Dept,Government of Tamil Nadu,24/7
1518,"Government Hospital, Anandal",Government District / Taluk Hospital,District / Secondary Referral Level,Tiruvannamalai,606804,12.074912,79.176333,Govt of Tamil Nadu - Health Dept,Government of Tamil Nadu,24/7
1519,"PHC, Madalapattu",Primary Health Centre (PHC),Primary Level (PHC Medical Officer & VHN Supervisor),Cuddalore,605007,11.853844,79.790173,Govt of Tamil Nadu - Health Dept,Government of Tamil Nadu,08:00-16:00 (Standard PHC/HSC)
1520,"PHC, Mailam",Primary Health Centre (PHC),Primary Level (PHC Medical Officer & VHN Supervisor),Viluppuram,604304,12.128949,79.619485,Govt of Tamil Nadu - Health Dept,Government of Tamil Nadu,08:00-16:00 (Standard PHC/HSC)
1521,"Government Hospital, Anniyur",Government District / Taluk Hospital,District / Secondary Referral Level,Viluppuram,605701,12.073907,79.391209,Govt of Tamil Nadu - Health Dept,Government of Tamil Nadu,24/7
1522,Ondiveeranur PHC,Primary Health Centre (PHC),Primary Level (PHC Medical Officer & VHN Supervisor),Salem,636451,11.826223,78.001138,Govt of Tamil Nadu - Health Dept,Government of Tamil Nadu,08:00-16:00 (Standard PHC/HSC)
1523,Pudupettai PHC,Primary Health Centre (PHC),Primary Level (PHC Medical Officer & VHN Supervisor),Viluppuram,606402,11.965546,78.897835,Govt of Tamil Nadu - Health Dept,Government of Tamil Nadu,08:00-16:00 (Standard PHC/HSC)
1524,Sathiyanagar PHC,Primary Health Centre (PHC),Primary Level (PHC Medical Officer & VHN Supervisor),Salem,636303,11.91262,77.710951,Govt of Tamil Nadu - Health Dept,Government of Tamil Nadu,08:00-16:00 (Standard PHC/HSC)
1525,"Government Hospital, Naripalli",Government District / Taluk Hospital,District / Secondary Referral Level,Dharmapuri,636906,12.042502,78.669392,Govt of Tamil Nadu - Health Dept,Government of Tamil Nadu,24/7
1526,Sarakkapillaiyur Primary Health Centre,Primary Health Centre (PHC),Primary Level (PHC Medical Officer & VHN Supervisor),Salem,636305,11.820973,78.089249,Govt of Tamil Nadu - Health Dept,Government of Tamil Nadu,08:00-16:00 (Standard PHC/HSC)
1527,"PHC, Edaiyur",Primary Health Centre (PHC),Primary Level (PHC Medical Officer & VHN Supervisor),Viluppuram,605766,11.954287,79.099776,Govt of Tamil Nadu - Health Dept,Government of Tamil Nadu,08:00-16:00 (Standard PHC/HSC)
1528,T.Kunnathur PHC,Primary Health Centre (PHC),Primary Level (PHC Medical Officer & VHN Supervisor),Viluppuram,605803,11.90251,79.272771,Govt of Tamil Nadu - Health Dept,Government of Tamil Nadu,08:00-16:00 (Standard PHC/HSC)
1529,"PHC, Kandachipuram",Primary Health Centre (PHC),Primary Level (PHC Medical Officer & VHN Supervisor),Viluppuram,605751,12.033802,79.296517,Govt of Tamil Nadu - Health Dept,Government of Tamil Nadu,08:00-16:00 (Standard PHC/HSC)
1530,"Government Hospital, Rishivandiyam",Government District / Taluk Hospital,District / Secondary Referral Level,Viluppuram,606205,11.810329,79.102419,Govt of Tamil Nadu - Health Dept,Government of Tamil Nadu,24/7
1531,Pavithiram PHC,Primary Health Centre (PHC),Primary Level (PHC Medical Officer & VHN Supervisor),Tiruvannamalai,606806,12.113113,79.125609,Govt of Tamil Nadu - Health Dept,Government of Tamil Nadu,08:00-16:00 (Standard PHC/HSC)
1532,Government Hospital K.N.Pudur,Government District / Taluk Hospital,District / Secondary Referral Level,Salem,636354,11.950982,78.233951,Govt of Tamil Nadu - Health Dept,Government of Tamil Nadu,24/7
1533,"Government Hospital, Keeraipatti",Government District / Taluk Hospital,District / Secondary Referral Level,Dharmapuri,636903,12.012882,78.526366,Govt of Tamil Nadu - Health Dept,Government of Tamil Nadu,24/7
1534,"Government Hospital, Arasampattu",Government District / Taluk Hospital,District / Secondary Referral Level,Viluppuram,606401,11.89532,78.848314,Govt of Tamil Nadu - Health Dept,Government of Tamil Nadu,24/7
1535,"PHC, Kattampoondi",Primary Health Centre (PHC),Primary Level (PHC Medical Officer & VHN Supervisor),Tiruvannamalai,606811,12.10637,79.086711,Govt of Tamil Nadu - Health Dept,Government of Tamil Nadu,08:00-16:00 (Standard PHC/HSC)
1536,"PHC, Eriyur",Primary Health Centre (PHC),Primary Level (PHC Medical Officer & VHN Supervisor),Dharmapuri,636810,12.007614,77.80212,Govt of Tamil Nadu - Health Dept,Government of Tamil Nadu,08:00-16:00 (Standard PHC/HSC)
1537,Vanapuram PHC,Primary Health Centre (PHC),Primary Level (PHC Medical Officer & VHN Supervisor),Tiruvannamalai,606753,12.096118,79.021996,Govt of Tamil Nadu - Health Dept,Government of Tamil Nadu,08:00-16:00 (Standard PHC/HSC)
1538,Thookanampakkam PHC,Primary Health Centre (PHC),Primary Level (PHC Medical Officer & VHN Supervisor),Cuddalore,607402,11.84794,79.698038,Govt of Tamil Nadu - Health Dept,Government of Tamil Nadu,08:00-16:00 (Standard PHC/HSC)
1539,Radhapuram PHC,Primary Health Centre (PHC),Primary Level (PHC Medical Officer & VHN Supervisor),Viluppuram,605501,11.999816,79.588565,Govt of Tamil Nadu - Health Dept,Government of Tamil Nadu,08:00-16:00 (Standard PHC/HSC)
1540,"Government Hospital, Arcadu",Government District / Taluk Hospital,District / Secondary Referral Level,Vellore,605755,11.93088,79.324537,Govt of Tamil Nadu - Health Dept,Government of Tamil Nadu,24/7
1541,"PHC, Kunnam",Primary Health Centre (PHC),Primary Level (PHC Medical Officer & VHN Supervisor),Viluppuram,604304,12.084422,79.67723,Govt of Tamil Nadu - Health Dept,Government of Tamil Nadu,08:00-16:00 (Standard PHC/HSC)
1542,"PHC, Iruvelpattu",Primary Health Centre (PHC),Primary Level (PHC Medical Officer & VHN Supervisor),Viluppuram,607107,11.840973,79.430626,Govt of Tamil Nadu - Health Dept,Government of Tamil Nadu,08:00-16:00 (Standard PHC/HSC)
1543,Chendur PHC,Primary Health Centre (PHC),Primary Level (PHC Medical Officer & VHN Supervisor),Viluppuram,604302,12.12546,79.586948,Govt of Tamil Nadu - Health Dept,Government of Tamil Nadu,08:00-16:00 (Standard PHC/HSC)
1544,Vanapuram PHC,Primary Health Centre (PHC),Primary Level (PHC Medical Officer & VHN Supervisor),Viluppuram,605801,11.926739,79.011359,Govt of Tamil Nadu - Health Dept,Government of Tamil Nadu,08:00-16:00 (Standard PHC/HSC)
1545,Rampakkam PHC,Primary Health Centre (PHC),Primary Level (PHC Medical Officer & VHN Supervisor),Viluppuram,605106,11.837063,79.611933,Govt of Tamil Nadu - Health Dept,Government of Tamil Nadu,08:00-16:00 (Standard PHC/HSC)
1546,Serapattu PHC,Primary Health Centre (PHC),Primary Level (PHC Medical Officer & VHN Supervisor),Viluppuram,606401,11.96832,78.778244,Govt of Tamil Nadu - Health Dept,Government of Tamil Nadu,08:00-16:00 (Standard PHC/HSC)
1547,ESI Dispensary,Primary Health Centre (PHC),Primary Level (PHC Medical Officer & VHN Supervisor),Dharmapuri,636701,12.12449,78.157535,Unspecified,Unspecified,08:00-16:00 (Standard PHC/HSC)
1548,Pappireddipatti Government Hospital,Government District / Taluk Hospital,District / Secondary Referral Level,Dharmapuri,636905,11.917919,78.364639,Govt of Tamil Nadu - Health Dept,Government of Tamil Nadu,24/7
1549,Veerapandy PHC,Primary Health Centre (PHC),Primary Level (PHC Medical Officer & VHN Supervisor),Viluppuram,605758,12.049054,79.217596,Govt of Tamil Nadu - Health Dept,Government of Tamil Nadu,08:00-16:00 (Standard PHC/HSC)
1550,"PHC, Alathur",Primary Health Centre (PHC),Primary Level (PHC Medical Officer & VHN Supervisor),Viluppuram,606208,11.801223,78.943811,Govt of Tamil Nadu - Health Dept,Government of Tamil Nadu,08:00-16:00 (Standard PHC/HSC)
1551,Perumbalai PHC,Primary Health Centre (PHC),Primary Level (PHC Medical Officer & VHN Supervisor),Dharmapuri,636811,11.961992,77.939082,Govt of Tamil Nadu - Health Dept,Government of Tamil Nadu,08:00-16:00 (Standard PHC/HSC)
1552,"PHC, Malamanjanur",Primary Health Centre (PHC),Primary Level (PHC Medical Officer & VHN Supervisor),Tiruvannamalai,606708,12.123238,78.877702,Govt of Tamil Nadu - Health Dept,Government of Tamil Nadu,08:00-16:00 (Standard PHC/HSC)
1553,Shitheri PHC,Primary Health Centre (PHC),Primary Level (PHC Medical Officer & VHN Supervisor),Dharmapuri,636903,11.890564,78.508997,Govt of Tamil Nadu - Health Dept,Government of Tamil Nadu,08:00-16:00 (Standard PHC/HSC)
1554,Ponbur PHC,Primary Health Centre (PHC),Primary Level (PHC Medical Officer & VHN Supervisor),Viluppuram,605602,12.040379,79.60342,Govt of Tamil Nadu - Health Dept,Government of Tamil Nadu,08:00-16:00 (Standard PHC/HSC)
1555,Primary Health Centre Kadayampatti,Primary Health Centre (PHC),Primary Level (PHC Medical Officer & VHN Supervisor),Salem,636351,11.872653,78.096427,Govt of Tamil Nadu - Health Dept,Government of Tamil Nadu,08:00-16:00 (Standard PHC/HSC)
1556,"Government Hospital, Vanur",Government District / Taluk Hospital,District / Secondary Referral Level,Viluppuram,605109,12.022607,79.727991,Govt of Tamil Nadu - Health Dept,Government of Tamil Nadu,24/7
1557,"Thoppur,Government Hospital",Government District / Taluk Hospital,District / Secondary Referral Level,Dharmapuri,636532,11.939882,78.055166,Govt of Tamil Nadu - Health Dept,Government of Tamil Nadu,24/7
1558,"Government Hospital, Thanipadi",Government District / Taluk Hospital,District / Secondary Referral Level,Tiruvannamalai,606708,12.108841,78.837115,Govt of Tamil Nadu - Health Dept,Government of Tamil Nadu,24/7
1559,Thiruvennainallur PHC,Primary Health Centre (PHC),Primary Level (PHC Medical Officer & VHN Supervisor),Viluppuram,607203,11.860437,79.364583,Govt of Tamil Nadu - Health Dept,Government of Tamil Nadu,08:00-16:00 (Standard PHC/HSC)
1560,"PHC, Kottapatti",Primary Health Centre (PHC),Primary Level (PHC Medical Officer & VHN Supervisor),Dharmapuri,636906,11.98785,78.668005,Govt of Tamil Nadu - Health Dept,Government of Tamil Nadu,08:00-16:00 (Standard PHC/HSC)
1561,"Government Hospital, Indur",Government District / Taluk Hospital,District / Secondary Referral Level,Dharmapuri,636803,12.132683,78.057725,Govt of Tamil Nadu - Health Dept,Government of Tamil Nadu,24/7
1562,Su.Valavetti PHC,Primary Health Centre (PHC),Primary Level (PHC Medical Officer & VHN Supervisor),Tiruvannamalai,606806,12.074701,79.132179,Govt of Tamil Nadu - Health Dept,Government of Tamil Nadu,08:00-16:00 (Standard PHC/HSC)
1563,"PHC, Kattuedaiyar",Primary Health Centre (PHC),Primary Level (PHC Medical Officer & VHN Supervisor),Viluppuram,605751,11.849968,79.161756,Govt of Tamil Nadu - Health Dept,Government of Tamil Nadu,08:00-16:00 (Standard PHC/HSC)
1564,Solampattu PHC,Primary Health Centre (PHC),Primary Level (PHC Medical Officer & VHN Supervisor),Viluppuram,606208,11.8459,78.921044,Govt of Tamil Nadu - Health Dept,Government of Tamil Nadu,08:00-16:00 (Standard PHC/HSC)
1565,"Government Hospital, Old Karuvatchi",Government District / Taluk Hospital,District / Secondary Referral Level,Viluppuram,605201,12.073795,79.349002,Govt of Tamil Nadu - Health Dept,Government of Tamil Nadu,24/7
1566,Nagalur PHC,Primary Health Centre (PHC),Primary Level (PHC Medical Officer & VHN Supervisor),Salem,636602,11.824283,78.212595,Govt of Tamil Nadu - Health Dept,Government of Tamil Nadu,08:00-16:00 (Standard PHC/HSC)
1567,Mugaiyur PHC,Primary Health Centre (PHC),Primary Level (PHC Medical Officer & VHN Supervisor),Viluppuram,605755,11.976728,79.306407,Govt of Tamil Nadu - Health Dept,Government of Tamil Nadu,08:00-16:00 (Standard PHC/HSC)
1568,"PHC, Anumandhai",Primary Health Centre (PHC),Primary Level (PHC Medical Officer & VHN Supervisor),Viluppuram,604303,12.127673,79.915921,Govt of Tamil Nadu - Health Dept,Government of Tamil Nadu,08:00-16:00 (Standard PHC/HSC)
1569,Sitling PHC,Primary Health Centre (PHC),Primary Level (PHC Medical Officer & VHN Supervisor),Dharmapuri,636903,11.9111,78.616922,Govt of Tamil Nadu - Health Dept,Government of Tamil Nadu,08:00-16:00 (Standard PHC/HSC)
1570,"PHC, Nallampalli",Primary Health Centre (PHC),Primary Level (PHC Medical Officer & VHN Supervisor),Dharmapuri,636807,12.059552,78.115918,Govt of Tamil Nadu - Health Dept,Government of Tamil Nadu,08:00-16:00 (Standard PHC/HSC)
1571,CHC Kariyalur,Primary Health Centre (PHC),Primary Level (PHC Medical Officer & VHN Supervisor),Viluppuram,606207,11.819883,78.721293,Govt of Tamil Nadu - Health Dept,Government of Tamil Nadu,08:00-16:00 (Standard PHC/HSC)
1572,Sirumadurai Government Hospital,Government District / Taluk Hospital,District / Secondary Referral Level,Viluppuram,607203,11.898579,79.357212,Govt of Tamil Nadu - Health Dept,Government of Tamil Nadu,24/7
1573,Ramaiyanahalli PHC,Primary Health Centre (PHC),Primary Level (PHC Medical Officer & VHN Supervisor),Dharmapuri,635302,12.030907,78.378848,Govt of Tamil Nadu - Health Dept,Government of Tamil Nadu,08:00-16:00 (Standard PHC/HSC)
1574,"Government Hospital, Eduthavainatham",Government District / Taluk Hospital,District / Secondary Referral Level,Viluppuram,606209,11.80695,78.825135,Govt of Tamil Nadu - Health Dept,Government of Tamil Nadu,24/7
1575,Mookkareddipatti PHC,Primary Health Centre (PHC),Primary Level (PHC Medical Officer & VHN Supervisor),Dharmapuri,636904,11.95005,78.41182,Govt of Tamil Nadu - Health Dept,Government of Tamil Nadu,08:00-16:00 (Standard PHC/HSC)
1576,Government Hospital Chinnankuppam,Government District / Taluk Hospital,District / Secondary Referral Level,Dharmapuri,636903,12.011029,78.455322,Govt of Tamil Nadu - Health Dept,Government of Tamil Nadu,24/7
1577,"PHC, Kandamanadi",Primary Health Centre (PHC),Primary Level (PHC Medical Officer & VHN Supervisor),Viluppuram,605401,11.89509,79.473242,Govt of Tamil Nadu - Health Dept,Government of Tamil Nadu,08:00-16:00 (Standard PHC/HSC)
1578,Villupuram PHC,Primary Health Centre (PHC),Primary Level (PHC Medical Officer & VHN Supervisor),Viluppuram,605602,11.941623,79.486298,Govt of Tamil Nadu - Health Dept,Government of Tamil Nadu,08:00-16:00 (Standard PHC/HSC)
1579,Mettur Govt Hospital,Government Health Facility / Clinic,Community Health Post,Salem,636401,11.796003,77.798885,Govt of Tamil Nadu - Health Dept,TN Government,08:00-16:00 (Standard PHC/HSC)
1580,Vettavalam PHC,Primary Health Centre (PHC),Primary Level (PHC Medical Officer & VHN Supervisor),Tiruvannamalai,606754,12.104432,79.241121,Govt of Tamil Nadu - Health Dept,Government of Tamil Nadu,08:00-16:00 (Standard PHC/HSC)
1581,Sankarapuram Government Hospital,Government District / Taluk Hospital,District / Secondary Referral Level,Viluppuram,606401,11.887132,78.914191,Govt of Tamil Nadu - Health Dept,Government of Tamil Nadu,24/7
1582,Manalurpettai Government Hospital,Government District / Taluk Hospital,District / Secondary Referral Level,Viluppuram,605754,12.005436,79.092565,Govt of Tamil Nadu - Health Dept,Government of Tamil Nadu,24/7
1583,Reddiyarpalayam PHC,Primary Health Centre (PHC),Primary Level (PHC Medical Officer & VHN Supervisor),Tiruvannamalai,606708,12.091877,78.784456,Govt of Tamil Nadu - Health Dept,Government of Tamil Nadu,08:00-16:00 (Standard PHC/HSC)
1584,"Government Hospital, Siruvanthadu",Government District / Taluk Hospital,District / Secondary Referral Level,Viluppuram,605105,11.872537,79.58067,Govt of Tamil Nadu - Health Dept,Government of Tamil Nadu,24/7
1585,"PHC, Aavur",Primary Health Centre (PHC),Primary Level (PHC Medical Officer & VHN Supervisor),Tiruvannamalai,606755,12.130699,79.208567,Govt of Tamil Nadu - Health Dept,Government of Tamil Nadu,08:00-16:00 (Standard PHC/HSC)
1586,"PHC, Chinthalpadi",Primary Health Centre (PHC),Primary Level (PHC Medical Officer & VHN Supervisor),Dharmapuri,635302,12.07759,78.355279,Govt of Tamil Nadu - Health Dept,Government of Tamil Nadu,08:00-16:00 (Standard PHC/HSC)
1587,Santhaithanapatti PHC,Primary Health Centre (PHC),Primary Level (PHC Medical Officer & VHN Supervisor),Salem,636404,11.838684,77.875356,Govt of Tamil Nadu - Health Dept,Government of Tamil Nadu,08:00-16:00 (Standard PHC/HSC)
1588,Vilandai PHC,Primary Health Centre (PHC),Primary Level (PHC Medical Officer & VHN Supervisor),Viluppuram,605756,11.983001,79.151443,Govt of Tamil Nadu - Health Dept,Government of Tamil Nadu,08:00-16:00 (Standard PHC/HSC)
1589,Thirukoilur Government Hospital,Government District / Taluk Hospital,District / Secondary Referral Level,Viluppuram,605757,11.96988,79.206253,Govt of Tamil Nadu - Health Dept,Government of Tamil Nadu,24/7
1590,Morappur PHC,Primary Health Centre (PHC),Primary Level (PHC Medical Officer & VHN Supervisor),Dharmapuri,636805,12.12939,78.390455,Govt of Tamil Nadu - Health Dept,Government of Tamil Nadu,08:00-16:00 (Standard PHC/HSC)
1591,Mottampatti PHC,Primary Health Centre (PHC),Primary Level (PHC Medical Officer & VHN Supervisor),Viluppuram,606401,11.918644,78.779164,Govt of Tamil Nadu - Health Dept,Government of Tamil Nadu,08:00-16:00 (Standard PHC/HSC)
1592,Government Hospital Kadaimadai,Government District / Taluk Hospital,District / Secondary Referral Level,Dharmapuri,636810,12.05434,77.936888,Govt of Tamil Nadu - Health Dept,Government of Tamil Nadu,24/7
1593,Mecheri PHC,Primary Health Centre (PHC),Primary Level (PHC Medical Officer & VHN Supervisor),Salem,636453,11.834557,77.945475,Govt of Tamil Nadu - Health Dept,Government of Tamil Nadu,08:00-16:00 (Standard PHC/HSC)
1594,"PHC, Kandamangalam",Primary Health Centre (PHC),Primary Level (PHC Medical Officer & VHN Supervisor),Viluppuram,605102,11.913076,79.692398,Govt of Tamil Nadu - Health Dept,Government of Tamil Nadu,08:00-16:00 (Standard PHC/HSC)
1595,"PHC, Laligam",Primary Health Centre (PHC),Primary Level (PHC Medical Officer & VHN Supervisor),Dharmapuri,636804,12.04457,78.152462,Govt of Tamil Nadu - Health Dept,Government of Tamil Nadu,08:00-16:00 (Standard PHC/HSC)
1596,"Government Hospital, Karumandurai",Government District / Taluk Hospital,District / Secondary Referral Level,Salem,636138,11.822767,78.633832,Govt of Tamil Nadu - Health Dept,Government of Tamil Nadu,24/7
1597,"PHC, Ennayiram",Primary Health Centre (PHC),Primary Level (PHC Medical Officer & VHN Supervisor),Viluppuram,605203,12.117892,79.49097,Govt of Tamil Nadu - Health Dept,Government of Tamil Nadu,08:00-16:00 (Standard PHC/HSC)
1598,"PHC, Kanai",Primary Health Centre (PHC),Primary Level (PHC Medical Officer & VHN Supervisor),Viluppuram,605301,11.95266,79.419084,Govt of Tamil Nadu - Health Dept,Government of Tamil Nadu,08:00-16:00 (Standard PHC/HSC)
1599,Palayampudur PHC,Primary Health Centre (PHC),Primary Level (PHC Medical Officer & VHN Supervisor),Dharmapuri,636807,12.02035,78.098644,Govt of Tamil Nadu - Health Dept,Government of Tamil Nadu,08:00-16:00 (Standard PHC/HSC)
1600,"PHC, Chellamudi",Primary Health Centre (PHC),Primary Level (PHC Medical Officer & VHN Supervisor),Dharmapuri,636810,11.94512,77.839261,Govt of Tamil Nadu - Health Dept,Government of Tamil Nadu,08:00-16:00 (Standard PHC/HSC)
1601,Periathatchur PHC,Primary Health Centre (PHC),Primary Level (PHC Medical Officer & VHN Supervisor),Viluppuram,605651,12.108269,79.534228,Govt of Tamil Nadu - Health Dept,Government of Tamil Nadu,08:00-16:00 (Standard PHC/HSC)
1602,Kalipettai PHC,Primary Health Centre (PHC),Primary Level (PHC Medical Officer & VHN Supervisor),Dharmapuri,636905,11.85431,78.365458,Govt of Tamil Nadu - Health Dept,Government of Tamil Nadu,08:00-16:00 (Standard PHC/HSC)
1603,"PHC, Kedar",Primary Health Centre (PHC),Primary Level (PHC Medical Officer & VHN Supervisor),Viluppuram,605402,12.009892,79.409982,Govt of Tamil Nadu - Health Dept,Government of Tamil Nadu,08:00-16:00 (Standard PHC/HSC)
1604,"Upgraded Primary Health Centre, Theerthamalai",Primary Health Centre (PHC),Primary Level (PHC Medical Officer & VHN Supervisor),Dharmapuri,636906,12.10204,78.59102,Govt of Tamil Nadu - Health Dept,Government of Tamil Nadu,08:00-16:00 (Standard PHC/HSC)
1605,"PHC, Kolathur",Primary Health Centre (PHC),Primary Level (PHC Medical Officer & VHN Supervisor),Salem,636303,11.84952,77.74786,Govt of Tamil Nadu - Health Dept,Government of Tamil Nadu,08:00-16:00 (Standard PHC/HSC)
1606,Seerpanandal PHC,Primary Health Centre (PHC),Primary Level (PHC Medical Officer & VHN Supervisor),Viluppuram,605802,11.97729,79.047075,Govt of Tamil Nadu - Health Dept,Government of Tamil Nadu,08:00-16:00 (Standard PHC/HSC)
1607,Thogaipadi PHC,Primary Health Centre (PHC),Primary Level (PHC Medical Officer & VHN Supervisor),Viluppuram,605301,11.931564,79.447126,Govt of Tamil Nadu - Health Dept,Government of Tamil Nadu,08:00-16:00 (Standard PHC/HSC)
1608,Government Hospital Uppuvellore,Government District / Taluk Hospital,District / Secondary Referral Level,Viluppuram,604154,12.128179,79.791071,Govt of Tamil Nadu - Health Dept,Government of Tamil Nadu,24/7
1609,"Government Hospital, Harur",Government District / Taluk Hospital,District / Secondary Referral Level,Dharmapuri,636903,12.061178,78.475691,Govt of Tamil Nadu - Health Dept,Government of Tamil Nadu,24/7
1610,"PHC, Kottaikuppam",Primary Health Centre (PHC),Primary Level (PHC Medical Officer & VHN Supervisor),Viluppuram,605101,11.97111,79.841556,Govt of Tamil Nadu - Health Dept,Government of Tamil Nadu,08:00-16:00 (Standard PHC/HSC)
1611,Government Hospital,Government District / Taluk Hospital,District / Secondary Referral Level,Erode,638301,11.45112,77.682149,Govt of Tamil Nadu - Health Dept,Government of Tamil Nadu,24/7
1612,Thunery PHC,Primary Health Centre (PHC),Primary Level (PHC Medical Officer & VHN Supervisor),Nilgiris,643402,11.462294,76.754799,Govt of Tamil Nadu - Health Dept,Government of Tamil Nadu,08:00-16:00 (Standard PHC/HSC)
1613,"PHC, Ganapathikurichi",Primary Health Centre (PHC),Primary Level (PHC Medical Officer & VHN Supervisor),Cuddalore,606105,11.415842,79.279477,Govt of Tamil Nadu - Health Dept,Government of Tamil Nadu,08:00-16:00 (Standard PHC/HSC)
1614,"PHC, E.Chettipalayam",Primary Health Centre (PHC),Primary Level (PHC Medical Officer & VHN Supervisor),Erode,638458,11.394051,77.301213,Govt of Tamil Nadu - Health Dept,Government of Tamil Nadu,08:00-16:00 (Standard PHC/HSC)
1615,"Government Hospital, Rasipuram",Government District / Taluk Hospital,District / Secondary Referral Level,Namakkal,637408,11.461299,78.185137,Govt of Tamil Nadu - Health Dept,Government of Tamil Nadu,24/7
1616,"Tholudur, Government Hospital",Government District / Taluk Hospital,District / Secondary Referral Level,Cuddalore,606303,11.412136,78.99226,Govt of Tamil Nadu - Health Dept,Government of Tamil Nadu,24/7
1617,Bhavani UPHC,Urban Primary Health Centre (UPHC),Urban Primary Level (USHA Base),Erode,638301,11.443679,77.681535,Govt of Tamil Nadu - Health Dept,Government of Tamil Nadu,08:00-16:00 (Standard PHC/HSC)
1618,Government Hospital Gudalur,Government District / Taluk Hospital,District / Secondary Referral Level,Nilgiris,643212,11.493248,76.49974,Govt of Tamil Nadu - Health Dept,Government of Tamil Nadu,24/7
1619,"Edapalli, Government Hospital",Government District / Taluk Hospital,District / Secondary Referral Level,Nilgiris,643104,11.380027,76.809139,Govt of Tamil Nadu - Health Dept,Government of Tamil Nadu,24/7
1620,Government General Hospital Parangipettai,Government Health Facility / Clinic,Community Health Post,Cuddalore,608601,11.490274,79.757109,Govt of Tamil Nadu - Health Dept,Government of Tamil Nadu,08:00-16:00 (Standard PHC/HSC)
1621,Uthagamandalem PHC,Primary Health Centre (PHC),Primary Level (PHC Medical Officer & VHN Supervisor),Nilgiris,643001,11.405399,76.696798,Govt of Tamil Nadu - Health Dept,Government of Tamil Nadu,08:00-16:00 (Standard PHC/HSC)
1622,Vilagam PHC,Primary Health Centre (PHC),Primary Level (PHC Medical Officer & VHN Supervisor),Cuddalore,608305,11.37905,79.581228,Govt of Tamil Nadu - Health Dept,Government of Tamil Nadu,08:00-16:00 (Standard PHC/HSC)
1623,Periyapuliyur PHC,Primary Health Centre (PHC),Primary Level (PHC Medical Officer & VHN Supervisor),Erode,638102,11.40205,77.637328,Govt of Tamil Nadu - Health Dept,Government of Tamil Nadu,08:00-16:00 (Standard PHC/HSC)
1624,Pillanallur CHC,Primary Health Centre (PHC),Primary Level (PHC Medical Officer & VHN Supervisor),Namakkal,637403,11.432356,78.129115,Govt of Tamil Nadu - Health Dept,Government of Tamil Nadu,"PH,Mo-Su 00:00-12:00+"
1625,Thummanatty PHC,Primary Health Centre (PHC),Primary Level (PHC Medical Officer & VHN Supervisor),Nilgiris,643202,11.426865,76.753608,Govt of Tamil Nadu - Health Dept,Government of Tamil Nadu,08:00-16:00 (Standard PHC/HSC)
1626,"PHC, Kammapuram",Primary Health Centre (PHC),Primary Level (PHC Medical Officer & VHN Supervisor),Cuddalore,606103,11.47656,79.423211,Govt of Tamil Nadu - Health Dept,Government of Tamil Nadu,08:00-16:00 (Standard PHC/HSC)
1627,Srimushnam PHC,Primary Health Centre (PHC),Primary Level (PHC Medical Officer & VHN Supervisor),Cuddalore,608703,11.399816,79.408884,Govt of Tamil Nadu - Health Dept,Government of Tamil Nadu,08:00-16:00 (Standard PHC/HSC)
1628,"PHC, Chinnagoundanur",Primary Health Centre (PHC),Primary Level (PHC Medical Officer & VHN Supervisor),Salem,637303,11.469111,77.829301,Govt of Tamil Nadu - Health Dept,Government of Tamil Nadu,08:00-16:00 (Standard PHC/HSC)
1629,Seetharampalayam PHC,Primary Health Centre (PHC),Primary Level (PHC Medical Officer & VHN Supervisor),Namakkal,637209,11.390472,77.891991,Govt of Tamil Nadu - Health Dept,Government of Tamil Nadu,08:00-16:00 (Standard PHC/HSC)
1630,"PHC, Ayalur",Primary Health Centre (PHC),Primary Level (PHC Medical Officer & VHN Supervisor),Erode,638453,11.410356,77.387586,Govt of Tamil Nadu - Health Dept,Government of Tamil Nadu,08:00-16:00 (Standard PHC/HSC)
1631,Puduchatram PHC,Primary Health Centre (PHC),Primary Level (PHC Medical Officer & VHN Supervisor),Namakkal,637018,11.389955,78.160471,Govt of Tamil Nadu - Health Dept,Government of Tamil Nadu,"Mo-Su,PH 00:00-12:00"
1632,"PHC, Kallankulam",Primary Health Centre (PHC),Primary Level (PHC Medical Officer & VHN Supervisor),Namakkal,637407,11.490598,78.197439,Govt of Tamil Nadu - Health Dept,Government of Tamil Nadu,08:00-16:00 (Standard PHC/HSC)
1633,"PHC, Elandaikuttai",Primary Health Centre (PHC),Primary Level (PHC Medical Officer & VHN Supervisor),Namakkal,638008,11.408407,77.777884,Govt of Tamil Nadu - Health Dept,Government of Tamil Nadu,08:00-16:00 (Standard PHC/HSC)
1634,Thammampatti PHC,Primary Health Centre (PHC),Primary Level (PHC Medical Officer & VHN Supervisor),Salem,636113,11.44011,78.485504,Govt of Tamil Nadu - Health Dept,Government of Tamil Nadu,08:00-16:00 (Standard PHC/HSC)
1635,"PHC, Krishnapuram",Primary Health Centre (PHC),Primary Level (PHC Medical Officer & VHN Supervisor),Cuddalore,608704,11.487153,79.611031,Govt of Tamil Nadu - Health Dept,Government of Tamil Nadu,08:00-16:00 (Standard PHC/HSC)
1636,Sethiathoppu PHC,Primary Health Centre (PHC),Primary Level (PHC Medical Officer & VHN Supervisor),Cuddalore,608702,11.433318,79.544621,Govt of Tamil Nadu - Health Dept,Government of Tamil Nadu,08:00-16:00 (Standard PHC/HSC)
1637,"PHC, Kallankattuvalasu",Primary Health Centre (PHC),Primary Level (PHC Medical Officer & VHN Supervisor),Namakkal,638182,11.42854,77.734223,Govt of Tamil Nadu - Health Dept,Government of Tamil Nadu,08:00-16:00 (Standard PHC/HSC)
1638,"Government Hospital, Chakkarapani",Government District / Taluk Hospital,District / Secondary Referral Level,Cuddalore,606106,11.401291,79.122836,Govt of Tamil Nadu - Health Dept,Government of Tamil Nadu,24/7
1639,"Government Hospital, Kavandapadi",Government District / Taluk Hospital,District / Secondary Referral Level,Erode,638455,11.43134,77.558062,Govt of Tamil Nadu - Health Dept,Government of Tamil Nadu,24/7
1640,"PHC, Kugalur",Primary Health Centre (PHC),Primary Level (PHC Medical Officer & VHN Supervisor),Erode,638476,11.470002,77.499132,Govt of Tamil Nadu - Health Dept,Government of Tamil Nadu,08:00-16:00 (Standard PHC/HSC)
1641,"PHC, Karuvepilankurichi",Primary Health Centre (PHC),Primary Level (PHC Medical Officer & VHN Supervisor),Cuddalore,606110,11.466331,79.323536,Govt of Tamil Nadu - Health Dept,Government of Tamil Nadu,08:00-16:00 (Standard PHC/HSC)
1642,Palamedu PHC,Primary Health Centre (PHC),Primary Level (PHC Medical Officer & VHN Supervisor),Namakkal,637503,11.44878,78.055897,Govt of Tamil Nadu - Health Dept,Government of Tamil Nadu,08:00-16:00 (Standard PHC/HSC)
1643,"PHC, Chitthode",Primary Health Centre (PHC),Primary Level (PHC Medical Officer & VHN Supervisor),Erode,638102,11.39598,77.656185,Govt of Tamil Nadu - Health Dept,Government of Tamil Nadu,08:00-16:00 (Standard PHC/HSC)
1644,Odathurai PHC,Primary Health Centre (PHC),Primary Level (PHC Medical Officer & VHN Supervisor),Erode,638455,11.459927,77.512021,Govt of Tamil Nadu - Health Dept,Government of Tamil Nadu,08:00-16:00 (Standard PHC/HSC)
1645,"Tholar, Government Hospital",Government District / Taluk Hospital,District / Secondary Referral Level,Cuddalore,606111,11.414244,79.201414,Govt of Tamil Nadu - Health Dept,Government of Tamil Nadu,24/7
1646,"PHC, Labbaikudikadu",Primary Health Centre (PHC),Primary Level (PHC Medical Officer & VHN Supervisor),Perambalur,621108,11.390144,79.032449,Govt of Tamil Nadu - Health Dept,Government of Tamil Nadu,08:00-16:00 (Standard PHC/HSC)
1647,Thedavur PHC,Primary Health Centre (PHC),Primary Level (PHC Medical Officer & VHN Supervisor),Salem,636101,11.495384,78.698278,Govt of Tamil Nadu - Health Dept,Government of Tamil Nadu,08:00-16:00 (Standard PHC/HSC)
1648,"Government Hospital, Bhuvanagiri",Government District / Taluk Hospital,District / Secondary Referral Level,Cuddalore,608601,11.44108,79.644619,Govt of Tamil Nadu - Health Dept,Government of Tamil Nadu,24/7
1649,"PHC, Belukurichi",Primary Health Centre (PHC),Primary Level (PHC Medical Officer & VHN Supervisor),Namakkal,637402,11.386753,78.250485,Govt of Tamil Nadu - Health Dept,Government of Tamil Nadu,08:00-16:00 (Standard PHC/HSC)
1650,"PHC, Killai",Primary Health Centre (PHC),Primary Level (PHC Medical Officer & VHN Supervisor),Cuddalore,608102,11.454851,79.771903,Govt of Tamil Nadu - Health Dept,Government of Tamil Nadu,08:00-16:00 (Standard PHC/HSC)
1651,"PHC, Mallasamudram",Primary Health Centre (PHC),Primary Level (PHC Medical Officer & VHN Supervisor),Namakkal,637503,11.487244,78.031087,Govt of Tamil Nadu - Health Dept,Government of Tamil Nadu,08:00-16:00 (Standard PHC/HSC)
1652,Pennadam CHC,Primary Health Centre (PHC),Primary Level (PHC Medical Officer & VHN Supervisor),Cuddalore,606105,11.406959,79.240811,Govt of Tamil Nadu - Health Dept,Government of Tamil Nadu,08:00-16:00 (Standard PHC/HSC)
1653,Sendarapatti PHC,Primary Health Centre (PHC),Primary Level (PHC Medical Officer & VHN Supervisor),Salem,636110,11.438484,78.522114,Govt of Tamil Nadu - Health Dept,Government of Tamil Nadu,08:00-16:00 (Standard PHC/HSC)
1654,Pandalur Government Hospital,Government District / Taluk Hospital,District / Secondary Referral Level,Nilgiris,643233,11.485079,76.338188,Govt of Tamil Nadu - Health Dept,Government of Tamil Nadu,24/7
1655,"PHC, E.Keeranur",Primary Health Centre (PHC),Primary Level (PHC Medical Officer & VHN Supervisor),Cuddalore,606106,11.40131,79.123057,Govt of Tamil Nadu - Health Dept,Government of Tamil Nadu,08:00-16:00 (Standard PHC/HSC)
1656,Tho.Jedarpalayam PHC,Primary Health Centre (PHC),Primary Level (PHC Medical Officer & VHN Supervisor),Namakkal,637404,11.43211,78.253767,Govt of Tamil Nadu - Health Dept,Government of Tamil Nadu,08:00-16:00 (Standard PHC/HSC)
1657,"PHC, Arumbavur",Primary Health Centre (PHC),Primary Level (PHC Medical Officer & VHN Supervisor),Perambalur,621103,11.376779,78.736656,Govt of Tamil Nadu - Health Dept,Government of Tamil Nadu,08:00-16:00 (Standard PHC/HSC)
1658,Orathur CHC,Primary Health Centre (PHC),Primary Level (PHC Medical Officer & VHN Supervisor),Cuddalore,608201,11.425437,79.582221,Govt of Tamil Nadu - Health Dept,Government of Tamil Nadu,08:00-16:00 (Standard PHC/HSC)
1659,Padaveedu PHC,Primary Health Centre (PHC),Primary Level (PHC Medical Officer & VHN Supervisor),Namakkal,637803,11.45243,77.817952,Govt of Tamil Nadu - Health Dept,Government of Tamil Nadu,08:00-16:00 (Standard PHC/HSC)
1660,"PHC, B.Mutlur",Primary Health Centre (PHC),Primary Level (PHC Medical Officer & VHN Supervisor),Cuddalore,608501,11.467242,79.706064,Govt of Tamil Nadu - Health Dept,Government of Tamil Nadu,08:00-16:00 (Standard PHC/HSC)
1661,"PHC, Karmangudi",Primary Health Centre (PHC),Primary Level (PHC Medical Officer & VHN Supervisor),Cuddalore,606103,11.464562,79.346059,Govt of Tamil Nadu - Health Dept,Government of Tamil Nadu,08:00-16:00 (Standard PHC/HSC)
1662,"Government Hospital, Ukkaram",Government District / Taluk Hospital,District / Secondary Referral Level,Erode,638452,11.415644,77.235046,Govt of Tamil Nadu - Health Dept,Government of Tamil Nadu,24/7
1663,Thimmaravuthampatti PHC,Primary Health Centre (PHC),Primary Level (PHC Medical Officer & VHN Supervisor),Namakkal,637202,11.376226,77.958286,Govt of Tamil Nadu - Health Dept,Government of Tamil Nadu,08:00-16:00 (Standard PHC/HSC)
1664,"PHC, Goodamalai",Primary Health Centre (PHC),Primary Level (PHC Medical Officer & VHN Supervisor),Salem,636105,11.458528,78.583996,Govt of Tamil Nadu - Health Dept,Government of Tamil Nadu,08:00-16:00 (Standard PHC/HSC)
1665,Vaiyappamalai PHC,Primary Health Centre (PHC),Primary Level (PHC Medical Officer & VHN Supervisor),Namakkal,637410,11.412269,78.079397,Govt of Tamil Nadu - Health Dept,Government of Tamil Nadu,"PH,Mo-Su 00:00-24:00"
1666,"Government Hospital, Namagiripettai",Government District / Taluk Hospital,District / Secondary Referral Level,Namakkal,637406,11.456948,78.265263,Govt of Tamil Nadu - Health Dept,Government of Tamil Nadu,24/7
1667,Sholurmattam PHC,Primary Health Centre (PHC),Primary Level (PHC Medical Officer & VHN Supervisor),Nilgiris,643216,11.439602,76.950331,Govt of Tamil Nadu - Health Dept,Government of Tamil Nadu,08:00-16:00 (Standard PHC/HSC)
1668,"PHC, Elachipalayam",Primary Health Centre (PHC),Primary Level (PHC Medical Officer & VHN Supervisor),Namakkal,637202,11.382328,78.012187,Govt of Tamil Nadu - Health Dept,Government of Tamil Nadu,08:00-16:00 (Standard PHC/HSC)
1669,Veeraganur PHC,Primary Health Centre (PHC),Primary Level (PHC Medical Officer & VHN Supervisor),Salem,636116,11.485779,78.733569,Govt of Tamil Nadu - Health Dept,Government of Tamil Nadu,08:00-16:00 (Standard PHC/HSC)
1670,"UPHC, Chidambaram",Urban Primary Health Centre (UPHC),Urban Primary Level (USHA Base),Cuddalore,608001,11.405516,79.690837,Govt of Tamil Nadu - Health Dept,Government of Tamil Nadu,08:00-16:00 (Standard PHC/HSC)
1671,"Pasumbalur, PHC",Primary Health Centre (PHC),Primary Level (PHC Medical Officer & VHN Supervisor),Perambalur,621117,11.434791,78.884281,Govt of Tamil Nadu - Health Dept,Government of Tamil Nadu,08:00-16:00 (Standard PHC/HSC)
1672,"Government Hospital, Kookkalthorsai",Government District / Taluk Hospital,District / Secondary Referral Level,Nilgiris,643206,11.481277,76.821738,Govt of Tamil Nadu - Health Dept,Government of Tamil Nadu,24/7
1673,"Primary Health Centre, Barwood",Primary Health Centre (PHC),Primary Level (PHC Medical Officer & VHN Supervisor),Nilgiris,643237,11.430586,76.490621,Govt of Tamil Nadu - Health Dept,Government of Tamil Nadu,08:00-16:00 (Standard PHC/HSC)
1674,"Government Hospital, Kothagiri",Government District / Taluk Hospital,District / Secondary Referral Level,Nilgiris,643217,11.421278,76.861296,Govt of Tamil Nadu - Health Dept,Government of Tamil Nadu,24/7
1675,Government Hospital Vadugai,Government District / Taluk Hospital,District / Secondary Referral Level,Salem,637301,11.465497,77.92506,Govt of Tamil Nadu - Health Dept,Government of Tamil Nadu,24/7
1676,Singalandapuram PHC,Primary Health Centre (PHC),Primary Level (PHC Medical Officer & VHN Supervisor),Namakkal,637412,11.417615,78.224185,Govt of Tamil Nadu - Health Dept,Government of Tamil Nadu,"PH,Mo-Su 00:00-24:00"
1677,Vinnapalli PHC,Primary Health Centre (PHC),Primary Level (PHC Medical Officer & VHN Supervisor),Erode,638402,11.41295,77.1935,Govt of Tamil Nadu - Health Dept,Government of Tamil Nadu,08:00-16:00 (Standard PHC/HSC)
1678,Mullukurichi PHC,Primary Health Centre (PHC),Primary Level (PHC Medical Officer & VHN Supervisor),Namakkal,636142,11.445596,78.395418,Govt of Tamil Nadu - Health Dept,Government of Tamil Nadu,08:00-16:00 (Standard PHC/HSC)
1679,PHC Athiyur,Primary Health Centre (PHC),Primary Level (PHC Medical Officer & VHN Supervisor),Perambalur,621108,11.393892,79.086742,Govt of Tamil Nadu - Health Dept,Government of Tamil Nadu,08:00-16:00 (Standard PHC/HSC)
1680,"PHC, Kodanadu",Primary Health Centre (PHC),Primary Level (PHC Medical Officer & VHN Supervisor),Nilgiris,643217,11.49536,76.901385,Govt of Tamil Nadu - Health Dept,Government of Tamil Nadu,08:00-16:00 (Standard PHC/HSC)
1681,Poolambadi CHC,Primary Health Centre (PHC),Primary Level (PHC Medical Officer & VHN Supervisor),Perambalur,621110,11.411615,78.708671,Govt of Tamil Nadu - Health Dept,Government of Tamil Nadu,08:00-16:00 (Standard PHC/HSC)
1682,"Government Hospital, Komarapalayam",Government District / Taluk Hospital,District / Secondary Referral Level,Namakkal,638183,11.443583,77.694637,Govt of Tamil Nadu - Health Dept,Government of Tamil Nadu,24/7
1683,"Government Hospital, Krishnapuram",Government District / Taluk Hospital,District / Secondary Referral Level,Perambalur,621103,11.386431,78.788207,Govt of Tamil Nadu - Health Dept,Government of Tamil Nadu,24/7
1684,V.Kalathur PHC,Primary Health Centre (PHC),Primary Level (PHC Medical Officer & VHN Supervisor),Perambalur,621117,11.405963,78.92017,Govt of Tamil Nadu - Health Dept,Government of Tamil Nadu,08:00-16:00 (Standard PHC/HSC)
1685,Ramapuram PHC,Primary Health Centre (PHC),Primary Level (PHC Medical Officer & VHN Supervisor),Namakkal,637202,11.437364,78.005711,Govt of Tamil Nadu - Health Dept,Government of Tamil Nadu,08:00-16:00 (Standard PHC/HSC)
1686,"PHC, Kavarappattu",Primary Health Centre (PHC),Primary Level (PHC Medical Officer & VHN Supervisor),Cuddalore,608001,11.379318,79.746646,Govt of Tamil Nadu - Health Dept,Government of Tamil Nadu,08:00-16:00 (Standard PHC/HSC)
1687,"Mattuvelampatti, PHC",Primary Health Centre (PHC),Primary Level (PHC Medical Officer & VHN Supervisor),Namakkal,637505,11.482251,78.103146,Govt of Tamil Nadu - Health Dept,Government of Tamil Nadu,08:00-16:00 (Standard PHC/HSC)
1688,Srineduncheri PHC,Primary Health Centre (PHC),Primary Level (PHC Medical Officer & VHN Supervisor),Cuddalore,608702,11.405126,79.446734,Govt of Tamil Nadu - Health Dept,Government of Tamil Nadu,08:00-16:00 (Standard PHC/HSC)
1689,"UPHC, Komarapalayam",Urban Primary Health Centre (UPHC),Urban Primary Level (USHA Base),Namakkal,638183,11.43395,77.695008,Govt of Tamil Nadu - Health Dept,Government of Tamil Nadu,08:00-16:00 (Standard PHC/HSC)
1690,Tiruchengode Government Hospital,Government District / Taluk Hospital,District / Secondary Referral Level,Namakkal,637211,11.37645,77.89426,Govt of Tamil Nadu - Health Dept,Government of Tamil Nadu,24/7
1691,Suriyampalayam PHC,Primary Health Centre (PHC),Primary Level (PHC Medical Officer & VHN Supervisor),Erode,638005,11.4,77.685444,Govt of Tamil Nadu - Health Dept,Government of Tamil Nadu,08:00-16:00 (Standard PHC/HSC)
1692,"PHC, Jambai",Primary Health Centre (PHC),Primary Level (PHC Medical Officer & VHN Supervisor),Erode,638312,11.471282,77.642085,Govt of Tamil Nadu - Health Dept,Government of Tamil Nadu,08:00-16:00 (Standard PHC/HSC)
1693,"PHC, Kattabettu",Primary Health Centre (PHC),Primary Level (PHC Medical Officer & VHN Supervisor),Nilgiris,643214,11.421118,76.804849,Govt of Tamil Nadu - Health Dept,Government of Tamil Nadu,08:00-16:00 (Standard PHC/HSC)
1694,Koratti PHC,Primary Health Centre (PHC),Primary Level (PHC Medical Officer & VHN Supervisor),Vellore,635602,12.423071,78.558276,Govt of Tamil Nadu - Health Dept,Government of Tamil Nadu,08:00-16:00 (Standard PHC/HSC)
1695,"PHC, D.Thurinjippatti",Primary Health Centre (PHC),Primary Level (PHC Medical Officer & VHN Supervisor),Dharmapuri,636705,12.18416,78.257705,Govt of Tamil Nadu - Health Dept,Government of Tamil Nadu,08:00-16:00 (Standard PHC/HSC)
1696,"PHC, Dhadhapuram",Primary Health Centre (PHC),Primary Level (PHC Medical Officer & VHN Supervisor),Viluppuram,604207,12.34406,79.617149,Govt of Tamil Nadu - Health Dept,Government of Tamil Nadu,08:00-16:00 (Standard PHC/HSC)
1697,Melpallipattu PHC,Primary Health Centre (PHC),Primary Level (PHC Medical Officer & VHN Supervisor),Tiruvannamalai,606703,12.268398,78.74267,Govt of Tamil Nadu - Health Dept,Government of Tamil Nadu,08:00-16:00 (Standard PHC/HSC)
1698,"PHC, Kolathur",Primary Health Centre (PHC),Primary Level (PHC Medical Officer & VHN Supervisor),Tiruvannamalai,606755,12.17243,79.199539,Govt of Tamil Nadu - Health Dept,Government of Tamil Nadu,08:00-16:00 (Standard PHC/HSC)
1699,Vellimedupettai PHC,Primary Health Centre (PHC),Primary Level (PHC Medical Officer & VHN Supervisor),Viluppuram,604207,12.340225,79.585192,Govt of Tamil Nadu - Health Dept,Government of Tamil Nadu,08:00-16:00 (Standard PHC/HSC)
1700,Solakkottai PHC,Primary Health Centre (PHC),Primary Level (PHC Medical Officer & VHN Supervisor),Dharmapuri,636809,12.14612,78.227574,Govt of Tamil Nadu - Health Dept,Government of Tamil Nadu,08:00-16:00 (Standard PHC/HSC)
1701,"PHC, Kilpennathur",Primary Health Centre (PHC),Primary Level (PHC Medical Officer & VHN Supervisor),Tiruvannamalai,604601,12.249899,79.219478,Govt of Tamil Nadu - Health Dept,Government of Tamil Nadu,08:00-16:00 (Standard PHC/HSC)
1702,"PHC, Koothadipatti",Primary Health Centre (PHC),Primary Level (PHC Medical Officer & VHN Supervisor),Dharmapuri,606902,12.142307,78.515484,Govt of Tamil Nadu - Health Dept,Government of Tamil Nadu,08:00-16:00 (Standard PHC/HSC)
1703,"PHC, Jagadevi",Primary Health Centre (PHC),Primary Level (PHC Medical Officer & VHN Supervisor),Krishnagiri,635203,12.48629,78.316622,Govt of Tamil Nadu - Health Dept,Government of Tamil Nadu,08:00-16:00 (Standard PHC/HSC)
1704,Tindivanam Government Hospital,Government District / Taluk Hospital,District / Secondary Referral Level,Viluppuram,604001,12.240776,79.651485,Govt of Tamil Nadu - Health Dept,Government of Tamil Nadu,24/7
1705,Orathy PHC,Primary Health Centre (PHC),Primary Level (PHC Medical Officer & VHN Supervisor),Chengalpattu,603307,12.38435,79.690397,Govt of Tamil Nadu - Health Dept,Government of Tamil Nadu,08:00-16:00 (Standard PHC/HSC)
1706,"Government Hospital, Chengam",Government District / Taluk Hospital,District / Secondary Referral Level,Tiruvannamalai,606701,12.30548,78.795953,Govt of Tamil Nadu - Health Dept,Government of Tamil Nadu,24/7
1707,"PHC, Nedungal",Primary Health Centre (PHC),Primary Level (PHC Medical Officer & VHN Supervisor),Krishnagiri,635112,12.375117,78.259327,Govt of Tamil Nadu - Health Dept,Government of Tamil Nadu,08:00-16:00 (Standard PHC/HSC)
1708,Sathyamangalam PHC,Primary Health Centre (PHC),Primary Level (PHC Medical Officer & VHN Supervisor),Viluppuram,604153,12.240766,79.308411,Govt of Tamil Nadu - Health Dept,Government of Tamil Nadu,08:00-16:00 (Standard PHC/HSC)
1709,Pannandur PHC,Primary Health Centre (PHC),Primary Level (PHC Medical Officer & VHN Supervisor),Krishnagiri,635123,12.299258,78.279826,Govt of Tamil Nadu - Health Dept,Government of Tamil Nadu,08:00-16:00 (Standard PHC/HSC)
1710,Osur PHC,Primary Health Centre (PHC),Primary Level (PHC Medical Officer & VHN Supervisor),Tiruvannamalai,604408,12.440267,79.659274,Govt of Tamil Nadu - Health Dept,Government of Tamil Nadu,08:00-16:00 (Standard PHC/HSC)
1711,Murukkeri PHC,Primary Health Centre (PHC),Primary Level (PHC Medical Officer & VHN Supervisor),Viluppuram,604301,12.205715,79.846428,Govt of Tamil Nadu - Health Dept,Government of Tamil Nadu,08:00-16:00 (Standard PHC/HSC)
1712,"PHC, Anchetty",Primary Health Centre (PHC),Primary Level (PHC Medical Officer & VHN Supervisor),Krishnagiri,635102,12.35986,77.724336,Govt of Tamil Nadu - Health Dept,Government of Tamil Nadu,08:00-16:00 (Standard PHC/HSC)
1713,Mannampoondi PHC,Primary Health Centre (PHC),Primary Level (PHC Medical Officer & VHN Supervisor),Viluppuram,604207,12.286102,79.558769,Govt of Tamil Nadu - Health Dept,Government of Tamil Nadu,08:00-16:00 (Standard PHC/HSC)
1714,Unichetty PHC,Primary Health Centre (PHC),Primary Level (PHC Medical Officer & VHN Supervisor),Krishnagiri,635107,12.437112,77.849741,Govt of Tamil Nadu - Health Dept,Government of Tamil Nadu,08:00-16:00 (Standard PHC/HSC)
1715,"PHC, Bramadesam",Primary Health Centre (PHC),Primary Level (PHC Medical Officer & VHN Supervisor),Viluppuram,604301,12.200862,79.781172,Govt of Tamil Nadu - Health Dept,Government of Tamil Nadu,08:00-16:00 (Standard PHC/HSC)
1716,"PHC, Karapattu",Primary Health Centre (PHC),Primary Level (PHC Medical Officer & VHN Supervisor),Krishnagiri,635207,12.358136,78.538004,Govt of Tamil Nadu - Health Dept,Government of Tamil Nadu,08:00-16:00 (Standard PHC/HSC)
1717,Kallikulam PHC,Primary Health Centre (PHC),Primary Level (PHC Medical Officer & VHN Supervisor),Tiruvannamalai,604601,12.275305,79.183709,Govt of Tamil Nadu - Health Dept,Government of Tamil Nadu,08:00-16:00 (Standard PHC/HSC)
1718,"PHC, Kakkankarai",Primary Health Centre (PHC),Primary Level (PHC Medical Officer & VHN Supervisor),Vellore,635654,12.424354,78.472287,Govt of Tamil Nadu - Health Dept,Government of Tamil Nadu,08:00-16:00 (Standard PHC/HSC)
1719,Pulianthope PHC,Primary Health Centre (PHC),Primary Level (PHC Medical Officer & VHN Supervisor),Chennai,600012,12.214061,78.119569,Govt of Tamil Nadu - Health Dept,Government of Tamil Nadu,08:00-16:00 (Standard PHC/HSC)
1720,Muppuli PHC,Primary Health Centre (PHC),Primary Level (PHC Medical Officer & VHN Supervisor),Viluppuram,604302,12.19246,79.588504,Govt of Tamil Nadu - Health Dept,Government of Tamil Nadu,08:00-16:00 (Standard PHC/HSC)
1721,Periakayapakkam PHC,Primary Health Centre (PHC),Primary Level (PHC Medical Officer & VHN Supervisor),Chengalpattu,603301,12.349167,79.857579,Govt of Tamil Nadu - Health Dept,Government of Tamil Nadu,08:00-16:00 (Standard PHC/HSC)
1722,Viranamur PHC,Primary Health Centre (PHC),Primary Level (PHC Medical Officer & VHN Supervisor),Viluppuram,604203,12.335095,79.510274,Govt of Tamil Nadu - Health Dept,Government of Tamil Nadu,08:00-16:00 (Standard PHC/HSC)
1723,Melsithamur CHC,Primary Health Centre (PHC),Primary Level (PHC Medical Officer & VHN Supervisor),Viluppuram,604206,12.25966,79.515345,Govt of Tamil Nadu - Health Dept,Government of Tamil Nadu,08:00-16:00 (Standard PHC/HSC)
1724,"PHC, Nallamur",Primary Health Centre (PHC),Primary Level (PHC Medical Officer & VHN Supervisor),Chengalpattu,603313,12.40622,79.915788,Govt of Tamil Nadu - Health Dept,Government of Tamil Nadu,08:00-16:00 (Standard PHC/HSC)
1725,Mangalam CHC,Primary Health Centre (PHC),Primary Level (PHC Medical Officer & VHN Supervisor),Tiruvannamalai,606752,12.3276,79.17519,Govt of Tamil Nadu - Health Dept,Government of Tamil Nadu,08:00-16:00 (Standard PHC/HSC)
1726,Gajalnaickanpatti PHC,Primary Health Centre (PHC),Primary Level (PHC Medical Officer & VHN Supervisor),Vellore,635901,12.48369,78.459215,Govt of Tamil Nadu - Health Dept,Government of Tamil Nadu,08:00-16:00 (Standard PHC/HSC)
1727,Periyanahalli PHC,Primary Health Centre (PHC),Primary Level (PHC Medical Officer & VHN Supervisor),Dharmapuri,635205,12.253655,78.193579,Govt of Tamil Nadu - Health Dept,Government of Tamil Nadu,08:00-16:00 (Standard PHC/HSC)
1728,"PHC, Kunnagampundi",Primary Health Centre (PHC),Primary Level (PHC Medical Officer & VHN Supervisor),Tiruvannamalai,604501,12.39907,79.480145,Govt of Tamil Nadu - Health Dept,Government of Tamil Nadu,08:00-16:00 (Standard PHC/HSC)
1729,"PHC, Chennasamudram",Primary Health Centre (PHC),Primary Level (PHC Medical Officer & VHN Supervisor),Tiruvannamalai,606701,12.310574,78.74864,Govt of Tamil Nadu - Health Dept,Government of Tamil Nadu,08:00-16:00 (Standard PHC/HSC)
1730,Ramapuram PHC,Primary Health Centre (PHC),Primary Level (PHC Medical Officer & VHN Supervisor),Chengalpattu,603201,12.46952,79.751819,Govt of Tamil Nadu - Health Dept,Government of Tamil Nadu,08:00-16:00 (Standard PHC/HSC)
1731,"PHC, Kallavai",Primary Health Centre (PHC),Primary Level (PHC Medical Officer & VHN Supervisor),Krishnagiri,635304,12.24934,78.438769,Govt of Tamil Nadu - Health Dept,Government of Tamil Nadu,08:00-16:00 (Standard PHC/HSC)
1732,Santhur PHC,Primary Health Centre (PHC),Primary Level (PHC Medical Officer & VHN Supervisor),Krishnagiri,635206,12.38785,78.337453,Govt of Tamil Nadu - Health Dept,Government of Tamil Nadu,08:00-16:00 (Standard PHC/HSC)
1733,Government Hospital Panchapalli,Government District / Taluk Hospital,District / Secondary Referral Level,Dharmapuri,636808,12.458796,77.942995,Govt of Tamil Nadu - Health Dept,Government of Tamil Nadu,24/7
1734,"Government Hospital, Barur",Government District / Taluk Hospital,District / Secondary Referral Level,Krishnagiri,635201,12.307858,78.30649,Govt of Tamil Nadu - Health Dept,Government of Tamil Nadu,24/7
1735,Perampattu PHC,Primary Health Centre (PHC),Primary Level (PHC Medical Officer & VHN Supervisor),Vellore,635652,12.38112,78.58999,Govt of Tamil Nadu - Health Dept,Government of Tamil Nadu,08:00-16:00 (Standard PHC/HSC)
1736,Olakkur PHC,Primary Health Centre (PHC),Primary Level (PHC Medical Officer & VHN Supervisor),Viluppuram,604305,12.30359,79.72092,Govt of Tamil Nadu - Health Dept,Government of Tamil Nadu,08:00-16:00 (Standard PHC/HSC)
1737,Pavanjur CHC,Primary Health Centre (PHC),Primary Level (PHC Medical Officer & VHN Supervisor),Chengalpattu,603312,12.4462,80.006535,Govt of Tamil Nadu - Health Dept,Government of Tamil Nadu,08:00-16:00 (Standard PHC/HSC)
1738,Sorakulathur PHC,Primary Health Centre (PHC),Primary Level (PHC Medical Officer & VHN Supervisor),Tiruvannamalai,606802,12.36858,79.123771,Govt of Tamil Nadu - Health Dept,Government of Tamil Nadu,08:00-16:00 (Standard PHC/HSC)
1739,Melpennathur PHC,Primary Health Centre (PHC),Primary Level (PHC Medical Officer & VHN Supervisor),Tiruvannamalai,606704,12.27217,78.892841,Govt of Tamil Nadu - Health Dept,Government of Tamil Nadu,08:00-16:00 (Standard PHC/HSC)
1740,"PHC, Desur",Primary Health Centre (PHC),Primary Level (PHC Medical Officer & VHN Supervisor),Tiruvannamalai,604501,12.439309,79.484218,Govt of Tamil Nadu - Health Dept,Government of Tamil Nadu,08:00-16:00 (Standard PHC/HSC)
1741,Government Tiruvannamalai Medical College and Hospital,Government Health Facility / Clinic,Community Health Post,Tiruvannamalai,606601,12.22594,79.066074,Govt of Tamil Nadu - Health Dept,Government of Tamil Nadu,08:00-16:00 (Standard PHC/HSC)
1742,"Government Hospital, Keezh Mambattu",Government District / Taluk Hospital,District / Secondary Referral Level,Viluppuram,605651,12.18217,79.484264,Govt of Tamil Nadu - Health Dept,Government of Tamil Nadu,24/7
1743,"PHC, Avalurpet",Primary Health Centre (PHC),Primary Level (PHC Medical Officer & VHN Supervisor),Viluppuram,604201,12.342425,79.245557,Govt of Tamil Nadu - Health Dept,Government of Tamil Nadu,08:00-16:00 (Standard PHC/HSC)
1744,"PHC, Chunampet",Primary Health Centre (PHC),Primary Level (PHC Medical Officer & VHN Supervisor),Chengalpattu,603401,12.267948,79.901221,Govt of Tamil Nadu - Health Dept,Government of Tamil Nadu,08:00-16:00 (Standard PHC/HSC)
1745,"PHC, Kappalavadi",Primary Health Centre (PHC),Primary Level (PHC Medical Officer & VHN Supervisor),Krishnagiri,635104,12.492814,78.388672,Govt of Tamil Nadu - Health Dept,Government of Tamil Nadu,08:00-16:00 (Standard PHC/HSC)
1746,Polambakkam PHC,Primary Health Centre (PHC),Primary Level (PHC Medical Officer & VHN Supervisor),Chengalpattu,603309,12.41615,79.89017,Govt of Tamil Nadu - Health Dept,Government of Tamil Nadu,08:00-16:00 (Standard PHC/HSC)
1747,Melmalayanur PHC,Primary Health Centre (PHC),Primary Level (PHC Medical Officer & VHN Supervisor),Viluppuram,604204,12.339484,79.322082,Govt of Tamil Nadu - Health Dept,Government of Tamil Nadu,08:00-16:00 (Standard PHC/HSC)
1748,"PHC, Nedimozhianur",Primary Health Centre (PHC),Primary Level (PHC Medical Officer & VHN Supervisor),Viluppuram,604302,12.145005,79.559653,Govt of Tamil Nadu - Health Dept,Government of Tamil Nadu,08:00-16:00 (Standard PHC/HSC)
1749,Government Hospital Kadaladi,Government District / Taluk Hospital,District / Secondary Referral Level,Tiruvannamalai,606703,12.264317,78.739807,Govt of Tamil Nadu - Health Dept,Government of Tamil Nadu,24/7
1750,"PHC, Acharapakkam",Primary Health Centre (PHC),Primary Level (PHC Medical Officer & VHN Supervisor),Chengalpattu,603301,12.40759,79.813531,Govt of Tamil Nadu - Health Dept,Government of Tamil Nadu,08:00-16:00 (Standard PHC/HSC)
1751,"PHC, Hanumanthapuram",Primary Health Centre (PHC),Primary Level (PHC Medical Officer & VHN Supervisor),Dharmapuri,636805,12.33509,78.123749,Govt of Tamil Nadu - Health Dept,Government of Tamil Nadu,08:00-16:00 (Standard PHC/HSC)
1752,"Se.Goodalur,PHC",Primary Health Centre (PHC),Primary Level (PHC Medical Officer & VHN Supervisor),Tiruvannamalai,606753,12.140611,78.991198,Govt of Tamil Nadu - Health Dept,Government of Tamil Nadu,08:00-16:00 (Standard PHC/HSC)
1753,"PHC, Kakkananpalayam",Primary Health Centre (PHC),Primary Level (PHC Medical Officer & VHN Supervisor),Vellore,635653,12.48524,78.638106,Govt of Tamil Nadu - Health Dept,Government of Tamil Nadu,08:00-16:00 (Standard PHC/HSC)
1754,"Government Hospital, Thellar",Government District / Taluk Hospital,District / Secondary Referral Level,Tiruvannamalai,604406,12.405172,79.551225,Govt of Tamil Nadu - Health Dept,Government of Tamil Nadu,24/7
1755,"PHC, Kathirampatti",Primary Health Centre (PHC),Primary Level (PHC Medical Officer & VHN Supervisor),Vellore,635653,12.47675,78.612037,Govt of Tamil Nadu - Health Dept,Government of Tamil Nadu,08:00-16:00 (Standard PHC/HSC)
1756,"Government Hospital, Chetpet",Government District / Taluk Hospital,District / Secondary Referral Level,Tiruvannamalai,606801,12.466328,79.349503,Govt of Tamil Nadu - Health Dept,Government of Tamil Nadu,24/7
1757,"Government hospital, Arattavadi",Government District / Taluk Hospital,District / Secondary Referral Level,Tiruvannamalai,606709,12.231537,78.80051,Govt of Tamil Nadu - Health Dept,Government of Tamil Nadu,24/7
1758,"PHC, Kambainallur",Primary Health Centre (PHC),Primary Level (PHC Medical Officer & VHN Supervisor),Dharmapuri,635202,12.205653,78.31481,Govt of Tamil Nadu - Health Dept,Government of Tamil Nadu,08:00-16:00 (Standard PHC/HSC)
1759,Paramanandal PHC,Primary Health Centre (PHC),Primary Level (PHC Medical Officer & VHN Supervisor),Tiruvannamalai,606710,12.359632,78.763496,Govt of Tamil Nadu - Health Dept,Government of Tamil Nadu,08:00-16:00 (Standard PHC/HSC)
1760,"PHC, Idaikkalinadu",Primary Health Centre (PHC),Primary Level (PHC Medical Officer & VHN Supervisor),Chengalpattu,603304,12.282594,79.990721,Govt of Tamil Nadu - Health Dept,Government of Tamil Nadu,08:00-16:00 (Standard PHC/HSC)
1761,Government Hospital Kalasapakkam,Government District / Taluk Hospital,District / Secondary Referral Level,Tiruvannamalai,606751,12.43678,79.098871,Govt of Tamil Nadu - Health Dept,Government of Tamil Nadu,24/7
1762,Rettanai PHC,Primary Health Centre (PHC),Primary Level (PHC Medical Officer & VHN Supervisor),Viluppuram,604306,12.20031,79.552079,Govt of Tamil Nadu - Health Dept,Government of Tamil Nadu,08:00-16:00 (Standard PHC/HSC)
1763,"PHC, Irumbedu",Primary Health Centre (PHC),Primary Level (PHC Medical Officer & VHN Supervisor),Chengalpattu,603302,12.35645,79.971238,Govt of Tamil Nadu - Health Dept,Government of Tamil Nadu,08:00-16:00 (Standard PHC/HSC)
1764,"PHC, Avanipur",Primary Health Centre (PHC),Primary Level (PHC Medical Officer & VHN Supervisor),Viluppuram,604101,12.27418,79.815659,Govt of Tamil Nadu - Health Dept,Government of Tamil Nadu,08:00-16:00 (Standard PHC/HSC)
1765,Padagam Government Hospital,Government District / Taluk Hospital,District / Secondary Referral Level,Tiruvannamalai,606904,12.423427,79.190986,Govt of Tamil Nadu - Health Dept,Government of Tamil Nadu,24/7
1766,UPHC Kilnathur,Urban Primary Health Centre (UPHC),Urban Primary Level (USHA Base),Tiruvannamalai,606601,12.22651,79.0841,Govt of Tamil Nadu - Health Dept,Government of Tamil Nadu,08:00-16:00 (Standard PHC/HSC)
1767,N.P.Petral Government Hospital,Government District / Taluk Hospital,District / Secondary Referral Level,Viluppuram,604152,12.192273,79.253024,Govt of Tamil Nadu - Health Dept,Government of Tamil Nadu,24/7
1768,"Government Hospital, Valathy",Government District / Taluk Hospital,District / Secondary Referral Level,Viluppuram,604208,12.347766,79.379704,Govt of Tamil Nadu - Health Dept,Government of Tamil Nadu,24/7
1769,Singarapettai PHC,Primary Health Centre (PHC),Primary Level (PHC Medical Officer & VHN Supervisor),Krishnagiri,635207,12.25912,78.611099,Govt of Tamil Nadu - Health Dept,Government of Tamil Nadu,08:00-16:00 (Standard PHC/HSC)
1770,"PHC, Konalur",Primary Health Centre (PHC),Primary Level (PHC Medical Officer & VHN Supervisor),Tiruvannamalai,606755,12.174179,79.149822,Govt of Tamil Nadu - Health Dept,Government of Tamil Nadu,08:00-16:00 (Standard PHC/HSC)
1771,"PHC, Jamanapudur",Primary Health Centre (PHC),Primary Level (PHC Medical Officer & VHN Supervisor),Vellore,635652,12.42289,78.622035,Govt of Tamil Nadu - Health Dept,Government of Tamil Nadu,08:00-16:00 (Standard PHC/HSC)
1772,"PHC, Maganurpatti",Primary Health Centre (PHC),Primary Level (PHC Medical Officer & VHN Supervisor),Krishnagiri,635307,12.32406,78.584473,Govt of Tamil Nadu - Health Dept,Government of Tamil Nadu,08:00-16:00 (Standard PHC/HSC)
1773,Ottampattu PHC,Primary Health Centre (PHC),Primary Level (PHC Medical Officer & VHN Supervisor),Viluppuram,604205,12.15144,79.431176,Govt of Tamil Nadu - Health Dept,Government of Tamil Nadu,08:00-16:00 (Standard PHC/HSC)
1774,Gingee Government Hospital,Government District / Taluk Hospital,District / Secondary Referral Level,Viluppuram,604202,12.251857,79.419724,Govt of Tamil Nadu - Health Dept,Government of Tamil Nadu,24/7
1775,"Government Hospital, Jakkasamudram",Government District / Taluk Hospital,District / Secondary Referral Level,Dharmapuri,636805,12.393725,78.052264,Govt of Tamil Nadu - Health Dept,Government of Tamil Nadu,24/7
1776,Samalpatti Primary Health Centre,Primary Health Centre (PHC),Primary Level (PHC Medical Officer & VHN Supervisor),Krishnagiri,635306,12.3094,78.488747,Govt of Tamil Nadu - Health Dept,Government of Tamil Nadu,08:00-16:00 (Standard PHC/HSC)
1777,Pikkili PHC,Primary Health Centre (PHC),Primary Level (PHC Medical Officer & VHN Supervisor),Dharmapuri,636809,12.244505,78.009091,Govt of Tamil Nadu - Health Dept,Government of Tamil Nadu,08:00-16:00 (Standard PHC/HSC)
1778,"Upgraded Primary Health Centre, Marandahalli",Primary Health Centre (PHC),Primary Level (PHC Medical Officer & VHN Supervisor),Dharmapuri,636806,12.386916,78.005011,Govt of Tamil Nadu - Health Dept,Government of Tamil Nadu,08:00-16:00 (Standard PHC/HSC)
1779,"PHC, Kunichi",Primary Health Centre (PHC),Primary Level (PHC Medical Officer & VHN Supervisor),Vellore,635654,12.45546,78.515161,Govt of Tamil Nadu - Health Dept,Government of Tamil Nadu,08:00-16:00 (Standard PHC/HSC)
1780,CHC Karimangalam,Primary Health Centre (PHC),Primary Level (PHC Medical Officer & VHN Supervisor),Dharmapuri,635111,12.305756,78.205064,Govt of Tamil Nadu - Health Dept,Government of Tamil Nadu,08:00-16:00 (Standard PHC/HSC)
1781,Government Hospital Karapattu,Government District / Taluk Hospital,District / Secondary Referral Level,Tiruvannamalai,606702,12.37603,78.941103,Govt of Tamil Nadu - Health Dept,Government of Tamil Nadu,24/7
1782,Somasipadi PHC,Primary Health Centre (PHC),Primary Level (PHC Medical Officer & VHN Supervisor),Tiruvannamalai,606601,12.24108,79.147723,Govt of Tamil Nadu - Health Dept,Government of Tamil Nadu,08:00-16:00 (Standard PHC/HSC)
1783,Zamin Endathur PHC,Primary Health Centre (PHC),Primary Level (PHC Medical Officer & VHN Supervisor),Chengalpattu,603311,12.445151,79.933723,Govt of Tamil Nadu - Health Dept,Government of Tamil Nadu,08:00-16:00 (Standard PHC/HSC)
1784,Papparapatti PHC,Primary Health Centre (PHC),Primary Level (PHC Medical Officer & VHN Supervisor),Dharmapuri,636809,12.212341,78.05703,Govt of Tamil Nadu - Health Dept,Government of Tamil Nadu,08:00-16:00 (Standard PHC/HSC)
1785,Mekkalur PHC,Primary Health Centre (PHC),Primary Level (PHC Medical Officer & VHN Supervisor),Tiruvannamalai,604601,12.287693,79.231134,Govt of Tamil Nadu - Health Dept,Government of Tamil Nadu,08:00-16:00 (Standard PHC/HSC)
1786,Koovathur PHC,Primary Health Centre (PHC),Primary Level (PHC Medical Officer & VHN Supervisor),Chengalpattu,603305,12.437362,80.110302,Govt of Tamil Nadu - Health Dept,Government of Tamil Nadu,08:00-16:00 (Standard PHC/HSC)
1787,Sathanur Dam Government Hospital,Government District / Taluk Hospital,District / Secondary Referral Level,Tiruvannamalai,606706,12.201428,78.897748,Govt of Tamil Nadu - Health Dept,Government of Tamil Nadu,24/7
1788,Pudupalayam PHC,Primary Health Centre (PHC),Primary Level (PHC Medical Officer & VHN Supervisor),Tiruvannamalai,606705,12.359612,78.874188,Govt of Tamil Nadu - Health Dept,Government of Tamil Nadu,08:00-16:00 (Standard PHC/HSC)
1789,"Government Hospital, Uthangarai",Government District / Taluk Hospital,District / Secondary Referral Level,Krishnagiri,635207,12.26612,78.535949,Govt of Tamil Nadu - Health Dept,Government of Tamil Nadu,24/7
1790,"PHC, Endaiyur",Primary Health Centre (PHC),Primary Level (PHC Medical Officer & VHN Supervisor),Viluppuram,604001,12.21454,79.69945,Govt of Tamil Nadu - Health Dept,Government of Tamil Nadu,08:00-16:00 (Standard PHC/HSC)
1791,"Government Hospital, Thandrampattu",Government District / Taluk Hospital,District / Secondary Referral Level,Tiruvannamalai,606707,12.16212,78.942398,Govt of Tamil Nadu - Health Dept,Government of Tamil Nadu,24/7
1792,Melsevalampadi PHC,Primary Health Centre (PHC),Primary Level (PHC Medical Officer & VHN Supervisor),Viluppuram,604204,12.413275,79.306137,Govt of Tamil Nadu - Health Dept,Government of Tamil Nadu,08:00-16:00 (Standard PHC/HSC)
1793,"Government Hospital, Kodamandapatti",Government District / Taluk Hospital,District / Secondary Referral Level,Krishnagiri,635206,12.335219,78.446556,Govt of Tamil Nadu - Health Dept,Government of Tamil Nadu,24/7
1794,"PHC, Gengavaram GH",Primary Health Centre (PHC),Primary Level (PHC Medical Officer & VHN Supervisor),Viluppuram,604151,12.143898,79.325174,Govt of Tamil Nadu - Health Dept,Government of Tamil Nadu,08:00-16:00 (Standard PHC/HSC)
1795,"PHC, Alapatti",Primary Health Centre (PHC),Primary Level (PHC Medical Officer & VHN Supervisor),Krishnagiri,635122,12.490587,78.096652,Govt of Tamil Nadu - Health Dept,Government of Tamil Nadu,08:00-16:00 (Standard PHC/HSC)
1796,"Government Hospital, Anandur",Government District / Taluk Hospital,District / Secondary Referral Level,Krishnagiri,635304,12.263783,78.370125,Govt of Tamil Nadu - Health Dept,Government of Tamil Nadu,24/7
1797,Northampoondi PHC,Primary Health Centre (PHC),Primary Level (PHC Medical Officer & VHN Supervisor),Tiruvannamalai,606802,12.40638,79.068133,Govt of Tamil Nadu - Health Dept,Government of Tamil Nadu,08:00-16:00 (Standard PHC/HSC)
1798,"Government Hospital, Pochampalli",Government District / Taluk Hospital,District / Secondary Referral Level,Krishnagiri,635206,12.332248,78.365767,Govt of Tamil Nadu - Health Dept,Government of Tamil Nadu,24/7
1799,Thatchampadi PHC,Primary Health Centre (PHC),Primary Level (PHC Medical Officer & VHN Supervisor),Tiruvannamalai,606902,12.48394,79.266418,Govt of Tamil Nadu - Health Dept,Government of Tamil Nadu,08:00-16:00 (Standard PHC/HSC)
1800,"Government Hospital, Adiannamalai",Government District / Taluk Hospital,District / Secondary Referral Level,Tiruvannamalai,606604,12.25389,79.040524,Govt of Tamil Nadu - Health Dept,Government of Tamil Nadu,24/7
1801,Pudurnadu PHC,Primary Health Centre (PHC),Primary Level (PHC Medical Officer & VHN Supervisor),Vellore,635652,12.404307,78.687638,Govt of Tamil Nadu - Health Dept,Government of Tamil Nadu,08:00-16:00 (Standard PHC/HSC)
1802,"Thurinjapuram,Government Hospital",Government District / Taluk Hospital,District / Secondary Referral Level,Tiruvannamalai,606805,12.32102,79.087653,Govt of Tamil Nadu - Health Dept,Government of Tamil Nadu,24/7
1803,Ponnur PHC,Primary Health Centre (PHC),Primary Level (PHC Medical Officer & VHN Supervisor),Tiruvannamalai,604408,12.469709,79.538472,Govt of Tamil Nadu - Health Dept,Government of Tamil Nadu,08:00-16:00 (Standard PHC/HSC)
1804,Panagamutlu PHC,Primary Health Centre (PHC),Primary Level (PHC Medical Officer & VHN Supervisor),Krishnagiri,635106,12.392795,78.143449,Govt of Tamil Nadu - Health Dept,Government of Tamil Nadu,08:00-16:00 (Standard PHC/HSC)
1805,Periyamuthur PHC,Primary Health Centre (PHC),Primary Level (PHC Medical Officer & VHN Supervisor),Krishnagiri,635101,12.463084,78.19763,Govt of Tamil Nadu - Health Dept,Government of Tamil Nadu,08:00-16:00 (Standard PHC/HSC)
1806,"Government Hospital, Mathur",Government District / Taluk Hospital,District / Secondary Referral Level,Krishnagiri,635304,12.38262,78.413674,Govt of Tamil Nadu - Health Dept,Government of Tamil Nadu,24/7
1807,Saram PHC,Primary Health Centre (PHC),Primary Level (PHC Medical Officer & VHN Supervisor),Viluppuram,604307,12.278167,79.699738,Govt of Tamil Nadu - Health Dept,Government of Tamil Nadu,08:00-16:00 (Standard PHC/HSC)
1808,"PHC, Matam",Primary Health Centre (PHC),Primary Level (PHC Medical Officer & VHN Supervisor),Tiruvannamalai,604502,12.454292,79.44306,Govt of Tamil Nadu - Health Dept,Government of Tamil Nadu,08:00-16:00 (Standard PHC/HSC)
1809,"Government Hospital, Marakkanam",Government District / Taluk Hospital,District / Secondary Referral Level,Viluppuram,604303,12.197518,79.949707,Govt of Tamil Nadu - Health Dept,Government of Tamil Nadu,24/7
1810,"Government General Hospital, Cheyyur",Government Health Facility / Clinic,Community Health Post,Chengalpattu,603302,12.35204,80.002556,Govt of Tamil Nadu - Health Dept,Government of Tamil Nadu,08:00-16:00 (Standard PHC/HSC)
1811,Salem Government Hospital,Government District / Taluk Hospital,District / Secondary Referral Level,Salem,636002,11.655439,78.152071,Govt of Tamil Nadu - Health Dept,Government of Tamil Nadu,24/7
1812,"Primary Health Centre, Kullanchavadi",Primary Health Centre (PHC),Primary Level (PHC Medical Officer & VHN Supervisor),Cuddalore,607301,11.628065,79.661686,Govt of Tamil Nadu - Health Dept,Government of Tamil Nadu,08:00-16:00 (Standard PHC/HSC)
1813,"Government Hospital, Mylambadi",Government District / Taluk Hospital,District / Secondary Referral Level,Erode,638314,11.524058,77.673179,Govt of Tamil Nadu - Health Dept,Government of Tamil Nadu,24/7
1814,"Government Hospital, Kothampadi",Government District / Taluk Hospital,District / Secondary Referral Level,Salem,636109,11.62641,78.542199,Govt of Tamil Nadu - Health Dept,Government of Tamil Nadu,24/7
1815,"PHC, Koothakudi",Primary Health Centre (PHC),Primary Level (PHC Medical Officer & VHN Supervisor),Viluppuram,606305,11.603063,79.140323,Govt of Tamil Nadu - Health Dept,Government of Tamil Nadu,08:00-16:00 (Standard PHC/HSC)
1816,Mangalur CHC,Primary Health Centre (PHC),Primary Level (PHC Medical Officer & VHN Supervisor),Cuddalore,606108,11.515895,79.006803,Govt of Tamil Nadu - Health Dept,Government of Tamil Nadu,08:00-16:00 (Standard PHC/HSC)
1817,Mangalapuram PHC,Primary Health Centre (PHC),Primary Level (PHC Medical Officer & VHN Supervisor),Namakkal,636202,11.5661,78.379714,Govt of Tamil Nadu - Health Dept,Government of Tamil Nadu,08:00-16:00 (Standard PHC/HSC)
1818,"PHC, Kondalampatti",Primary Health Centre (PHC),Primary Level (PHC Medical Officer & VHN Supervisor),Salem,636010,11.62206,78.117278,Govt of Tamil Nadu - Health Dept,Government of Tamil Nadu,08:00-16:00 (Standard PHC/HSC)
1819,Government Hospital Attur,Government District / Taluk Hospital,District / Secondary Referral Level,Salem,636102,11.59709,78.601343,Govt of Tamil Nadu - Health Dept,Government of Tamil Nadu,24/7
1820,"PHC, Kallipatti",Primary Health Centre (PHC),Primary Level (PHC Medical Officer & VHN Supervisor),Erode,638505,11.51493,77.455667,Govt of Tamil Nadu - Health Dept,Government of Tamil Nadu,08:00-16:00 (Standard PHC/HSC)
1821,"Government Hospital, Guruvareddyur",Government District / Taluk Hospital,District / Secondary Referral Level,Erode,638504,11.646876,77.682237,Govt of Tamil Nadu - Health Dept,Government of Tamil Nadu,24/7
1822,Melnaripaiyanur PHC,Primary Health Centre (PHC),Primary Level (PHC Medical Officer & VHN Supervisor),Viluppuram,606201,11.618617,78.807407,Govt of Tamil Nadu - Health Dept,Government of Tamil Nadu,08:00-16:00 (Standard PHC/HSC)
1823,Vadalore PHC,Primary Health Centre (PHC),Primary Level (PHC Medical Officer & VHN Supervisor),Cuddalore,607303,11.55391,79.546101,Govt of Tamil Nadu - Health Dept,Government of Tamil Nadu,08:00-16:00 (Standard PHC/HSC)
1824,"PHC, Chettimankurichi",Primary Health Centre (PHC),Primary Level (PHC Medical Officer & VHN Supervisor),Salem,637101,11.64366,77.8514,Govt of Tamil Nadu - Health Dept,Government of Tamil Nadu,08:00-16:00 (Standard PHC/HSC)
1825,Sathiyamangalam PHC,Primary Health Centre (PHC),Primary Level (PHC Medical Officer & VHN Supervisor),Erode,638401,11.503918,77.244784,Govt of Tamil Nadu - Health Dept,Government of Tamil Nadu,08:00-16:00 (Standard PHC/HSC)
1826,"PHC, Magudanchavadi",Primary Health Centre (PHC),Primary Level (PHC Medical Officer & VHN Supervisor),Salem,637103,11.54723,77.985908,Govt of Tamil Nadu - Health Dept,Government of Tamil Nadu,08:00-16:00 (Standard PHC/HSC)
1827,"Government Hospital, Valapady",Government District / Taluk Hospital,District / Secondary Referral Level,Salem,636115,11.65706,78.403773,Govt of Tamil Nadu - Health Dept,Government of Tamil Nadu,24/7
1828,"PHC, Iruppu",Primary Health Centre (PHC),Primary Level (PHC Medical Officer & VHN Supervisor),Cuddalore,607805,11.63166,79.434803,Govt of Tamil Nadu - Health Dept,Government of Tamil Nadu,08:00-16:00 (Standard PHC/HSC)
1829,"PHC, Kembanaicken Palayam",Primary Health Centre (PHC),Primary Level (PHC Medical Officer & VHN Supervisor),Erode,638503,11.535613,77.300707,Govt of Tamil Nadu - Health Dept,Government of Tamil Nadu,08:00-16:00 (Standard PHC/HSC)
1830,Rajan Nagar PHC,Primary Health Centre (PHC),Primary Level (PHC Medical Officer & VHN Supervisor),Erode,638451,11.52428,77.144186,Govt of Tamil Nadu - Health Dept,Government of Tamil Nadu,08:00-16:00 (Standard PHC/HSC)
1831,Poolavari PHC,Primary Health Centre (PHC),Primary Level (PHC Medical Officer & VHN Supervisor),Salem,636010,11.605765,78.105897,Govt of Tamil Nadu - Health Dept,Government of Tamil Nadu,08:00-16:00 (Standard PHC/HSC)
1832,Theerthanagiri PHC,Primary Health Centre (PHC),Primary Level (PHC Medical Officer & VHN Supervisor),Cuddalore,608801,11.57018,79.683178,Govt of Tamil Nadu - Health Dept,Government of Tamil Nadu,08:00-16:00 (Standard PHC/HSC)
1833,"Govt. Hospital, Melur",Government Health Facility / Clinic,Community Health Post,Viluppuram,606201,11.65429,78.937592,Govt of Tamil Nadu - Health Dept,Government of Tamil Nadu,08:00-16:00 (Standard PHC/HSC)
1834,"PHC, Chinnathambipalayam",Primary Health Centre (PHC),Primary Level (PHC Medical Officer & VHN Supervisor),Erode,638501,11.564609,77.563302,Govt of Tamil Nadu - Health Dept,Government of Tamil Nadu,08:00-16:00 (Standard PHC/HSC)
1835,Pethanaickenpalyam PHC,Primary Health Centre (PHC),Primary Level (PHC Medical Officer & VHN Supervisor),Salem,636109,11.65184,78.501575,Govt of Tamil Nadu - Health Dept,Government of Tamil Nadu,08:00-16:00 (Standard PHC/HSC)
1836,Thiruchopuram PHC,Primary Health Centre (PHC),Primary Level (PHC Medical Officer & VHN Supervisor),Cuddalore,608801,11.61715,79.742055,Govt of Tamil Nadu - Health Dept,Government of Tamil Nadu,08:00-16:00 (Standard PHC/HSC)
1837,"Government Hospital, Kolapalli",Government District / Taluk Hospital,District / Secondary Referral Level,Nilgiris,643239,11.548745,76.311537,Govt of Tamil Nadu - Health Dept,Government of Tamil Nadu,24/7
1838,Gudalur UPHC,Urban Primary Health Centre (UPHC),Urban Primary Level (USHA Base),Nilgiris,643211,11.50301,76.491691,Govt of Tamil Nadu - Health Dept,Government of Tamil Nadu,08:00-16:00 (Standard PHC/HSC)
1839,Mangalampettai CHC,Primary Health Centre (PHC),Primary Level (PHC Medical Officer & VHN Supervisor),Cuddalore,606001,11.63264,79.282507,Govt of Tamil Nadu - Health Dept,Government of Tamil Nadu,08:00-16:00 (Standard PHC/HSC)
1840,"PHC, Nainarpalayam",Primary Health Centre (PHC),Primary Level (PHC Medical Officer & VHN Supervisor),Viluppuram,606301,11.57724,78.912229,Govt of Tamil Nadu - Health Dept,Government of Tamil Nadu,08:00-16:00 (Standard PHC/HSC)
1841,"PHC, Malliakarai",Primary Health Centre (PHC),Primary Level (PHC Medical Officer & VHN Supervisor),Salem,636107,11.57292,78.496907,Govt of Tamil Nadu - Health Dept,Government of Tamil Nadu,08:00-16:00 (Standard PHC/HSC)
1842,Marungur PHC,Primary Health Centre (PHC),Primary Level (PHC Medical Officer & VHN Supervisor),Cuddalore,607106,11.65543,79.538547,Govt of Tamil Nadu - Health Dept,Government of Tamil Nadu,08:00-16:00 (Standard PHC/HSC)
1843,"PHC, Kadambur",Primary Health Centre (PHC),Primary Level (PHC Medical Officer & VHN Supervisor),Erode,638503,11.62617,77.328236,Govt of Tamil Nadu - Health Dept,Government of Tamil Nadu,08:00-16:00 (Standard PHC/HSC)
1844,Mathur PHC,Primary Health Centre (PHC),Primary Level (PHC Medical Officer & VHN Supervisor),Cuddalore,606001,11.60246,79.335099,Govt of Tamil Nadu - Health Dept,Government of Tamil Nadu,08:00-16:00 (Standard PHC/HSC)
1845,Vembadithalam Government General Hospital,Government Health Facility / Clinic,Community Health Post,Salem,637504,11.5683,78.01211,Govt of Tamil Nadu - Health Dept,Government of Tamil Nadu,08:00-16:00 (Standard PHC/HSC)
1846,UPHC Attur,Urban Primary Health Centre (UPHC),Urban Primary Level (USHA Base),Salem,636102,11.599122,78.604852,Govt of Tamil Nadu - Health Dept,Government of Tamil Nadu,08:00-16:00 (Standard PHC/HSC)
1847,"PHC, Kedaiyur",Primary Health Centre (PHC),Primary Level (PHC Medical Officer & VHN Supervisor),Salem,637303,11.51016,77.835835,Govt of Tamil Nadu - Health Dept,Government of Tamil Nadu,08:00-16:00 (Standard PHC/HSC)
1848,"UPHC, Kitchipalayam",Urban Primary Health Centre (UPHC),Urban Primary Level (USHA Base),Salem,636015,11.650599,78.167303,Govt of Tamil Nadu - Health Dept,Government of Tamil Nadu,08:00-16:00 (Standard PHC/HSC)
1849,"Government Hospital, Kurinchipadi",Government District / Taluk Hospital,District / Secondary Referral Level,Cuddalore,607302,11.560854,79.597583,Govt of Tamil Nadu - Health Dept,Government of Tamil Nadu,24/7
1850,"PHC, Ammapettai",Primary Health Centre (PHC),Primary Level (PHC Medical Officer & VHN Supervisor),Erode,638311,11.61778,77.742199,Govt of Tamil Nadu - Health Dept,Government of Tamil Nadu,08:00-16:00 (Standard PHC/HSC)
1851,"Government Hospital, Gangavalli",Government District / Taluk Hospital,District / Secondary Referral Level,Salem,636105,11.506984,78.643159,Govt of Tamil Nadu - Health Dept,Government of Tamil Nadu,24/7
1852,Olagadam PHC,Primary Health Centre (PHC),Primary Level (PHC Medical Officer & VHN Supervisor),Erode,638314,11.556207,77.648452,Govt of Tamil Nadu - Health Dept,Government of Tamil Nadu,08:00-16:00 (Standard PHC/HSC)
1853,Vellalapuram PHC,Primary Health Centre (PHC),Primary Level (PHC Medical Officer & VHN Supervisor),Salem,636306,11.64365,77.940952,Govt of Tamil Nadu - Health Dept,Government of Tamil Nadu,08:00-16:00 (Standard PHC/HSC)
1854,Edappadi Uphc,Urban Primary Health Centre (UPHC),Urban Primary Level (USHA Base),Salem,637101,11.58284,77.849552,Govt of Tamil Nadu - Health Dept,Government of Tamil Nadu,08:00-16:00 (Standard PHC/HSC)
1855,"Government Hospital, D.G.Pudur",Government District / Taluk Hospital,District / Secondary Referral Level,Erode,638506,11.50343,77.311249,Govt of Tamil Nadu - Health Dept,Government of Tamil Nadu,24/7
1856,"PHC, Mallur",Primary Health Centre (PHC),Primary Level (PHC Medical Officer & VHN Supervisor),Salem,636203,11.54553,78.143345,Govt of Tamil Nadu - Health Dept,Government of Tamil Nadu,24/7
1857,Siruvachur PHC,Primary Health Centre (PHC),Primary Level (PHC Medical Officer & VHN Supervisor),Salem,636112,11.64177,78.752953,Govt of Tamil Nadu - Health Dept,Government of Tamil Nadu,08:00-16:00 (Standard PHC/HSC)
1858,"Upgraded PHC, Thalaivasal",Primary Health Centre (PHC),Primary Level (PHC Medical Officer & VHN Supervisor),Salem,636112,11.57823,78.752786,Govt of Tamil Nadu - Health Dept,Government of Tamil Nadu,08:00-16:00 (Standard PHC/HSC)
1859,"PHC, Keeripatti",Primary Health Centre (PHC),Primary Level (PHC Medical Officer & VHN Supervisor),Salem,636107,11.538266,78.483133,Govt of Tamil Nadu - Health Dept,Government of Tamil Nadu,08:00-16:00 (Standard PHC/HSC)
1860,Murungapatti PHC,Primary Health Centre (PHC),Primary Level (PHC Medical Officer & VHN Supervisor),Salem,636302,11.62936,78.033154,Govt of Tamil Nadu - Health Dept,Government of Tamil Nadu,08:00-16:00 (Standard PHC/HSC)
1861,Thevur PHC,Primary Health Centre (PHC),Primary Level (PHC Medical Officer & VHN Supervisor),Salem,637104,11.52685,77.753404,Govt of Tamil Nadu - Health Dept,Government of Tamil Nadu,08:00-16:00 (Standard PHC/HSC)
1862,"Government Hospital, Neyveli",Government District / Taluk Hospital,District / Secondary Referral Level,Thanjavur,614614,11.628239,79.530787,Govt of Tamil Nadu - Health Dept,Government of Tamil Nadu,24/7
1863,Thennankudipalayam PHC,Primary Health Centre (PHC),Primary Level (PHC Medical Officer & VHN Supervisor),Salem,636102,11.613579,78.586788,Govt of Tamil Nadu - Health Dept,Government of Tamil Nadu,08:00-16:00 (Standard PHC/HSC)
1864,Puliyur PHC,Primary Health Centre (PHC),Primary Level (PHC Medical Officer & VHN Supervisor),Cuddalore,606001,11.655118,79.351407,Govt of Tamil Nadu - Health Dept,Government of Tamil Nadu,08:00-16:00 (Standard PHC/HSC)
1865,"PHC, Konganapuram",Primary Health Centre (PHC),Primary Level (PHC Medical Officer & VHN Supervisor),Salem,637102,11.56998,77.894124,Govt of Tamil Nadu - Health Dept,Government of Tamil Nadu,08:00-16:00 (Standard PHC/HSC)
1866,PHC Ammakalathur,Primary Health Centre (PHC),Primary Level (PHC Medical Officer & VHN Supervisor),Viluppuram,606204,11.59975,78.965408,Govt of Tamil Nadu - Health Dept,Government of Tamil Nadu,08:00-16:00 (Standard PHC/HSC)
1867,"Government Hospital, Vennandur",Government District / Taluk Hospital,District / Secondary Referral Level,Namakkal,637505,11.51701,78.088631,Govt of Tamil Nadu - Health Dept,Government of Tamil Nadu,24/7
1868,Thengumarahada PHC,Primary Health Centre (PHC),Primary Level (PHC Medical Officer & VHN Supervisor),Nilgiris,643217,11.566108,76.924806,Govt of Tamil Nadu - Health Dept,Government of Tamil Nadu,08:00-16:00 (Standard PHC/HSC)
1869,Poolampatti PHC,Primary Health Centre (PHC),Primary Level (PHC Medical Officer & VHN Supervisor),Salem,637107,11.65172,77.764073,Govt of Tamil Nadu - Health Dept,Government of Tamil Nadu,08:00-16:00 (Standard PHC/HSC)
1870,"Government Hospital, Dadapuram",Government District / Taluk Hospital,District / Secondary Referral Level,Salem,637105,11.62225,77.877189,Govt of Tamil Nadu - Health Dept,Government of Tamil Nadu,24/7
1871,"PHC, Kattukottai",Primary Health Centre (PHC),Primary Level (PHC Medical Officer & VHN Supervisor),Salem,636121,11.59793,78.667983,Govt of Tamil Nadu - Health Dept,Government of Tamil Nadu,08:00-16:00 (Standard PHC/HSC)
1872,"Government Hospital, T.N.Palayam",Government District / Taluk Hospital,District / Secondary Referral Level,Erode,638506,11.50771,77.383285,Govt of Tamil Nadu - Health Dept,Government of Tamil Nadu,24/7
1873,Mattaiyampatti PHC,Primary Health Centre (PHC),Primary Level (PHC Medical Officer & VHN Supervisor),Salem,636306,11.64765,77.967838,Govt of Tamil Nadu - Health Dept,Government of Tamil Nadu,08:00-16:00 (Standard PHC/HSC)
1874,Vengadampettai PHC,Primary Health Centre (PHC),Primary Level (PHC Medical Officer & VHN Supervisor),Cuddalore,607302,11.616307,79.601958,Govt of Tamil Nadu - Health Dept,Government of Tamil Nadu,08:00-16:00 (Standard PHC/HSC)
1875,Veerapandi PHC,Primary Health Centre (PHC),Primary Level (PHC Medical Officer & VHN Supervisor),Salem,636308,11.584278,78.075058,Govt of Tamil Nadu - Health Dept,Government of Tamil Nadu,08:00-16:00 (Standard PHC/HSC)
1876,Dadagapatty Uhp,Primary Health Centre (PHC),Primary Level (PHC Medical Officer & VHN Supervisor),Salem,636006,11.634632,78.149349,Unspecified,Unspecified,08:00-16:00 (Standard PHC/HSC)
1877,Pudhuchatram CHC,Primary Health Centre (PHC),Primary Level (PHC Medical Officer & VHN Supervisor),Cuddalore,608001,11.540558,79.722194,Govt of Tamil Nadu - Health Dept,Government of Tamil Nadu,08:00-16:00 (Standard PHC/HSC)
1878,"PHC, Athanur",Primary Health Centre (PHC),Primary Level (PHC Medical Officer & VHN Supervisor),Namakkal,636301,11.49981,78.137515,Govt of Tamil Nadu - Health Dept,Government of Tamil Nadu,08:00-16:00 (Standard PHC/HSC)
1879,Sathapadi PHC,Primary Health Centre (PHC),Primary Level (PHC Medical Officer & VHN Supervisor),Salem,636121,11.536494,78.697389,Govt of Tamil Nadu - Health Dept,Government of Tamil Nadu,08:00-16:00 (Standard PHC/HSC)
1880,"Government Hospital, Veppur",Government District / Taluk Hospital,District / Secondary Referral Level,Cuddalore,606304,11.52467,79.122012,Govt of Tamil Nadu - Health Dept,Government of Tamil Nadu,24/7
1881,"PHC, Ambalamoola",Primary Health Centre (PHC),Primary Level (PHC Medical Officer & VHN Supervisor),Nilgiris,643240,11.57522,76.321326,Govt of Tamil Nadu - Health Dept,Government of Tamil Nadu,08:00-16:00 (Standard PHC/HSC)
1882,"PHC, Asanur",Primary Health Centre (PHC),Primary Level (PHC Medical Officer & VHN Supervisor),Viluppuram,606104,11.626889,79.192239,Govt of Tamil Nadu - Health Dept,Government of Tamil Nadu,08:00-16:00 (Standard PHC/HSC)
1883,"PHC, Elampillai",Primary Health Centre (PHC),Primary Level (PHC Medical Officer & VHN Supervisor),Salem,637502,11.60767,78.010725,Govt of Tamil Nadu - Health Dept,Government of Tamil Nadu,08:00-16:00 (Standard PHC/HSC)
1884,Vedugathampatti PHC,Primary Health Centre (PHC),Primary Level (PHC Medical Officer & VHN Supervisor),Salem,636307,11.65482,78.086248,Govt of Tamil Nadu - Health Dept,Government of Tamil Nadu,08:00-16:00 (Standard PHC/HSC)
1885,"Government Hospital, Virudhachalam",Government District / Taluk Hospital,District / Secondary Referral Level,Cuddalore,606001,11.515486,79.317199,Govt of Tamil Nadu - Health Dept,Government of Tamil Nadu,24/7
1886,"Government Hospital, Panamarathupatti",Government District / Taluk Hospital,District / Secondary Referral Level,Salem,636201,11.56589,78.161533,Govt of Tamil Nadu - Health Dept,Government of Tamil Nadu,24/7
1887,"PHC, Eyyanur",Primary Health Centre (PHC),Primary Level (PHC Medical Officer & VHN Supervisor),Viluppuram,606203,11.621942,79.05719,Govt of Tamil Nadu - Health Dept,Government of Tamil Nadu,08:00-16:00 (Standard PHC/HSC)
1888,Attur PHC,Primary Health Centre (PHC),Primary Level (PHC Medical Officer & VHN Supervisor),Salem,636112,11.596812,78.576697,Govt of Tamil Nadu - Health Dept,Government of Tamil Nadu,08:00-16:00 (Standard PHC/HSC)
1889,"PHC, Ennamangalam",Primary Health Centre (PHC),Primary Level (PHC Medical Officer & VHN Supervisor),Erode,638501,11.64523,77.591683,Govt of Tamil Nadu - Health Dept,Government of Tamil Nadu,08:00-16:00 (Standard PHC/HSC)
1890,"PHC, Kappala",Primary Health Centre (PHC),Primary Level (PHC Medical Officer & VHN Supervisor),Nilgiris,643239,11.55607,76.258173,Govt of Tamil Nadu - Health Dept,Government of Tamil Nadu,08:00-16:00 (Standard PHC/HSC)
1891,"Government Hospital, Anthiyur",Government District / Taluk Hospital,District / Secondary Referral Level,Erode,638051,11.581337,77.586269,Govt of Tamil Nadu - Health Dept,Government of Tamil Nadu,24/7
1892,Manjini PHC,Primary Health Centre (PHC),Primary Level (PHC Medical Officer & VHN Supervisor),Salem,636141,11.552755,78.632055,Govt of Tamil Nadu - Health Dept,Government of Tamil Nadu,08:00-16:00 (Standard PHC/HSC)
1893,"PHC, Chithoor",Primary Health Centre (PHC),Primary Level (PHC Medical Officer & VHN Supervisor),Salem,637101,11.63907,77.82196,Govt of Tamil Nadu - Health Dept,Government of Tamil Nadu,08:00-16:00 (Standard PHC/HSC)
1894,Thumbalapatti PHC,Primary Health Centre (PHC),Primary Level (PHC Medical Officer & VHN Supervisor),Salem,636204,11.57997,78.257271,Govt of Tamil Nadu - Health Dept,Government of Tamil Nadu,08:00-16:00 (Standard PHC/HSC)
1895,Nainampatti PHC,Primary Health Centre (PHC),Primary Level (PHC Medical Officer & VHN Supervisor),Salem,637501,11.537332,78.051898,Govt of Tamil Nadu - Health Dept,Government of Tamil Nadu,08:00-16:00 (Standard PHC/HSC)
1896,"Government Primary Health Centre, Arasakuzhi",Primary Health Centre (PHC),Primary Level (PHC Medical Officer & VHN Supervisor),Cuddalore,607804,11.52565,79.389844,Govt of Tamil Nadu - Health Dept,Government of Tamil Nadu,08:00-16:00 (Standard PHC/HSC)
1897,Thirumanur PHC,Primary Health Centre (PHC),Primary Level (PHC Medical Officer & VHN Supervisor),Salem,636202,11.57652,78.334046,Govt of Tamil Nadu - Health Dept,Government of Tamil Nadu,08:00-16:00 (Standard PHC/HSC)
1898,"PHC, Gudiyalathur",Primary Health Centre (PHC),Primary Level (PHC Medical Officer & VHN Supervisor),Erode,638503,11.666496,77.282775,Govt of Tamil Nadu - Health Dept,Government of Tamil Nadu,08:00-16:00 (Standard PHC/HSC)
1899,Thottiyam PHC,Primary Health Centre (PHC),Primary Level (PHC Medical Officer & VHN Supervisor),Viluppuram,606201,11.691316,78.888029,Govt of Tamil Nadu - Health Dept,Government of Tamil Nadu,08:00-16:00 (Standard PHC/HSC)
1900,"Government Hospital, Hasthampatti",Government District / Taluk Hospital,District / Secondary Referral Level,Salem,636007,11.6795,78.157266,Govt of Tamil Nadu - Health Dept,Government of Tamil Nadu,24/7
1901,Palakollai PHC,Primary Health Centre (PHC),Primary Level (PHC Medical Officer & VHN Supervisor),Cuddalore,606115,11.67147,79.391429,Govt of Tamil Nadu - Health Dept,Government of Tamil Nadu,08:00-16:00 (Standard PHC/HSC)
1902,"Thondamanatham, Government Hospital",Government District / Taluk Hospital,District / Secondary Referral Level,Cuddalore,607301,11.658939,79.713201,Govt of Tamil Nadu - Health Dept,Government of Tamil Nadu,24/7
1903,"Government Hospital, Tharamangalam",Government District / Taluk Hospital,District / Secondary Referral Level,Salem,636502,11.69503,77.963161,Govt of Tamil Nadu - Health Dept,Government of Tamil Nadu,24/7
1904,Perperiyankuppam PHC,Primary Health Centre (PHC),Primary Level (PHC Medical Officer & VHN Supervisor),Cuddalore,607805,11.6595,79.481339,Govt of Tamil Nadu - Health Dept,Government of Tamil Nadu,08:00-16:00 (Standard PHC/HSC)
1905,"PHC, Kadampuliyur",Primary Health Centre (PHC),Primary Level (PHC Medical Officer & VHN Supervisor),Cuddalore,607103,11.695495,79.553896,Govt of Tamil Nadu - Health Dept,Government of Tamil Nadu,08:00-16:00 (Standard PHC/HSC)
1906,Subramaniya Nagar UPHC,Urban Primary Health Centre (UPHC),Urban Primary Level (USHA Base),Salem,636005,11.673074,78.120111,Govt of Tamil Nadu - Health Dept,Government of Tamil Nadu,08:00-16:00 (Standard PHC/HSC)
1907,Pallapatty UPHC,Urban Primary Health Centre (UPHC),Urban Primary Level (USHA Base),Salem,636009,11.66125,78.13565,Govt of Tamil Nadu - Health Dept,Government of Tamil Nadu,08:00-16:00 (Standard PHC/HSC)
1908,Ponnammapettai PHC,Primary Health Centre (PHC),Primary Level (PHC Medical Officer & VHN Supervisor),Salem,636003,11.666049,78.177068,Govt of Tamil Nadu - Health Dept,Government of Tamil Nadu,08:00-16:00 (Standard PHC/HSC)
1909,"Government Hospital, K.R.Thoppur",Government District / Taluk Hospital,District / Secondary Referral Level,Salem,636502,11.68382,78.007937,Govt of Tamil Nadu - Health Dept,Government of Tamil Nadu,24/7
1910,Puliyur Katusagai PHC,Primary Health Centre (PHC),Primary Level (PHC Medical Officer & VHN Supervisor),Cuddalore,607301,11.659968,79.645144,Govt of Tamil Nadu - Health Dept,Government of Tamil Nadu,08:00-16:00 (Standard PHC/HSC)
1911,Ethapur PHC,Primary Health Centre (PHC),Primary Level (PHC Medical Officer & VHN Supervisor),Salem,636117,11.661629,78.478895,Govt of Tamil Nadu - Health Dept,Government of Tamil Nadu,08:00-16:00 (Standard PHC/HSC)
1912,"Government Hospital, Ulundurpet",Government District / Taluk Hospital,District / Secondary Referral Level,Viluppuram,606107,11.692683,79.28602,Govt of Tamil Nadu - Health Dept,Government of Tamil Nadu,24/7
1913,"Government Hospital For Pregnancy, Ammapet",Government District / Taluk Hospital,District / Secondary Referral Level,Salem,636003,11.65953,78.183895,Govt of Tamil Nadu - Health Dept,Government of Tamil Nadu,24/7
1914,"PHC, Holgalvady",Primary Health Centre (PHC),Primary Level (PHC Medical Officer & VHN Supervisor),Erode,638503,11.669649,77.134582,Govt of Tamil Nadu - Health Dept,Government of Tamil Nadu,08:00-16:00 (Standard PHC/HSC)
1915,"PHC, Kannankurichi",Primary Health Centre (PHC),Primary Level (PHC Medical Officer & VHN Supervisor),Salem,636008,11.693523,78.17547,Govt of Tamil Nadu - Health Dept,Government of Tamil Nadu,08:00-16:00 (Standard PHC/HSC)
1916,Sarkarkollapatti PHC,Primary Health Centre (PHC),Primary Level (PHC Medical Officer & VHN Supervisor),Salem,636030,11.67273,78.075529,Govt of Tamil Nadu - Health Dept,Government of Tamil Nadu,08:00-16:00 (Standard PHC/HSC)
1917,"PHC, Karipatti",Primary Health Centre (PHC),Primary Level (PHC Medical Officer & VHN Supervisor),Salem,636106,11.66493,78.283714,Govt of Tamil Nadu - Health Dept,Government of Tamil Nadu,08:00-16:00 (Standard PHC/HSC)
1918,Masinaickenpatti PHC,Primary Health Centre (PHC),Primary Level (PHC Medical Officer & VHN Supervisor),Salem,636103,11.66425,78.227412,Govt of Tamil Nadu - Health Dept,Government of Tamil Nadu,08:00-16:00 (Standard PHC/HSC)
1919,Senthanadu PHC,Primary Health Centre (PHC),Primary Level (PHC Medical Officer & VHN Supervisor),Viluppuram,606107,11.695777,79.477914,Govt of Tamil Nadu - Health Dept,Government of Tamil Nadu,08:00-16:00 (Standard PHC/HSC)
1920,Panruti Government Hospital,Government District / Taluk Hospital,District / Secondary Referral Level,Cuddalore,607106,11.767484,79.549104,Govt of Tamil Nadu - Health Dept,Government of Tamil Nadu,24/7
1921,Thindal PHC,Primary Health Centre (PHC),Primary Level (PHC Medical Officer & VHN Supervisor),Erode,638102,11.31978,77.677434,Govt of Tamil Nadu - Health Dept,Government of Tamil Nadu,08:00-16:00 (Standard PHC/HSC)
1922,"PHC, Nasiyanur",Primary Health Centre (PHC),Primary Level (PHC Medical Officer & VHN Supervisor),Erode,638107,11.33618,77.63941,Govt of Tamil Nadu - Health Dept,Government of Tamil Nadu,08:00-16:00 (Standard PHC/HSC)
1923,"Government Hospital, Kattumannar Koil",Government District / Taluk Hospital,District / Secondary Referral Level,Cuddalore,608301,11.284207,79.551805,Govt of Tamil Nadu - Health Dept,Government of Tamil Nadu,24/7
1924,Valikandapuram PHC,Primary Health Centre (PHC),Primary Level (PHC Medical Officer & VHN Supervisor),Perambalur,621115,11.315107,78.918744,Govt of Tamil Nadu - Health Dept,Government of Tamil Nadu,08:00-16:00 (Standard PHC/HSC)
1925,"PHC, Kumaratchi",Primary Health Centre (PHC),Primary Level (PHC Medical Officer & VHN Supervisor),Cuddalore,608302,11.310463,79.624122,Govt of Tamil Nadu - Health Dept,Government of Tamil Nadu,08:00-16:00 (Standard PHC/HSC)
1926,"PHC, Elleri",Primary Health Centre (PHC),Primary Level (PHC Medical Officer & VHN Supervisor),Cuddalore,608303,11.307385,79.569852,Govt of Tamil Nadu - Health Dept,Government of Tamil Nadu,08:00-16:00 (Standard PHC/HSC)
1927,Talavady PHC,Primary Health Centre (PHC),Primary Level (PHC Medical Officer & VHN Supervisor),Erode,638461,11.775065,77.004193,Govt of Tamil Nadu - Health Dept,Government of Tamil Nadu,08:00-16:00 (Standard PHC/HSC)
1928,"PHC, Kollidam",Primary Health Centre (PHC),Primary Level (PHC Medical Officer & VHN Supervisor),Nagapattinam,609102,11.3299,79.722179,Govt of Tamil Nadu - Health Dept,Government of Tamil Nadu,08:00-16:00 (Standard PHC/HSC)
1929,"PHC, Kachirapalayam",Primary Health Centre (PHC),Primary Level (PHC Medical Officer & VHN Supervisor),Viluppuram,606207,11.77418,78.868446,Govt of Tamil Nadu - Health Dept,Government of Tamil Nadu,08:00-16:00 (Standard PHC/HSC)
1930,"PHC, Idayakurichi",Primary Health Centre (PHC),Primary Level (PHC Medical Officer & VHN Supervisor),Ariyalur,621719,11.32629,79.273518,Govt of Tamil Nadu - Health Dept,Government of Tamil Nadu,08:00-16:00 (Standard PHC/HSC)
1931,"UPHC, Karumandisellipalayam",Urban Primary Health Centre (UPHC),Urban Primary Level (USHA Base),Erode,638057,11.29744,77.574569,Govt of Tamil Nadu - Health Dept,Government of Tamil Nadu,08:00-16:00 (Standard PHC/HSC)
1932,"PHC, Kalamarudur",Primary Health Centre (PHC),Primary Level (PHC Medical Officer & VHN Supervisor),Viluppuram,606102,11.76872,79.308961,Govt of Tamil Nadu - Health Dept,Government of Tamil Nadu,08:00-16:00 (Standard PHC/HSC)
1933,"Government Hospital, Thingalur",Government District / Taluk Hospital,District / Secondary Referral Level,Erode,638055,11.323718,77.485462,Govt of Tamil Nadu - Health Dept,Government of Tamil Nadu,24/7
1934,"Government Maternity Hospital, Agathiar",Government Health Facility / Clinic,Community Health Post,Erode,638001,11.33716,77.727075,Govt of Tamil Nadu - Health Dept,Government of Tamil Nadu,08:00-16:00 (Standard PHC/HSC)
1935,T.Oranally PHC,Primary Health Centre (PHC),Primary Level (PHC Medical Officer & VHN Supervisor),Nilgiris,643003,11.317298,76.665511,Govt of Tamil Nadu - Health Dept,Government of Tamil Nadu,08:00-16:00 (Standard PHC/HSC)
1936,"Government Hospital, Veppur",Government District / Taluk Hospital,District / Secondary Referral Level,Perambalur,621717,11.31459,79.064626,Govt of Tamil Nadu - Health Dept,Government of Tamil Nadu,24/7
1937,Manakudaiyan Government Hospital,Government District / Taluk Hospital,District / Secondary Referral Level,Ariyalur,621719,11.334552,79.231802,Govt of Tamil Nadu - Health Dept,Government of Tamil Nadu,24/7
1938,Government Hospital Anukkur,Government District / Taluk Hospital,District / Secondary Referral Level,Perambalur,621219,11.330874,78.859992,Govt of Tamil Nadu - Health Dept,Government of Tamil Nadu,24/7
1939,"Manickampalayam, Government Hospital",Government District / Taluk Hospital,District / Secondary Referral Level,Namakkal,637202,11.32887,78.017713,Govt of Tamil Nadu - Health Dept,Government of Tamil Nadu,24/7
1940,Sirumugai PHC,Primary Health Centre (PHC),Primary Level (PHC Medical Officer & VHN Supervisor),Coimbatore,641302,11.324361,77.003764,Govt of Tamil Nadu - Health Dept,Government of Tamil Nadu,08:00-16:00 (Standard PHC/HSC)
1941,Thungapuram PHC,Primary Health Centre (PHC),Primary Level (PHC Medical Officer & VHN Supervisor),Perambalur,621716,11.290461,79.10895,Govt of Tamil Nadu - Health Dept,Government of Tamil Nadu,08:00-16:00 (Standard PHC/HSC)
1942,"PHC, Kokkarayanpettai",Primary Health Centre (PHC),Primary Level (PHC Medical Officer & VHN Supervisor),Namakkal,638007,11.31478,77.793148,Govt of Tamil Nadu - Health Dept,Government of Tamil Nadu,08:00-16:00 (Standard PHC/HSC)
1943,Sendamangalam Government Hospital,Government District / Taluk Hospital,District / Secondary Referral Level,Namakkal,637409,11.27988,78.234922,Govt of Tamil Nadu - Health Dept,Government of Tamil Nadu,24/7
1944,"PHC, Chithalanthur",Primary Health Centre (PHC),Primary Level (PHC Medical Officer & VHN Supervisor),Namakkal,637201,11.3139,77.921873,Govt of Tamil Nadu - Health Dept,Government of Tamil Nadu,08:00-16:00 (Standard PHC/HSC)
1945,Melpattampakkam PHC,Primary Health Centre (PHC),Primary Level (PHC Medical Officer & VHN Supervisor),Cuddalore,607104,11.787669,79.633419,Govt of Tamil Nadu - Health Dept,Government of Tamil Nadu,08:00-16:00 (Standard PHC/HSC)
1946,"Government Hospital, Semmandapatty",Government District / Taluk Hospital,District / Secondary Referral Level,Salem,636309,11.79257,78.029599,Govt of Tamil Nadu - Health Dept,Government of Tamil Nadu,24/7
1947,"Yercaud, Government Hospital",Government District / Taluk Hospital,District / Secondary Referral Level,Salem,636601,11.778651,78.214548,Govt of Tamil Nadu - Health Dept,Government of Tamil Nadu,24/7
1948,Panruti PHC,Primary Health Centre (PHC),Primary Level (PHC Medical Officer & VHN Supervisor),Cuddalore,607106,11.773359,79.545269,Govt of Tamil Nadu - Health Dept,Government of Tamil Nadu,08:00-16:00 (Standard PHC/HSC)
1949,Soorampettai UPHC,Urban Primary Health Centre (UPHC),Urban Primary Level (USHA Base),Erode,638009,11.32797,77.710921,Govt of Tamil Nadu - Health Dept,Government of Tamil Nadu,08:00-16:00 (Standard PHC/HSC)
1950,Mathiravelur PHC,Primary Health Centre (PHC),Primary Level (PHC Medical Officer & VHN Supervisor),Nagapattinam,609102,11.29708,79.673868,Govt of Tamil Nadu - Health Dept,Government of Tamil Nadu,08:00-16:00 (Standard PHC/HSC)
1951,Vinaitheerthapuram PHC,Primary Health Centre (PHC),Primary Level (PHC Medical Officer & VHN Supervisor),Namakkal,637019,11.322272,78.172906,Govt of Tamil Nadu - Health Dept,Government of Tamil Nadu,24/7
1952,"Government Hospital, Geermalam",Government District / Taluk Hospital,District / Secondary Referral Level,Erode,638503,11.761623,77.232089,Govt of Tamil Nadu - Health Dept,Government of Tamil Nadu,24/7
1953,Murukkankudi PHC,Primary Health Centre (PHC),Primary Level (PHC Medical Officer & VHN Supervisor),Perambalur,621133,11.320406,78.990531,Govt of Tamil Nadu - Health Dept,Government of Tamil Nadu,08:00-16:00 (Standard PHC/HSC)
1954,"PHC, Kunnam",Primary Health Centre (PHC),Primary Level (PHC Medical Officer & VHN Supervisor),Nagapattinam,609108,11.28031,79.681085,Govt of Tamil Nadu - Health Dept,Government of Tamil Nadu,08:00-16:00 (Standard PHC/HSC)
1955,"Government Hospital, Kuzhumoor",Government District / Taluk Hospital,District / Secondary Referral Level,Ariyalur,621716,11.3142,79.150918,Govt of Tamil Nadu - Health Dept,Government of Tamil Nadu,24/7
1956,"PHC, Esanai",Primary Health Centre (PHC),Primary Level (PHC Medical Officer & VHN Supervisor),Perambalur,621219,11.31264,78.824956,Govt of Tamil Nadu - Health Dept,Government of Tamil Nadu,08:00-16:00 (Standard PHC/HSC)
1957,Thumbal PHC,Primary Health Centre (PHC),Primary Level (PHC Medical Officer & VHN Supervisor),Salem,636114,11.782919,78.522267,Govt of Tamil Nadu - Health Dept,Government of Tamil Nadu,08:00-16:00 (Standard PHC/HSC)
1958,Nellikuppam PHC,Primary Health Centre (PHC),Primary Level (PHC Medical Officer & VHN Supervisor),Cuddalore,607105,11.776328,79.668369,Govt of Tamil Nadu - Health Dept,Government of Tamil Nadu,08:00-16:00 (Standard PHC/HSC)
1959,"Pachamalai, PHC",Primary Health Centre (PHC),Primary Level (PHC Medical Officer & VHN Supervisor),Salem,636110,11.32851,78.564499,Govt of Tamil Nadu - Health Dept,Government of Tamil Nadu,08:00-16:00 (Standard PHC/HSC)
1960,"PHC, Andimadam",Primary Health Centre (PHC),Primary Level (PHC Medical Officer & VHN Supervisor),Ariyalur,621704,11.337561,79.373419,Govt of Tamil Nadu - Health Dept,Government of Tamil Nadu,08:00-16:00 (Standard PHC/HSC)
1961,"Government Hospital, Mettupalayam",Government District / Taluk Hospital,District / Secondary Referral Level,Coimbatore,641301,11.289143,76.940961,Govt of Tamil Nadu - Health Dept,Government of Tamil Nadu,24/7
1962,"PHC, Colacombai",Primary Health Centre (PHC),Primary Level (PHC Medical Officer & VHN Supervisor),Nilgiris,643218,11.28555,76.741382,Govt of Tamil Nadu - Health Dept,Government of Tamil Nadu,08:00-16:00 (Standard PHC/HSC)
1963,"PHC, Eraiyur",Primary Health Centre (PHC),Primary Level (PHC Medical Officer & VHN Supervisor),Viluppuram,607201,11.791348,79.194198,Govt of Tamil Nadu - Health Dept,Government of Tamil Nadu,08:00-16:00 (Standard PHC/HSC)
1964,"PHC, Irumborai",Primary Health Centre (PHC),Primary Level (PHC Medical Officer & VHN Supervisor),Coimbatore,641302,11.338744,77.097511,Govt of Tamil Nadu - Health Dept,Government of Tamil Nadu,08:00-16:00 (Standard PHC/HSC)
1965,Top Sengattupatti PHC,Primary Health Centre (PHC),Primary Level (PHC Medical Officer & VHN Supervisor),Tiruchirappalli,621011,11.308255,78.584325,Govt of Tamil Nadu - Health Dept,Government of Tamil Nadu,08:00-16:00 (Standard PHC/HSC)
1966,"PHC, Kalappanaickenpatti",Primary Health Centre (PHC),Primary Level (PHC Medical Officer & VHN Supervisor),Namakkal,637404,11.331466,78.256677,Govt of Tamil Nadu - Health Dept,Government of Tamil Nadu,08:00-16:00 (Standard PHC/HSC)
1967,Moolakadai PHC,Primary Health Centre (PHC),Primary Level (PHC Medical Officer & VHN Supervisor),Salem,636303,11.77469,77.735139,Govt of Tamil Nadu - Health Dept,Government of Tamil Nadu,08:00-16:00 (Standard PHC/HSC)
1968,"PHC, Gettiseviyur",Primary Health Centre (PHC),Primary Level (PHC Medical Officer & VHN Supervisor),Erode,638055,11.33766,77.412197,Govt of Tamil Nadu - Health Dept,Government of Tamil Nadu,08:00-16:00 (Standard PHC/HSC)
1969,"PHC, Malayampalayam",Primary Health Centre (PHC),Primary Level (PHC Medical Officer & VHN Supervisor),Erode,638460,11.28737,77.330909,Govt of Tamil Nadu - Health Dept,Government of Tamil Nadu,08:00-16:00 (Standard PHC/HSC)
1970,Thiruvandipuram PHC,Primary Health Centre (PHC),Primary Level (PHC Medical Officer & VHN Supervisor),Cuddalore,607401,11.752264,79.713059,Govt of Tamil Nadu - Health Dept,Government of Tamil Nadu,08:00-16:00 (Standard PHC/HSC)
1971,Pagalpatti PHC,Primary Health Centre (PHC),Primary Level (PHC Medical Officer & VHN Supervisor),Salem,636304,11.70267,78.050086,Govt of Tamil Nadu - Health Dept,Government of Tamil Nadu,08:00-16:00 (Standard PHC/HSC)
1972,Vellalapatti PHC,Primary Health Centre (PHC),Primary Level (PHC Medical Officer & VHN Supervisor),Salem,636012,11.749363,78.102328,Govt of Tamil Nadu - Health Dept,Government of Tamil Nadu,08:00-16:00 (Standard PHC/HSC)
1973,Naduveerapattu PHC,Primary Health Centre (PHC),Primary Level (PHC Medical Officer & VHN Supervisor),Cuddalore,607102,11.72171,79.626636,Govt of Tamil Nadu - Health Dept,Government of Tamil Nadu,08:00-16:00 (Standard PHC/HSC)
1974,Omalur Government Hospital,Government District / Taluk Hospital,District / Secondary Referral Level,Salem,636016,11.74161,78.044296,Govt of Tamil Nadu - Health Dept,Government of Tamil Nadu,24/7
1975,"Government hospital,Belur",Government District / Taluk Hospital,District / Secondary Referral Level,Salem,636104,11.70532,78.419538,Govt of Tamil Nadu - Health Dept,Government of Tamil Nadu,24/7
1976,Painapuram PHC,Primary Health Centre (PHC),Primary Level (PHC Medical Officer & VHN Supervisor),Erode,638461,11.69928,76.890891,Govt of Tamil Nadu - Health Dept,Government of Tamil Nadu,08:00-16:00 (Standard PHC/HSC)
1977,Vandipalayam UPHC,Urban Primary Health Centre (UPHC),Urban Primary Level (USHA Base),Cuddalore,607004,11.746544,79.754065,Govt of Tamil Nadu - Health Dept,Government of Tamil Nadu,08:00-16:00 (Standard PHC/HSC)
1978,"UPHC, Nangavalli",Urban Primary Health Centre (UPHC),Urban Primary Level (USHA Base),Salem,636454,11.758187,77.893715,Govt of Tamil Nadu - Health Dept,Government of Tamil Nadu,08:00-16:00 (Standard PHC/HSC)
1979,"PHC, Elavanasurkottai",Primary Health Centre (PHC),Primary Level (PHC Medical Officer & VHN Supervisor),Viluppuram,607202,11.714667,79.177944,Govt of Tamil Nadu - Health Dept,Government of Tamil Nadu,08:00-16:00 (Standard PHC/HSC)
1980,Soolankurichi PHC,Primary Health Centre (PHC),Primary Level (PHC Medical Officer & VHN Supervisor),Salem,636138,11.739287,78.594932,Govt of Tamil Nadu - Health Dept,Government of Tamil Nadu,08:00-16:00 (Standard PHC/HSC)
1981,Mudiyanur PHC,Primary Health Centre (PHC),Primary Level (PHC Medical Officer & VHN Supervisor),Viluppuram,606203,11.70279,79.03579,Govt of Tamil Nadu - Health Dept,Government of Tamil Nadu,08:00-16:00 (Standard PHC/HSC)
1982,Vanavasi PHC,Primary Health Centre (PHC),Primary Level (PHC Medical Officer & VHN Supervisor),Salem,636457,11.750504,77.870273,Govt of Tamil Nadu - Health Dept,Government of Tamil Nadu,08:00-16:00 (Standard PHC/HSC)
1983,"Government Hospital, Jalakandapuram",Government District / Taluk Hospital,District / Secondary Referral Level,Salem,636501,11.699879,77.879202,Govt of Tamil Nadu - Health Dept,Government of Tamil Nadu,24/7
1984,Thiruvathipuram PHC,Primary Health Centre (PHC),Primary Level (PHC Medical Officer & VHN Supervisor),Tiruvannamalai,607401,11.748496,79.711871,Govt of Tamil Nadu - Health Dept,Government of Tamil Nadu,08:00-16:00 (Standard PHC/HSC)
1985,Thirunavalur PHC,Primary Health Centre (PHC),Primary Level (PHC Medical Officer & VHN Supervisor),Viluppuram,607204,11.75973,79.392075,Govt of Tamil Nadu - Health Dept,Government of Tamil Nadu,08:00-16:00 (Standard PHC/HSC)
1986,Pachanampatty PHC,Primary Health Centre (PHC),Primary Level (PHC Medical Officer & VHN Supervisor),Salem,636455,11.74163,78.044275,Govt of Tamil Nadu - Health Dept,Government of Tamil Nadu,08:00-16:00 (Standard PHC/HSC)
1987,Koottattupatti PHC,Primary Health Centre (PHC),Primary Level (PHC Medical Officer & VHN Supervisor),Salem,636139,11.71264,78.323107,Govt of Tamil Nadu - Health Dept,Government of Tamil Nadu,08:00-16:00 (Standard PHC/HSC)
1988,Sedapatti PHC,Primary Health Centre (PHC),Primary Level (PHC Medical Officer & VHN Supervisor),Salem,636502,11.71788,77.9483,Govt of Tamil Nadu - Health Dept,Government of Tamil Nadu,08:00-16:00 (Standard PHC/HSC)
1989,"PHC, Kilaurnagaram",Primary Health Centre (PHC),Primary Level (PHC Medical Officer & VHN Supervisor),Cuddalore,607102,11.742775,79.656675,Govt of Tamil Nadu - Health Dept,Government of Tamil Nadu,08:00-16:00 (Standard PHC/HSC)
1990,"Tholasampatti, Government Hospital",Government District / Taluk Hospital,District / Secondary Referral Level,Salem,636503,11.75638,77.973813,Govt of Tamil Nadu - Health Dept,Government of Tamil Nadu,24/7
1991,"Government Hospital, Kallakurichi",Government District / Taluk Hospital,District / Secondary Referral Level,Viluppuram,606202,11.737269,78.959192,Govt of Tamil Nadu - Health Dept,Government of Tamil Nadu,24/7
1992,Vellakarai PHC,Primary Health Centre (PHC),Primary Level (PHC Medical Officer & VHN Supervisor),Cuddalore,607003,11.70127,79.685898,Govt of Tamil Nadu - Health Dept,Government of Tamil Nadu,08:00-16:00 (Standard PHC/HSC)
1993,"PHC, Karuppur",Primary Health Centre (PHC),Primary Level (PHC Medical Officer & VHN Supervisor),Salem,636012,11.74905,78.10887,Govt of Tamil Nadu - Health Dept,Government of Tamil Nadu,08:00-16:00 (Standard PHC/HSC)
1994,Cuddalore PHC,Primary Health Centre (PHC),Primary Level (PHC Medical Officer & VHN Supervisor),Cuddalore,607003,11.718294,79.773534,Govt of Tamil Nadu - Health Dept,Government of Tamil Nadu,Mo-Su 08:00-18:00
1995,Valaisayur PHC,Primary Health Centre (PHC),Primary Level (PHC Medical Officer & VHN Supervisor),Salem,636122,11.704819,78.247941,Govt of Tamil Nadu - Health Dept,Government of Tamil Nadu,08:00-16:00 (Standard PHC/HSC)
1996,Government siddha hospital,Government Health Facility / Clinic,Community Health Post,Kanchipuram,631605,12.795639,79.818348,Govt of Tamil Nadu - Health Dept,Government of Tamil Nadu,08:00-16:00 (Standard PHC/HSC)
1997,Arasavanangadu Government Hospital,Government District / Taluk Hospital,District / Secondary Referral Level,Tiruvarur,612603,10.828,79.554381,Govt of Tamil Nadu - Health Dept,Government of Tamil Nadu,24/7
1998,Primary health Center,Primary Health Centre (PHC),Primary Level (PHC Medical Officer & VHN Supervisor),Tiruvallur,602024,13.120707,79.996029,Govt of Tamil Nadu - Health Dept,Primary hospital,08:00-16:00 (Standard PHC/HSC)
1999,Primary Health Care Centre,Primary Health Centre (PHC),Primary Level (PHC Medical Officer & VHN Supervisor),Tiruvallur,601201,13.526644,80.068619,Govt of Tamil Nadu - Health Dept,Government of Tamil Nadu,08:00-16:00 (Standard PHC/HSC)
2000,ESI Dispensary,Primary Health Centre (PHC),Primary Level (PHC Medical Officer & VHN Supervisor),Tiruvallur,600056,13.050821,80.113306,Unspecified,Unspecified,08:00-16:00 (Standard PHC/HSC)
2001,ESI Dispensary,Primary Health Centre (PHC),Primary Level (PHC Medical Officer & VHN Supervisor),Tiruvallur,602003,13.114178,79.909247,Unspecified,Unspecified,08:00-16:00 (Standard PHC/HSC)
2002,ESI Dispensary,Primary Health Centre (PHC),Primary Level (PHC Medical Officer & VHN Supervisor),Kanchipuram,631501,12.830156,79.700824,Unspecified,Unspecified,08:00-16:00 (Standard PHC/HSC)
2003,Primary Health Centre,Primary Health Centre (PHC),Primary Level (PHC Medical Officer & VHN Supervisor),Chengalpattu,603102,12.57149,80.154526,Govt of Tamil Nadu - Health Dept,Government of Tamil Nadu,08:00-16:00 (Standard PHC/HSC)
2004,Asha Hospital,Government Health Facility / Clinic,Community Health Post,Chengalpattu,603312,12.447917,80.002471,Govt of Tamil Nadu - Health Dept,Government of Tamil Nadu,08:00-16:00 (Standard PHC/HSC)
2005,Primary Health Centre,Primary Health Centre (PHC),Primary Level (PHC Medical Officer & VHN Supervisor),Kanchipuram,602301,12.885686,80.013564,Govt of Tamil Nadu - Health Dept,Government of Tamil Nadu,08:00-16:00 (Standard PHC/HSC)
2006,ESIC Dispensary,Primary Health Centre (PHC),Primary Level (PHC Medical Officer & VHN Supervisor),Chengalpattu,603306,12.510386,79.889697,Unspecified,Unspecified,08:00-16:00 (Standard PHC/HSC)
2007,Raghav's Clinic,Government Health Facility / Clinic,Community Health Post,Kanchipuram,602105,12.964631,79.944409,Govt of Tamil Nadu - Health Dept,Government of Tamil Nadu,08:00-16:00 (Standard PHC/HSC)
2008,ESI Dispensary,Primary Health Centre (PHC),Primary Level (PHC Medical Officer & VHN Supervisor),Kanchipuram,603204,12.791062,80.029115,Unspecified,Unspecified,08:00-16:00 (Standard PHC/HSC)
2009,Government Hospital,Government District / Taluk Hospital,District / Secondary Referral Level,Kanchipuram,603001,12.675575,79.978293,Govt of Tamil Nadu - Health Dept,Government of Tamil Nadu,24/7
2010,Sub Health Centre,Primary Health Centre (PHC),Primary Level (PHC Medical Officer & VHN Supervisor),Kanchipuram,603203,12.812818,80.029926,Unspecified,Unspecified,08:00-16:00 (Standard PHC/HSC)
2011,Primary Health Centre,Primary Health Centre (PHC),Primary Level (PHC Medical Officer & VHN Supervisor),Chengalpattu,600063,12.908202,80.094347,Govt of Tamil Nadu - Health Dept,Government of Tamil Nadu,08:00-16:00 (Standard PHC/HSC)
2012,Sri Raghav Child Care Centre,Government Health Facility / Clinic,Community Health Post,Chengalpattu,600063,12.911081,80.096401,Govt of Tamil Nadu - Health Dept,Government of Tamil Nadu,08:00-16:00 (Standard PHC/HSC)
2013,Government Hospital,Government District / Taluk Hospital,District / Secondary Referral Level,Chengalpattu,600126,12.907366,80.157127,Govt of Tamil Nadu - Health Dept,Government of Tamil Nadu,24/7
2014,Primary Health Centre,Primary Health Centre (PHC),Primary Level (PHC Medical Officer & VHN Supervisor),Chengalpattu,600073,12.920547,80.155718,Govt of Tamil Nadu - Health Dept,Government of Tamil Nadu,08:00-16:00 (Standard PHC/HSC)
2015,Urban Primary Health Centre,Urban Primary Health Centre (UPHC),Urban Primary Level (USHA Base),Chengalpattu,600100,12.912458,80.196579,Govt of Tamil Nadu - Health Dept,Government of Tamil Nadu,08:00-16:00 (Standard PHC/HSC)
2016,ESI Dispensary,Primary Health Centre (PHC),Primary Level (PHC Medical Officer & VHN Supervisor),Chengalpattu,600044,12.958815,80.145051,Unspecified,Unspecified,08:00-16:00 (Standard PHC/HSC)
2017,Urban Primary Health Centre,Urban Primary Health Centre (UPHC),Urban Primary Level (USHA Base),Chengalpattu,600044,12.947808,80.158291,Govt of Tamil Nadu - Health Dept,Government of Tamil Nadu,08:00-16:00 (Standard PHC/HSC)
2018,Urban Primary Health Centre,Urban Primary Health Centre (UPHC),Urban Primary Level (USHA Base),Chengalpattu,600064,12.93658,80.145877,Govt of Tamil Nadu - Health Dept,Government of Tamil Nadu,08:00-16:00 (Standard PHC/HSC)
2019,Urban Health Centre,Primary Health Centre (PHC),Primary Level (PHC Medical Officer & VHN Supervisor),Chengalpattu,600044,12.946072,80.138732,Unspecified,Unspecified,08:00-16:00 (Standard PHC/HSC)
2020,Health Sub Centre,Health Sub-Centre (HSC) / Health & Wellness Centre (HWC),Village / Sub-Centre Level (ASHA / VHN Base),Chengalpattu,600069,12.991248,80.100574,Govt of Tamil Nadu - Health Dept,Government of Tamil Nadu,08:00-16:00 (Standard PHC/HSC)
2021,Primary Health Centre,Primary Health Centre (PHC),Primary Level (PHC Medical Officer & VHN Supervisor),Chengalpattu,600128,13.010074,80.114193,Govt of Tamil Nadu - Health Dept,Government of Tamil Nadu,08:00-16:00 (Standard PHC/HSC)
2022,Shali Day & Night Hospital,Government Health Facility / Clinic,Community Health Post,Chennai,600094,13.051996,80.204702,Govt of Tamil Nadu - Health Dept,Government of Tamil Nadu,08:00-16:00 (Standard PHC/HSC)
2023,Government Hospital,Government District / Taluk Hospital,District / Secondary Referral Level,Chennai,600082,13.109337,80.231285,Govt of Tamil Nadu - Health Dept,Government of Tamil Nadu,24/7
2024,Rural Health Centre,Primary Health Centre (PHC),Primary Level (PHC Medical Officer & VHN Supervisor),Viluppuram,605109,12.017229,79.76867,Unspecified,Unspecified,08:00-16:00 (Standard PHC/HSC)
2025,Primary Health Centre,Primary Health Centre (PHC),Primary Level (PHC Medical Officer & VHN Supervisor),Viluppuram,604151,12.247628,79.333963,Govt of Tamil Nadu - Health Dept,Government of Tamil Nadu,08:00-16:00 (Standard PHC/HSC)
2026,Urban Primary Health Centre,Urban Primary Health Centre (UPHC),Urban Primary Level (USHA Base),Viluppuram,604001,12.221249,79.651916,Govt of Tamil Nadu - Health Dept,Government of Tamil Nadu,08:00-16:00 (Standard PHC/HSC)
2027,Government Hospital,Government District / Taluk Hospital,District / Secondary Referral Level,Viluppuram,605201,12.119155,79.384156,Govt of Tamil Nadu - Health Dept,Government of Tamil Nadu,24/7
2028,Shree Raghavendra Dental Care Hospital,Government Health Facility / Clinic,Community Health Post,Tiruvannamalai,606601,12.233764,79.069111,Govt of Tamil Nadu - Health Dept,Government of Tamil Nadu,08:00-16:00 (Standard PHC/HSC)
2029,Government Hospital,Government District / Taluk Hospital,District / Secondary Referral Level,Sivaganga,630410,10.289446,78.47758,Govt of Tamil Nadu - Health Dept,Government of Tamil Nadu,24/7
2030,Sub Health Centre,Primary Health Centre (PHC),Primary Level (PHC Medical Officer & VHN Supervisor),Sivaganga,630553,10.000609,78.516833,Unspecified,Unspecified,08:00-16:00 (Standard PHC/HSC)
2031,Primary Government Hospital,Government District / Taluk Hospital,District / Secondary Referral Level,Sivaganga,630410,10.324853,78.507898,Govt of Tamil Nadu - Health Dept,Government of Tamil Nadu,24/7
2032,Primary Health Centre,Primary Health Centre (PHC),Primary Level (PHC Medical Officer & VHN Supervisor),Sivaganga,630561,9.857618,78.491248,Govt of Tamil Nadu - Health Dept,Government of Tamil Nadu,08:00-16:00 (Standard PHC/HSC)
2033,Government District Hospital,Government District / Taluk Hospital,District / Secondary Referral Level,Sivaganga,630561,9.840094,78.485332,Govt of Tamil Nadu - Health Dept,Government of Tamil Nadu,24/7
2034,Primary Health Centre,Primary Health Centre (PHC),Primary Level (PHC Medical Officer & VHN Supervisor),Sivaganga,630552,9.960907,78.491309,Govt of Tamil Nadu - Health Dept,Government of Tamil Nadu,08:00-16:00 (Standard PHC/HSC)
2035,Government Hospital,Government District / Taluk Hospital,District / Secondary Referral Level,Sivaganga,630561,9.828522,78.52089,Govt of Tamil Nadu - Health Dept,Government of Tamil Nadu,24/7
2036,Pillur Government Primary Hospital,Government Health Facility / Clinic,Community Health Post,Sivaganga,630561,9.838749,78.413747,Govt of Tamil Nadu - Health Dept,Government of Tamil Nadu,08:00-16:00 (Standard PHC/HSC)
2037,Sub Health Centre,Primary Health Centre (PHC),Primary Level (PHC Medical Officer & VHN Supervisor),Sivaganga,630561,9.832515,78.481959,Unspecified,Unspecified,08:00-16:00 (Standard PHC/HSC)
2038,Primary Health Centre,Primary Health Centre (PHC),Primary Level (PHC Medical Officer & VHN Supervisor),Sivaganga,630558,9.964099,78.584094,Govt of Tamil Nadu - Health Dept,Government of Tamil Nadu,08:00-16:00 (Standard PHC/HSC)
2039,Primary Health Centre,Primary Health Centre (PHC),Primary Level (PHC Medical Officer & VHN Supervisor),Sivaganga,630205,10.216714,78.64084,Govt of Tamil Nadu - Health Dept,Government of Tamil Nadu,08:00-16:00 (Standard PHC/HSC)
2040,Urban Primary Health Centre,Urban Primary Health Centre (UPHC),Urban Primary Level (USHA Base),Sivaganga,630561,9.850706,78.495455,Govt of Tamil Nadu - Health Dept,Government of Tamil Nadu,08:00-16:00 (Standard PHC/HSC)
2041,Primary Healthy Centre,Primary Health Centre (PHC),Primary Level (PHC Medical Officer & VHN Supervisor),Thanjavur,613007,10.781213,79.12555,Govt of Tamil Nadu - Health Dept,Government of Tamil Nadu,08:00-16:00 (Standard PHC/HSC)
2042,Government Eye Hospital,Government Health Facility / Clinic,Community Health Post,Thanjavur,613001,10.785361,79.138571,Govt of Tamil Nadu - Health Dept,Government of Tamil Nadu,08:00-16:00 (Standard PHC/HSC)
2043,Urban Primary Health Centre,Urban Primary Health Centre (UPHC),Urban Primary Level (USHA Base),Thanjavur,613001,10.773998,79.14149,Govt of Tamil Nadu - Health Dept,Government of Tamil Nadu,08:00-16:00 (Standard PHC/HSC)
2044,Government Hospital,Government District / Taluk Hospital,District / Secondary Referral Level,Thanjavur,614802,10.249097,79.279111,Govt of Tamil Nadu - Health Dept,Government of Tamil Nadu,24/7
2045,Sub-Health Centre,Primary Health Centre (PHC),Primary Level (PHC Medical Officer & VHN Supervisor),Thanjavur,614802,10.249308,79.278868,Unspecified,Unspecified,08:00-16:00 (Standard PHC/HSC)
2046,Government Hospital,Government District / Taluk Hospital,District / Secondary Referral Level,Pudukkottai,614805,10.176058,79.121705,Govt of Tamil Nadu - Health Dept,Government of Tamil Nadu,24/7
2047,Papaya Achchi Hospital,Community Health Centre (CHC / Block PHC),Block / CHC Referral Level,Pudukkottai,622407,10.27924,78.531792,Govt of Tamil Nadu - Health Dept,Government of Tamil Nadu,24/7
2048,ESI Dispensary,Primary Health Centre (PHC),Primary Level (PHC Medical Officer & VHN Supervisor),Nagapattinam,609001,11.094156,79.650956,Unspecified,Unspecified,08:00-16:00 (Standard PHC/HSC)
2049,Primary Healthy Centre,Primary Health Centre (PHC),Primary Level (PHC Medical Officer & VHN Supervisor),Tiruvarur,609501,10.972045,79.609588,Govt of Tamil Nadu - Health Dept,Government of Tamil Nadu,08:00-16:00 (Standard PHC/HSC)
2050,Government Hospital,Government District / Taluk Hospital,District / Secondary Referral Level,Tiruvarur,610001,10.764002,79.639955,Govt of Tamil Nadu - Health Dept,Government of Tamil Nadu,24/7
2051,Health Sub Centre,Health Sub-Centre (HSC) / Health & Wellness Centre (HWC),Village / Sub-Centre Level (ASHA / VHN Base),Tiruvarur,610105,10.888339,79.562133,Govt of Tamil Nadu - Health Dept,Government of Tamil Nadu,08:00-16:00 (Standard PHC/HSC)
2052,Primary Healthy Centre,Primary Health Centre (PHC),Primary Level (PHC Medical Officer & VHN Supervisor),Tiruvarur,609501,10.927522,79.510977,Govt of Tamil Nadu - Health Dept,Government of Tamil Nadu,08:00-16:00 (Standard PHC/HSC)
2053,Government Hospital,Government District / Taluk Hospital,District / Secondary Referral Level,Tiruvarur,614703,10.443537,79.589063,Govt of Tamil Nadu - Health Dept,Government of Tamil Nadu,24/7
2054,Government Hospital,Government District / Taluk Hospital,District / Secondary Referral Level,Tiruvarur,614018,10.596984,79.425105,Govt of Tamil Nadu - Health Dept,Government of Tamil Nadu,24/7
2055,Primary Healthy Centre,Primary Health Centre (PHC),Primary Level (PHC Medical Officer & VHN Supervisor),Tiruvarur,614015,10.56581,79.423736,Govt of Tamil Nadu - Health Dept,Government of Tamil Nadu,08:00-16:00 (Standard PHC/HSC)
2056,Primary Healthy Centre,Primary Health Centre (PHC),Primary Level (PHC Medical Officer & VHN Supervisor),Tiruvarur,614715,10.565759,79.61219,Govt of Tamil Nadu - Health Dept,Government of Tamil Nadu,08:00-16:00 (Standard PHC/HSC)
2057,Dr.Srinivasaraghavan Ortho Clinic,Government Health Facility / Clinic,Community Health Post,Tiruvarur,614001,10.664986,79.446855,Govt of Tamil Nadu - Health Dept,Government of Tamil Nadu,08:00-16:00 (Standard PHC/HSC)
2058,Sub Primary Health Centre,Primary Health Centre (PHC),Primary Level (PHC Medical Officer & VHN Supervisor),Tiruvarur,614716,10.499553,79.662062,Govt of Tamil Nadu - Health Dept,Government of Tamil Nadu,08:00-16:00 (Standard PHC/HSC)
2059,Primary Healthy Centre,Primary Health Centre (PHC),Primary Level (PHC Medical Officer & VHN Supervisor),Tiruvarur,614703,10.387713,79.590472,Govt of Tamil Nadu - Health Dept,Government of Tamil Nadu,08:00-16:00 (Standard PHC/HSC)
2060,Health Sub Centre,Health Sub-Centre (HSC) / Health & Wellness Centre (HWC),Village / Sub-Centre Level (ASHA / VHN Base),Tiruvarur,614704,10.415469,79.491643,Govt of Tamil Nadu - Health Dept,Government of Tamil Nadu,08:00-16:00 (Standard PHC/HSC)
2061,Primary Healthy Centre,Primary Health Centre (PHC),Primary Level (PHC Medical Officer & VHN Supervisor),Tiruvarur,614715,10.553881,79.628844,Govt of Tamil Nadu - Health Dept,Government of Tamil Nadu,08:00-16:00 (Standard PHC/HSC)
2062,Primary Healthy Centre,Primary Health Centre (PHC),Primary Level (PHC Medical Officer & VHN Supervisor),Tiruvarur,614001,10.630198,79.439479,Govt of Tamil Nadu - Health Dept,Government of Tamil Nadu,08:00-16:00 (Standard PHC/HSC)
2063,Upgraded Primary Health Centre,Primary Health Centre (PHC),Primary Level (PHC Medical Officer & VHN Supervisor),Tiruvarur,614702,10.471312,79.585631,Govt of Tamil Nadu - Health Dept,Government of Tamil Nadu,08:00-16:00 (Standard PHC/HSC)
2064,Health Sub Centre,Health Sub-Centre (HSC) / Health & Wellness Centre (HWC),Village / Sub-Centre Level (ASHA / VHN Base),Tiruvarur,614704,10.403585,79.497046,Govt of Tamil Nadu - Health Dept,Government of Tamil Nadu,08:00-16:00 (Standard PHC/HSC)
2065,Government Hospital,Government District / Taluk Hospital,District / Secondary Referral Level,Tiruvarur,614708,10.603545,79.564249,Govt of Tamil Nadu - Health Dept,Government of Tamil Nadu,24/7
2066,Primary Healthy Centre,Primary Health Centre (PHC),Primary Level (PHC Medical Officer & VHN Supervisor),Thanjavur,612502,11.120375,79.490595,Govt of Tamil Nadu - Health Dept,Government of Tamil Nadu,08:00-16:00 (Standard PHC/HSC)
2067,Government Hospital,Government District / Taluk Hospital,District / Secondary Referral Level,Thanjavur,614203,10.937318,79.243103,Govt of Tamil Nadu - Health Dept,Government of Tamil Nadu,24/7
2068,Primary Healthy Centre,Primary Health Centre (PHC),Primary Level (PHC Medical Officer & VHN Supervisor),Thanjavur,612106,11.083777,79.53451,Govt of Tamil Nadu - Health Dept,Government of Tamil Nadu,08:00-16:00 (Standard PHC/HSC)
2069,Government Hospital,Government District / Taluk Hospital,District / Secondary Referral Level,Thanjavur,614205,10.926099,79.262681,Govt of Tamil Nadu - Health Dept,Government of Tamil Nadu,24/7
2070,Primary Healthy Centre,Primary Health Centre (PHC),Primary Level (PHC Medical Officer & VHN Supervisor),Thanjavur,614207,10.921154,79.241718,Govt of Tamil Nadu - Health Dept,Government of Tamil Nadu,08:00-16:00 (Standard PHC/HSC)
2071,Primary Healthy Centre,Primary Health Centre (PHC),Primary Level (PHC Medical Officer & VHN Supervisor),Tiruvarur,612605,10.832468,79.40478,Govt of Tamil Nadu - Health Dept,Government of Tamil Nadu,08:00-16:00 (Standard PHC/HSC)
2072,Government Hospital,Government District / Taluk Hospital,District / Secondary Referral Level,Thanjavur,612302,10.958895,79.327584,Govt of Tamil Nadu - Health Dept,Government of Tamil Nadu,24/7
2073,Government Hospital,Government District / Taluk Hospital,District / Secondary Referral Level,Tiruvarur,614404,10.773405,79.416816,Govt of Tamil Nadu - Health Dept,Government of Tamil Nadu,24/7
2074,Primary Healthy Centre,Primary Health Centre (PHC),Primary Level (PHC Medical Officer & VHN Supervisor),Thanjavur,612301,10.975934,79.313025,Govt of Tamil Nadu - Health Dept,Government of Tamil Nadu,08:00-16:00 (Standard PHC/HSC)
2075,Tharaghai Clinic,Government Health Facility / Clinic,Community Health Post,Tiruvarur,612701,10.897639,79.325798,Govt of Tamil Nadu - Health Dept,Government of Tamil Nadu,08:00-16:00 (Standard PHC/HSC)
2076,Sub-Health Centre,Primary Health Centre (PHC),Primary Level (PHC Medical Officer & VHN Supervisor),Tiruvarur,612804,10.890196,79.391051,Unspecified,Unspecified,08:00-16:00 (Standard PHC/HSC)
2077,Government Hospital,Government District / Taluk Hospital,District / Secondary Referral Level,Tiruvarur,612701,10.905856,79.330816,Govt of Tamil Nadu - Health Dept,Government of Tamil Nadu,24/7
2078,ESI Dispensary,Primary Health Centre (PHC),Primary Level (PHC Medical Officer & VHN Supervisor),Thanjavur,608303,10.962148,79.38907,Unspecified,Unspecified,08:00-16:00 (Standard PHC/HSC)
2079,Primary Healthy Centre,Primary Health Centre (PHC),Primary Level (PHC Medical Officer & VHN Supervisor),Thanjavur,614018,10.592115,79.267305,Govt of Tamil Nadu - Health Dept,Government of Tamil Nadu,08:00-16:00 (Standard PHC/HSC)
2080,Government Hospital,Government District / Taluk Hospital,District / Secondary Referral Level,Thanjavur,614613,10.421764,79.424862,Govt of Tamil Nadu - Health Dept,Government of Tamil Nadu,24/7
2081,Government Hospital,Government District / Taluk Hospital,District / Secondary Referral Level,Thanjavur,613104,10.863755,79.005244,Govt of Tamil Nadu - Health Dept,Government of Tamil Nadu,24/7
2082,Government Hospital,Government District / Taluk Hospital,District / Secondary Referral Level,Thanjavur,613101,10.861862,79.03943,Govt of Tamil Nadu - Health Dept,Government of Tamil Nadu,24/7
2083,Primary Health Centre,Primary Health Centre (PHC),Primary Level (PHC Medical Officer & VHN Supervisor),Thanjavur,614019,10.727344,79.271952,Govt of Tamil Nadu - Health Dept,Government of Tamil Nadu,08:00-16:00 (Standard PHC/HSC)
2084,Primary Healthy Centre,Primary Health Centre (PHC),Primary Level (PHC Medical Officer & VHN Supervisor),Thanjavur,613101,10.861437,79.039599,Govt of Tamil Nadu - Health Dept,Government of Tamil Nadu,08:00-16:00 (Standard PHC/HSC)
2085,Government Hospital,Government District / Taluk Hospital,District / Secondary Referral Level,Thanjavur,613601,10.771673,79.050058,Govt of Tamil Nadu - Health Dept,Government of Tamil Nadu,24/7
2086,Primary Healthy Centre,Primary Health Centre (PHC),Primary Level (PHC Medical Officer & VHN Supervisor),Thanjavur,614403,10.746125,79.339072,Govt of Tamil Nadu - Health Dept,Government of Tamil Nadu,08:00-16:00 (Standard PHC/HSC)
2087,Government Primary Hospital,Government Health Facility / Clinic,Community Health Post,Thanjavur,613601,10.76659,79.071235,Govt of Tamil Nadu - Health Dept,Government of Tamil Nadu,08:00-16:00 (Standard PHC/HSC)
2088,Government Hospital,Government District / Taluk Hospital,District / Secondary Referral Level,Thanjavur,614613,10.397753,79.408837,Govt of Tamil Nadu - Health Dept,Government of Tamil Nadu,24/7
2089,Primary Healthy Centre,Primary Health Centre (PHC),Primary Level (PHC Medical Officer & VHN Supervisor),Thanjavur,613403,10.73843,79.080046,Govt of Tamil Nadu - Health Dept,Government of Tamil Nadu,08:00-16:00 (Standard PHC/HSC)
2090,Primary Healthy Centre,Primary Health Centre (PHC),Primary Level (PHC Medical Officer & VHN Supervisor),Thanjavur,614625,10.653186,79.259224,Govt of Tamil Nadu - Health Dept,Government of Tamil Nadu,08:00-16:00 (Standard PHC/HSC)
2091,Government Hospital,Government District / Taluk Hospital,District / Secondary Referral Level,Thanjavur,614903,10.520079,79.398261,Govt of Tamil Nadu - Health Dept,Government of Tamil Nadu,24/7
2092,Primary Healthy Centre,Primary Health Centre (PHC),Primary Level (PHC Medical Officer & VHN Supervisor),Thanjavur,613103,10.860914,79.06842,Govt of Tamil Nadu - Health Dept,Government of Tamil Nadu,08:00-16:00 (Standard PHC/HSC)
2093,Primary Healthy Centre,Primary Health Centre (PHC),Primary Level (PHC Medical Officer & VHN Supervisor),Thanjavur,614613,10.398085,79.409254,Govt of Tamil Nadu - Health Dept,Government of Tamil Nadu,08:00-16:00 (Standard PHC/HSC)
2094,The Light Eye Hospital,Government Health Facility / Clinic,Community Health Post,Dharmapuri,636701,12.132118,78.1594,Govt of Tamil Nadu - Health Dept,Government of Tamil Nadu,08:00-16:00 (Standard PHC/HSC)
2095,Primary Health Centre,Primary Health Centre (PHC),Primary Level (PHC Medical Officer & VHN Supervisor),Sivaganga,630208,10.112303,78.736944,Govt of Tamil Nadu - Health Dept,Government of Tamil Nadu,08:00-16:00 (Standard PHC/HSC)
2096,Government Hospital,Government District / Taluk Hospital,District / Secondary Referral Level,Sivaganga,630305,10.013091,78.697266,Govt of Tamil Nadu - Health Dept,Government of Tamil Nadu,24/7
2097,Peerkalaikadu Government Hospital,Government District / Taluk Hospital,District / Secondary Referral Level,Sivaganga,630108,10.10273,78.915361,Govt of Tamil Nadu - Health Dept,Government of Tamil Nadu,24/7
2098,Sapthaghiri Hospital,Government Health Facility / Clinic,Community Health Post,Tirupathur,635601,12.49228,78.565861,Govt of Tamil Nadu - Health Dept,Government of Tamil Nadu,08:00-16:00 (Standard PHC/HSC)
2099,Government Hospital,Government District / Taluk Hospital,District / Secondary Referral Level,Tirupathur,635853,12.562176,78.642329,Govt of Tamil Nadu - Health Dept,Government of Tamil Nadu,24/7
2100,Government Hospital,Government District / Taluk Hospital,District / Secondary Referral Level,Tirupathur,635852,12.593276,78.520562,Govt of Tamil Nadu - Health Dept,Government of Tamil Nadu,24/7
2101,Primary Healthy Centre,Primary Health Centre (PHC),Primary Level (PHC Medical Officer & VHN Supervisor),Tirupathur,635601,12.493651,78.564661,Govt of Tamil Nadu - Health Dept,Government of Tamil Nadu,08:00-16:00 (Standard PHC/HSC)
2102,Sub Health Centre,Primary Health Centre (PHC),Primary Level (PHC Medical Officer & VHN Supervisor),Tirupathur,635854,12.568432,78.505823,Unspecified,Unspecified,08:00-16:00 (Standard PHC/HSC)
2103,Ramakrishna Charitable Dispensary,Primary Health Centre (PHC),Primary Level (PHC Medical Officer & VHN Supervisor),Tirupathur,635852,12.590931,78.511841,Unspecified,Unspecified,08:00-16:00 (Standard PHC/HSC)
2104,Primary Health Centre,Primary Health Centre (PHC),Primary Level (PHC Medical Officer & VHN Supervisor),Ramanathapuram,623701,9.54539,78.60357,Govt of Tamil Nadu - Health Dept,Government of Tamil Nadu,08:00-16:00 (Standard PHC/HSC)
2105,Government Hospital,Government District / Taluk Hospital,District / Secondary Referral Level,Ramanathapuram,623525,9.637984,78.858697,Govt of Tamil Nadu - Health Dept,Government of Tamil Nadu,24/7
2106,Government Hospital,Government District / Taluk Hospital,District / Secondary Referral Level,Ramanathapuram,623401,9.787552,78.825511,Govt of Tamil Nadu - Health Dept,Government of Tamil Nadu,24/7
2107,Urban Primary Health Centre,Urban Primary Health Centre (UPHC),Urban Primary Level (USHA Base),Ramanathapuram,623526,9.28646,79.304572,Govt of Tamil Nadu - Health Dept,Government of Tamil Nadu,08:00-16:00 (Standard PHC/HSC)
2108,Government Hospital,Government District / Taluk Hospital,District / Secondary Referral Level,Ramanathapuram,623517,9.273859,78.748382,Govt of Tamil Nadu - Health Dept,Government of Tamil Nadu,24/7
2109,Upgraded Government Health Centre,Primary Health Centre (PHC),Primary Level (PHC Medical Officer & VHN Supervisor),Ramanathapuram,623534,9.309661,79.01762,Govt of Tamil Nadu - Health Dept,Government of Tamil Nadu,08:00-16:00 (Standard PHC/HSC)
2110,Government Hospital,Government District / Taluk Hospital,District / Secondary Referral Level,Ramanathapuram,623532,9.282445,78.823109,Govt of Tamil Nadu - Health Dept,Government of Tamil Nadu,24/7
2111,Government Malaria Hospital,Government Health Facility / Clinic,Community Health Post,Ramanathapuram,623526,9.287191,79.310407,Govt of Tamil Nadu - Health Dept,Government of Tamil Nadu,08:00-16:00 (Standard PHC/HSC)
2112,Primary Health Centre,Primary Health Centre (PHC),Primary Level (PHC Medical Officer & VHN Supervisor),Ramanathapuram,623532,9.284778,78.825145,Govt of Tamil Nadu - Health Dept,Government of Tamil Nadu,08:00-16:00 (Standard PHC/HSC)
2113,Primary Health Centre,Primary Health Centre (PHC),Primary Level (PHC Medical Officer & VHN Supervisor),Ramanathapuram,623513,9.42553,78.90445,Govt of Tamil Nadu - Health Dept,Government of Tamil Nadu,08:00-16:00 (Standard PHC/HSC)
2114,Government Hospital,Government District / Taluk Hospital,District / Secondary Referral Level,Ramanathapuram,623513,9.448381,78.895991,Govt of Tamil Nadu - Health Dept,Government of Tamil Nadu,24/7
2115,Primary Health Centre,Primary Health Centre (PHC),Primary Level (PHC Medical Officer & VHN Supervisor),Dindigul,625602,10.162804,77.73057,Govt of Tamil Nadu - Health Dept,Government of Tamil Nadu,08:00-16:00 (Standard PHC/HSC)
2116,ESI Dispensary,Primary Health Centre (PHC),Primary Level (PHC Medical Officer & VHN Supervisor),Tirupathur,635751,12.678648,78.615062,Unspecified,Unspecified,08:00-16:00 (Standard PHC/HSC)
2117,Primary Health Centre,Primary Health Centre (PHC),Primary Level (PHC Medical Officer & VHN Supervisor),Tirupathur,635811,12.798717,78.690397,Govt of Tamil Nadu - Health Dept,Government of Tamil Nadu,08:00-16:00 (Standard PHC/HSC)
2118,Newtown Government Hospital,Government District / Taluk Hospital,District / Secondary Referral Level,Tirupathur,635752,12.674309,78.626003,Govt of Tamil Nadu - Health Dept,Government of Tamil Nadu,24/7
2119,Primary Health Centre,Primary Health Centre (PHC),Primary Level (PHC Medical Officer & VHN Supervisor),Tirupathur,635802,12.798493,78.709619,Govt of Tamil Nadu - Health Dept,Government of Tamil Nadu,08:00-16:00 (Standard PHC/HSC)
2120,Health Sub Centre,Health Sub-Centre (HSC) / Health & Wellness Centre (HWC),Village / Sub-Centre Level (ASHA / VHN Base),Tirupathur,635754,12.689383,78.610451,Govt of Tamil Nadu - Health Dept,Government of Tamil Nadu,08:00-16:00 (Standard PHC/HSC)
2121,ESIC Dispensary,Primary Health Centre (PHC),Primary Level (PHC Medical Officer & VHN Supervisor),Tirupathur,635751,12.678198,78.614701,Unspecified,Unspecified,08:00-16:00 (Standard PHC/HSC)
2122,Government Hospital,Government District / Taluk Hospital,District / Secondary Referral Level,Tirupathur,635752,12.650079,78.693879,Govt of Tamil Nadu - Health Dept,Government of Tamil Nadu,24/7
2123,Government Hospital,Government District / Taluk Hospital,District / Secondary Referral Level,Tirupathur,635811,12.796764,78.690028,Govt of Tamil Nadu - Health Dept,Government of Tamil Nadu,24/7
2124,Government Hospital,Government District / Taluk Hospital,District / Secondary Referral Level,Madurai,625532,9.982645,77.733723,Govt of Tamil Nadu - Health Dept,Government of Tamil Nadu,24/7
2125,Government Hospital,Government District / Taluk Hospital,District / Secondary Referral Level,Namakkal,637303,11.45256,77.774943,Govt of Tamil Nadu - Health Dept,Government of Tamil Nadu,24/7
2126,Government Hospital,Government District / Taluk Hospital,District / Secondary Referral Level,Salem,636107,11.572472,78.497407,Govt of Tamil Nadu - Health Dept,Government of Tamil Nadu,24/7
2127,Government Hospital,Government District / Taluk Hospital,District / Secondary Referral Level,Salem,636121,11.561765,78.676253,Govt of Tamil Nadu - Health Dept,Government of Tamil Nadu,24/7
2128,Government Hospital,Government District / Taluk Hospital,District / Secondary Referral Level,Salem,636117,11.663198,78.476583,Govt of Tamil Nadu - Health Dept,Government of Tamil Nadu,24/7
2129,Primary Health Centre,Primary Health Centre (PHC),Primary Level (PHC Medical Officer & VHN Supervisor),Salem,636105,11.519918,78.663718,Govt of Tamil Nadu - Health Dept,Government of Tamil Nadu,08:00-16:00 (Standard PHC/HSC)
2130,Government Hospital,Government District / Taluk Hospital,District / Secondary Referral Level,Salem,636102,11.597079,78.600619,Govt of Tamil Nadu - Health Dept,Government of Tamil Nadu,24/7
2131,Primary Health Centre,Primary Health Centre (PHC),Primary Level (PHC Medical Officer & VHN Supervisor),Salem,636119,11.61535,78.472432,Govt of Tamil Nadu - Health Dept,Government of Tamil Nadu,08:00-16:00 (Standard PHC/HSC)
2132,Government Hospital,Government District / Taluk Hospital,District / Secondary Referral Level,Salem,636107,11.538506,78.483591,Govt of Tamil Nadu - Health Dept,Government of Tamil Nadu,24/7
2133,Health Sub Centre,Health Sub-Centre (HSC) / Health & Wellness Centre (HWC),Village / Sub-Centre Level (ASHA / VHN Base),Salem,636121,11.571109,78.709702,Govt of Tamil Nadu - Health Dept,Government of Tamil Nadu,08:00-16:00 (Standard PHC/HSC)
2134,Sub Primary Health Centre,Primary Health Centre (PHC),Primary Level (PHC Medical Officer & VHN Supervisor),Salem,636202,11.58482,78.348835,Govt of Tamil Nadu - Health Dept,Government of Tamil Nadu,08:00-16:00 (Standard PHC/HSC)
2135,Government Hospital,Government District / Taluk Hospital,District / Secondary Referral Level,Salem,636105,11.497414,78.689966,Govt of Tamil Nadu - Health Dept,Government of Tamil Nadu,24/7
2136,Government Hospital,Government District / Taluk Hospital,District / Secondary Referral Level,Salem,636141,11.596743,78.638402,Govt of Tamil Nadu - Health Dept,Government of Tamil Nadu,24/7
2137,Government Hospital,Government District / Taluk Hospital,District / Secondary Referral Level,Salem,636110,11.350163,78.613885,Govt of Tamil Nadu - Health Dept,Government of Tamil Nadu,24/7
2138,Government Hospital,Government District / Taluk Hospital,District / Secondary Referral Level,Salem,636110,11.437014,78.524732,Govt of Tamil Nadu - Health Dept,Government of Tamil Nadu,24/7
2139,Ramakrishna Mission Charitable Dispensary,Primary Health Centre (PHC),Primary Level (PHC Medical Officer & VHN Supervisor),Salem,636007,11.670337,78.151075,Unspecified,Unspecified,08:00-16:00 (Standard PHC/HSC)
2140,Government Hospital,Government District / Taluk Hospital,District / Secondary Referral Level,Salem,636455,11.758111,78.018066,Govt of Tamil Nadu - Health Dept,Government of Tamil Nadu,24/7
2141,Sub Primary Health Centre,Primary Health Centre (PHC),Primary Level (PHC Medical Officer & VHN Supervisor),Salem,636204,11.56773,78.213229,Govt of Tamil Nadu - Health Dept,Government of Tamil Nadu,08:00-16:00 (Standard PHC/HSC)
2142,Government Hospital,Government District / Taluk Hospital,District / Secondary Referral Level,Salem,636602,11.81292,78.265009,Govt of Tamil Nadu - Health Dept,Government of Tamil Nadu,24/7
2143,Primary Health Centre,Primary Health Centre (PHC),Primary Level (PHC Medical Officer & VHN Supervisor),Salem,637501,11.529111,78.058475,Govt of Tamil Nadu - Health Dept,Government of Tamil Nadu,08:00-16:00 (Standard PHC/HSC)
2144,Government Hospital,Government District / Taluk Hospital,District / Secondary Referral Level,Salem,637502,11.624775,78.002583,Govt of Tamil Nadu - Health Dept,Government of Tamil Nadu,24/7
2145,ESI Dispensary,Primary Health Centre (PHC),Primary Level (PHC Medical Officer & VHN Supervisor),Salem,636006,11.626317,78.152595,Unspecified,Unspecified,08:00-16:00 (Standard PHC/HSC)
2146,Primary Health Centre,Primary Health Centre (PHC),Primary Level (PHC Medical Officer & VHN Supervisor),Salem,636354,11.886038,78.14428,Govt of Tamil Nadu - Health Dept,Government of Tamil Nadu,08:00-16:00 (Standard PHC/HSC)
2147,Government Hospital,Government District / Taluk Hospital,District / Secondary Referral Level,Thoothukudi,628401,8.910024,78.021363,Govt of Tamil Nadu - Health Dept,Government of Tamil Nadu,24/7
2148,Health Sub Centre,Health Sub-Centre (HSC) / Health & Wellness Centre (HWC),Village / Sub-Centre Level (ASHA / VHN Base),Thoothukudi,628902,9.153142,77.969395,Govt of Tamil Nadu - Health Dept,Government of Tamil Nadu,08:00-16:00 (Standard PHC/HSC)
2149,Government Hospital,Government District / Taluk Hospital,District / Secondary Referral Level,Thoothukudi,628907,9.216457,78.206952,Govt of Tamil Nadu - Health Dept,Government of Tamil Nadu,24/7
2150,Government Hospital,Government District / Taluk Hospital,District / Secondary Referral Level,Thoothukudi,628907,9.129046,78.16824,Govt of Tamil Nadu - Health Dept,Government of Tamil Nadu,24/7
2151,Health Sub Centre,Health Sub-Centre (HSC) / Health & Wellness Centre (HWC),Village / Sub-Centre Level (ASHA / VHN Base),Thoothukudi,628402,8.873398,78.029151,Govt of Tamil Nadu - Health Dept,Government of Tamil Nadu,08:00-16:00 (Standard PHC/HSC)
2152,Government Hospital,Government District / Taluk Hospital,District / Secondary Referral Level,Thoothukudi,628851,8.747166,77.935693,Govt of Tamil Nadu - Health Dept,Government of Tamil Nadu,24/7
2153,Primary Health Care Centre,Primary Health Centre (PHC),Primary Level (PHC Medical Officer & VHN Supervisor),Thoothukudi,628851,8.791896,77.877646,Govt of Tamil Nadu - Health Dept,Government of Tamil Nadu,08:00-16:00 (Standard PHC/HSC)
2154,Government Hospital,Government District / Taluk Hospital,District / Secondary Referral Level,Thoothukudi,628104,8.796133,77.950164,Govt of Tamil Nadu - Health Dept,Government of Tamil Nadu,24/7
2155,Government Ayurvedha Hospital,Government Health Facility / Clinic,Community Health Post,Thoothukudi,628903,8.970742,78.185307,Govt of Tamil Nadu - Health Dept,Government of Tamil Nadu,08:00-16:00 (Standard PHC/HSC)
2156,Primary Healthy Centre,Primary Health Centre (PHC),Primary Level (PHC Medical Officer & VHN Supervisor),Thoothukudi,626202,9.327475,78.047158,Govt of Tamil Nadu - Health Dept,Government of Tamil Nadu,08:00-16:00 (Standard PHC/HSC)
2157,RJPM Govt Maternity & Health Care Centre,Government Health Facility / Clinic,Community Health Post,Virudhunagar,626117,9.459086,77.555191,Govt of Tamil Nadu - Health Dept,Government of Tamil Nadu,08:00-16:00 (Standard PHC/HSC)
2158,Government Primary Hospital,Government Health Facility / Clinic,Community Health Post,Virudhunagar,626134,9.413208,78.047839,Govt of Tamil Nadu - Health Dept,Government of Tamil Nadu,08:00-16:00 (Standard PHC/HSC)
2159,Health Sub Centre,Health Sub-Centre (HSC) / Health & Wellness Centre (HWC),Village / Sub-Centre Level (ASHA / VHN Base),Virudhunagar,626204,9.380716,77.984892,Govt of Tamil Nadu - Health Dept,Government of Tamil Nadu,08:00-16:00 (Standard PHC/HSC)
2160,Primary Health Centre,Primary Health Centre (PHC),Primary Level (PHC Medical Officer & VHN Supervisor),Salem,637101,11.660071,77.842355,Govt of Tamil Nadu - Health Dept,Government of Tamil Nadu,08:00-16:00 (Standard PHC/HSC)
2161,ESI Dispensary,Primary Health Centre (PHC),Primary Level (PHC Medical Officer & VHN Supervisor),Salem,636401,11.790306,77.813482,Unspecified,Unspecified,08:00-16:00 (Standard PHC/HSC)
2162,Primary Health Centre,Primary Health Centre (PHC),Primary Level (PHC Medical Officer & VHN Supervisor),Salem,637101,11.641639,77.823874,Govt of Tamil Nadu - Health Dept,Government of Tamil Nadu,08:00-16:00 (Standard PHC/HSC)
2163,MTPS-1 Dispensary,Primary Health Centre (PHC),Primary Level (PHC Medical Officer & VHN Supervisor),Salem,636406,11.775242,77.805344,Unspecified,Unspecified,08:00-16:00 (Standard PHC/HSC)
2164,Sub Health Centre,Primary Health Centre (PHC),Primary Level (PHC Medical Officer & VHN Supervisor),Salem,637101,11.643483,77.850077,Unspecified,Unspecified,08:00-16:00 (Standard PHC/HSC)
2165,Primary Health Centre,Primary Health Centre (PHC),Primary Level (PHC Medical Officer & VHN Supervisor),Salem,636451,11.883859,77.933823,Govt of Tamil Nadu - Health Dept,Government of Tamil Nadu,08:00-16:00 (Standard PHC/HSC)
2166,Government Hospital,Government District / Taluk Hospital,District / Secondary Referral Level,Salem,636454,11.758158,77.894528,Govt of Tamil Nadu - Health Dept,Government of Tamil Nadu,24/7
2167,Government Skin Care Clinic,Government Health Facility / Clinic,Community Health Post,Salem,636454,11.756704,77.895281,Govt of Tamil Nadu - Health Dept,Government of Tamil Nadu,08:00-16:00 (Standard PHC/HSC)
2168,Government Hospital,Government District / Taluk Hospital,District / Secondary Referral Level,Salem,636502,11.739614,77.916651,Govt of Tamil Nadu - Health Dept,Government of Tamil Nadu,24/7
2169,Government Hospital,Government District / Taluk Hospital,District / Secondary Referral Level,Salem,636501,11.704048,77.820965,Govt of Tamil Nadu - Health Dept,Government of Tamil Nadu,24/7
2170,Primary Health Centre,Primary Health Centre (PHC),Primary Level (PHC Medical Officer & VHN Supervisor),Thoothukudi,628753,8.638696,77.978137,Govt of Tamil Nadu - Health Dept,Government of Tamil Nadu,08:00-16:00 (Standard PHC/HSC)
2171,Nava Mudalur Government Hospital,Government District / Taluk Hospital,District / Secondary Referral Level,Thoothukudi,628702,8.417318,77.945208,Govt of Tamil Nadu - Health Dept,Government of Tamil Nadu,24/7
2172,Bejan Singh Eye Care Centre,Government District / Taluk Hospital,District / Secondary Referral Level,Thoothukudi,628203,8.430543,78.030904,Govt of Tamil Nadu - Health Dept,Government of Tamil Nadu,24/7
2173,Primary Health Centre,Primary Health Centre (PHC),Primary Level (PHC Medical Officer & VHN Supervisor),Thoothukudi,628751,8.657425,78.000181,Govt of Tamil Nadu - Health Dept,Government of Tamil Nadu,08:00-16:00 (Standard PHC/HSC)
2174,Government Hospital,Government District / Taluk Hospital,District / Secondary Referral Level,Thoothukudi,628202,8.569212,78.093773,Govt of Tamil Nadu - Health Dept,Government of Tamil Nadu,24/7
2175,Government Hospital,Government District / Taluk Hospital,District / Secondary Referral Level,Salem,637104,11.563699,77.788194,Govt of Tamil Nadu - Health Dept,Government of Tamil Nadu,24/7
2176,Primary Health Centre,Primary Health Centre (PHC),Primary Level (PHC Medical Officer & VHN Supervisor),Salem,637104,11.56272,77.761949,Govt of Tamil Nadu - Health Dept,Government of Tamil Nadu,08:00-16:00 (Standard PHC/HSC)
2177,Primary Health Centre,Primary Health Centre (PHC),Primary Level (PHC Medical Officer & VHN Supervisor),Salem,637303,11.504152,77.864385,Govt of Tamil Nadu - Health Dept,Government of Tamil Nadu,08:00-16:00 (Standard PHC/HSC)
2178,Primary Health Centre,Primary Health Centre (PHC),Primary Level (PHC Medical Officer & VHN Supervisor),Salem,637107,11.578021,77.745375,Govt of Tamil Nadu - Health Dept,Government of Tamil Nadu,08:00-16:00 (Standard PHC/HSC)
2179,Kallampalayam Government Hospital,Government District / Taluk Hospital,District / Secondary Referral Level,Salem,637303,11.538814,77.787186,Govt of Tamil Nadu - Health Dept,Government of Tamil Nadu,24/7
2180,Primary Health Centre,Primary Health Centre (PHC),Primary Level (PHC Medical Officer & VHN Supervisor),Erode,638112,11.234134,77.65865,Govt of Tamil Nadu - Health Dept,Government of Tamil Nadu,08:00-16:00 (Standard PHC/HSC)
2181,Herbert Brough Memorial Hospital,Government District / Taluk Hospital,District / Secondary Referral Level,Erode,638051,11.168837,77.601892,Govt of Tamil Nadu - Health Dept,Government of Tamil Nadu,24/7
2182,ESI Dispensary,Primary Health Centre (PHC),Primary Level (PHC Medical Officer & VHN Supervisor),Erode,638052,11.279645,77.584048,Unspecified,Unspecified,08:00-16:00 (Standard PHC/HSC)
2183,Government Hospital,Government District / Taluk Hospital,District / Secondary Referral Level,Erode,638115,11.234333,77.719226,Govt of Tamil Nadu - Health Dept,Government of Tamil Nadu,24/7
2184,Dr. Meghnathan Hospital,Government Health Facility / Clinic,Community Health Post,Erode,638109,11.120674,77.788975,Govt of Tamil Nadu - Health Dept,Government of Tamil Nadu,08:00-16:00 (Standard PHC/HSC)
2185,Government Hospital,Government District / Taluk Hospital,District / Secondary Referral Level,Erode,638151,11.083128,77.884008,Govt of Tamil Nadu - Health Dept,Government of Tamil Nadu,24/7
2186,Government Hospital,Government District / Taluk Hospital,District / Secondary Referral Level,Erode,638051,11.193528,77.592313,Govt of Tamil Nadu - Health Dept,Government of Tamil Nadu,24/7
2187,ESI Dispensary,Primary Health Centre (PHC),Primary Level (PHC Medical Officer & VHN Supervisor),Erode,638001,11.343172,77.711118,Unspecified,Unspecified,08:00-16:00 (Standard PHC/HSC)
2188,Primary Health Centre,Primary Health Centre (PHC),Primary Level (PHC Medical Officer & VHN Supervisor),Erode,638102,11.392954,77.693926,Govt of Tamil Nadu - Health Dept,Government of Tamil Nadu,08:00-16:00 (Standard PHC/HSC)
2189,Primary Health Centre,Primary Health Centre (PHC),Primary Level (PHC Medical Officer & VHN Supervisor),Erode,638102,11.397523,77.663085,Govt of Tamil Nadu - Health Dept,Government of Tamil Nadu,08:00-16:00 (Standard PHC/HSC)
2190,Government Hospital,Government District / Taluk Hospital,District / Secondary Referral Level,Erode,638301,11.451911,77.681974,Govt of Tamil Nadu - Health Dept,Government of Tamil Nadu,24/7
2191,Government Hospital,Government District / Taluk Hospital,District / Secondary Referral Level,Erode,638005,11.371101,77.703436,Govt of Tamil Nadu - Health Dept,Government of Tamil Nadu,24/7
2192,Chidambaranar Port Trust Dispensary,Primary Health Centre (PHC),Primary Level (PHC Medical Officer & VHN Supervisor),Thoothukudi,628001,8.800017,78.157435,Unspecified,Unspecified,08:00-16:00 (Standard PHC/HSC)
2193,Shri Ravendraagh Nursing Home,Government District / Taluk Hospital,District / Secondary Referral Level,Thoothukudi,628003,8.797604,78.143771,Govt of Tamil Nadu - Health Dept,Government of Tamil Nadu,24/7
2194,Ghurusanadh Hospital,Government Health Facility / Clinic,Community Health Post,Thoothukudi,628002,8.819254,78.148308,Govt of Tamil Nadu - Health Dept,Government of Tamil Nadu,08:00-16:00 (Standard PHC/HSC)
2195,Primary Health Centre,Primary Health Centre (PHC),Primary Level (PHC Medical Officer & VHN Supervisor),Erode,638503,11.489173,77.273152,Govt of Tamil Nadu - Health Dept,Government of Tamil Nadu,08:00-16:00 (Standard PHC/HSC)
2196,Government Hospital,Government District / Taluk Hospital,District / Secondary Referral Level,Erode,638502,11.52185,77.528524,Govt of Tamil Nadu - Health Dept,Government of Tamil Nadu,24/7
2197,Sub Health Centre,Primary Health Centre (PHC),Primary Level (PHC Medical Officer & VHN Supervisor),Erode,638506,11.507265,77.383747,Unspecified,Unspecified,08:00-16:00 (Standard PHC/HSC)
2198,Sub Primary Health Centre,Primary Health Centre (PHC),Primary Level (PHC Medical Officer & VHN Supervisor),Erode,638476,11.450518,77.479246,Govt of Tamil Nadu - Health Dept,Government of Tamil Nadu,08:00-16:00 (Standard PHC/HSC)
2199,Government Hospital,Government District / Taluk Hospital,District / Secondary Referral Level,Erode,638453,11.443629,77.379781,Govt of Tamil Nadu - Health Dept,Government of Tamil Nadu,24/7
2200,Urban Primary Health Centre,Urban Primary Health Centre (UPHC),Urban Primary Level (USHA Base),Erode,638452,11.458186,77.43252,Govt of Tamil Nadu - Health Dept,Government of Tamil Nadu,08:00-16:00 (Standard PHC/HSC)
2201,Primary Healthy Centre,Primary Health Centre (PHC),Primary Level (PHC Medical Officer & VHN Supervisor),Tirunelveli,627416,8.659995,77.459888,Govt of Tamil Nadu - Health Dept,Government of Tamil Nadu,08:00-16:00 (Standard PHC/HSC)
2202,Government Hospital,Government District / Taluk Hospital,District / Secondary Referral Level,Tirunelveli,627201,8.895011,77.676153,Govt of Tamil Nadu - Health Dept,Government of Tamil Nadu,24/7
2203,Sub Health Centre,Primary Health Centre (PHC),Primary Level (PHC Medical Officer & VHN Supervisor),Tirunelveli,627413,8.722441,77.461013,Unspecified,Unspecified,08:00-16:00 (Standard PHC/HSC)
2204,Sub Health Centre,Primary Health Centre (PHC),Primary Level (PHC Medical Officer & VHN Supervisor),Tirunelveli,627417,8.678054,77.553992,Unspecified,Unspecified,08:00-16:00 (Standard PHC/HSC)
2205,ESIC Dispensary,Primary Health Centre (PHC),Primary Level (PHC Medical Officer & VHN Supervisor),Tirunelveli,627401,8.705249,77.45786,Unspecified,Unspecified,08:00-16:00 (Standard PHC/HSC)
2206,Sub Health Centre,Primary Health Centre (PHC),Primary Level (PHC Medical Officer & VHN Supervisor),Tirunelveli,627453,8.666556,77.585644,Unspecified,Unspecified,08:00-16:00 (Standard PHC/HSC)
2207,ESI Dispensary,Primary Health Centre (PHC),Primary Level (PHC Medical Officer & VHN Supervisor),Tirunelveli,627004,8.719399,77.655214,Unspecified,Unspecified,08:00-16:00 (Standard PHC/HSC)
2208,Primary Health Centre,Primary Health Centre (PHC),Primary Level (PHC Medical Officer & VHN Supervisor),Tirunelveli,627602,8.751824,77.501926,Govt of Tamil Nadu - Health Dept,Government of Tamil Nadu,08:00-16:00 (Standard PHC/HSC)
2209,Government Hospital,Government District / Taluk Hospital,District / Secondary Referral Level,Tirunelveli,627453,8.671871,77.58752,Govt of Tamil Nadu - Health Dept,Government of Tamil Nadu,24/7
2210,Primary Healthy Centre,Primary Health Centre (PHC),Primary Level (PHC Medical Officer & VHN Supervisor),Tirunelveli,627421,8.651213,77.434403,Govt of Tamil Nadu - Health Dept,Government of Tamil Nadu,08:00-16:00 (Standard PHC/HSC)
2211,Primary Health Centre,Primary Health Centre (PHC),Primary Level (PHC Medical Officer & VHN Supervisor),Nilgiris,643215,11.381167,76.730866,Govt of Tamil Nadu - Health Dept,Government of Tamil Nadu,08:00-16:00 (Standard PHC/HSC)
2212,Health Sub Centre,Health Sub-Centre (HSC) / Health & Wellness Centre (HWC),Village / Sub-Centre Level (ASHA / VHN Base),Erode,638458,11.371125,77.352329,Govt of Tamil Nadu - Health Dept,Government of Tamil Nadu,08:00-16:00 (Standard PHC/HSC)
2213,Health Sub Centre,Health Sub-Centre (HSC) / Health & Wellness Centre (HWC),Village / Sub-Centre Level (ASHA / VHN Base),Erode,638458,11.351699,77.307062,Govt of Tamil Nadu - Health Dept,Government of Tamil Nadu,08:00-16:00 (Standard PHC/HSC)
2214,Health Subcentre,Primary Health Centre (PHC),Primary Level (PHC Medical Officer & VHN Supervisor),Nilgiris,643217,11.569641,76.925845,Unspecified,Unspecified,08:00-16:00 (Standard PHC/HSC)
2215,Government Hospital,Government District / Taluk Hospital,District / Secondary Referral Level,Erode,638459,11.354983,77.144725,Govt of Tamil Nadu - Health Dept,Government of Tamil Nadu,24/7
2216,ESI Dispensary,Primary Health Centre (PHC),Primary Level (PHC Medical Officer & VHN Supervisor),Nilgiris,643001,11.409141,76.704215,Unspecified,Unspecified,08:00-16:00 (Standard PHC/HSC)
2217,Primary Health Centre,Primary Health Centre (PHC),Primary Level (PHC Medical Officer & VHN Supervisor),Nilgiris,643217,11.388606,76.891624,Govt of Tamil Nadu - Health Dept,Government of Tamil Nadu,08:00-16:00 (Standard PHC/HSC)
2218,Government Hospital,Government District / Taluk Hospital,District / Secondary Referral Level,Erode,638458,11.371366,77.323462,Govt of Tamil Nadu - Health Dept,Government of Tamil Nadu,24/7
2219,Health Sub Centre,Health Sub-Centre (HSC) / Health & Wellness Centre (HWC),Village / Sub-Centre Level (ASHA / VHN Base),Erode,638454,11.419595,77.25055,Govt of Tamil Nadu - Health Dept,Government of Tamil Nadu,08:00-16:00 (Standard PHC/HSC)
2220,Health Sub Centre,Health Sub-Centre (HSC) / Health & Wellness Centre (HWC),Village / Sub-Centre Level (ASHA / VHN Base),Erode,638462,11.370898,77.273185,Govt of Tamil Nadu - Health Dept,Government of Tamil Nadu,08:00-16:00 (Standard PHC/HSC)
2221,Primary Health Centre,Primary Health Centre (PHC),Primary Level (PHC Medical Officer & VHN Supervisor),Nilgiris,634006,11.481662,76.544252,Govt of Tamil Nadu - Health Dept,Government of Tamil Nadu,08:00-16:00 (Standard PHC/HSC)
2222,Government Hospital,Government District / Taluk Hospital,District / Secondary Referral Level,Nilgiris,643212,11.506381,76.492726,Govt of Tamil Nadu - Health Dept,Government of Tamil Nadu,24/7
2223,Primary Health Centre,Primary Health Centre (PHC),Primary Level (PHC Medical Officer & VHN Supervisor),Nilgiris,643211,11.522609,76.450942,Govt of Tamil Nadu - Health Dept,Government of Tamil Nadu,08:00-16:00 (Standard PHC/HSC)
2224,Government Hospital,Government District / Taluk Hospital,District / Secondary Referral Level,Nilgiris,643253,11.526458,76.329267,Govt of Tamil Nadu - Health Dept,Government of Tamil Nadu,24/7
2225,Government Hospital,Government District / Taluk Hospital,District / Secondary Referral Level,Nilgiris,643233,11.484829,76.338996,Govt of Tamil Nadu - Health Dept,Government of Tamil Nadu,24/7
2226,Government Dispensary,Primary Health Centre (PHC),Primary Level (PHC Medical Officer & VHN Supervisor),Nilgiris,643212,11.502029,76.491531,Govt of Tamil Nadu - Health Dept,Government of Tamil Nadu,08:00-16:00 (Standard PHC/HSC)
2227,Sub Health Centre,Primary Health Centre (PHC),Primary Level (PHC Medical Officer & VHN Supervisor),Nilgiris,643207,11.543526,76.437604,Unspecified,Unspecified,08:00-16:00 (Standard PHC/HSC)
2228,Primary Health Centre,Primary Health Centre (PHC),Primary Level (PHC Medical Officer & VHN Supervisor),Tiruppur,638751,11.165565,77.448082,Govt of Tamil Nadu - Health Dept,Government of Tamil Nadu,08:00-16:00 (Standard PHC/HSC)
2229,Health Sub Centre,Health Sub-Centre (HSC) / Health & Wellness Centre (HWC),Village / Sub-Centre Level (ASHA / VHN Base),Tiruppur,638752,11.154776,77.444537,Govt of Tamil Nadu - Health Dept,Government of Tamil Nadu,08:00-16:00 (Standard PHC/HSC)
2230,Velliraveli Government Hospital,Government District / Taluk Hospital,District / Secondary Referral Level,Tiruppur,638103,11.266478,77.453516,Govt of Tamil Nadu - Health Dept,Government of Tamil Nadu,24/7
2231,Health Sub Centre,Health Sub-Centre (HSC) / Health & Wellness Centre (HWC),Village / Sub-Centre Level (ASHA / VHN Base),Tiruppur,638812,11.196874,77.424029,Govt of Tamil Nadu - Health Dept,Government of Tamil Nadu,08:00-16:00 (Standard PHC/HSC)
2232,Government Hospital,Government District / Taluk Hospital,District / Secondary Referral Level,Tiruppur,638751,11.176649,77.453278,Govt of Tamil Nadu - Health Dept,Government of Tamil Nadu,24/7
2233,Government Hospital,Government District / Taluk Hospital,District / Secondary Referral Level,Tirunelveli,627107,8.50846,77.574139,Govt of Tamil Nadu - Health Dept,Government of Tamil Nadu,24/7
2234,ESI Dispensary,Primary Health Centre (PHC),Primary Level (PHC Medical Officer & VHN Supervisor),Tirunelveli,627108,8.49107,77.658467,Unspecified,Unspecified,08:00-16:00 (Standard PHC/HSC)
2235,Government Hospital,Government District / Taluk Hospital,District / Secondary Referral Level,Tirunelveli,627414,8.608277,77.577132,Govt of Tamil Nadu - Health Dept,Government of Tamil Nadu,24/7
2236,Government Hospital,Government District / Taluk Hospital,District / Secondary Referral Level,Kanyakumari,629401,8.144711,77.576951,Govt of Tamil Nadu - Health Dept,Government of Tamil Nadu,24/7
2237,Bejan Singh Eye Hospital,Government District / Taluk Hospital,District / Secondary Referral Level,Tirunelveli,627117,8.390927,77.609267,Govt of Tamil Nadu - Health Dept,Government of Tamil Nadu,24/7
2238,Sub Health Centre,Primary Health Centre (PHC),Primary Level (PHC Medical Officer & VHN Supervisor),Tirunelveli,627414,8.599643,77.563468,Unspecified,Unspecified,08:00-16:00 (Standard PHC/HSC)
2239,Primary Healthy Centre,Primary Health Centre (PHC),Primary Level (PHC Medical Officer & VHN Supervisor),Theni,625531,10.083348,77.520786,Govt of Tamil Nadu - Health Dept,Government of Tamil Nadu,08:00-16:00 (Standard PHC/HSC)
2240,Primary Healthy Centre,Primary Health Centre (PHC),Primary Level (PHC Medical Officer & VHN Supervisor),Theni,625536,10.0904,77.612215,Govt of Tamil Nadu - Health Dept,Government of Tamil Nadu,08:00-16:00 (Standard PHC/HSC)
2241,Primary Health Centre,Primary Health Centre (PHC),Primary Level (PHC Medical Officer & VHN Supervisor),Tiruppur,641601,11.106448,77.332608,Govt of Tamil Nadu - Health Dept,Government of Tamil Nadu,08:00-16:00 (Standard PHC/HSC)
2242,ESI Dispensary,Primary Health Centre (PHC),Primary Level (PHC Medical Officer & VHN Supervisor),Tiruchirappalli,620007,10.71682,78.72311,Unspecified,Unspecified,08:00-16:00 (Standard PHC/HSC)
2243,Government Sidha Hospital,Government Health Facility / Clinic,Community Health Post,Tiruchirappalli,620102,10.812798,78.634543,Govt of Tamil Nadu - Health Dept,Government of Tamil Nadu,08:00-16:00 (Standard PHC/HSC)
2244,Health Sub Centre,Health Sub-Centre (HSC) / Health & Wellness Centre (HWC),Village / Sub-Centre Level (ASHA / VHN Base),Perambalur,621713,11.154309,79.013914,Govt of Tamil Nadu - Health Dept,Government of Tamil Nadu,08:00-16:00 (Standard PHC/HSC)
2245,Government Hospital,Government District / Taluk Hospital,District / Secondary Referral Level,Perambalur,621110,11.426124,78.720016,Govt of Tamil Nadu - Health Dept,Government of Tamil Nadu,24/7
2246,Primary Sub-Health Centre,Primary Health Centre (PHC),Primary Level (PHC Medical Officer & VHN Supervisor),Perambalur,621708,11.170685,79.030508,Unspecified,Unspecified,08:00-16:00 (Standard PHC/HSC)
2247,Sub Primary Health Centre,Primary Health Centre (PHC),Primary Level (PHC Medical Officer & VHN Supervisor),Perambalur,621716,11.342607,79.121705,Govt of Tamil Nadu - Health Dept,Government of Tamil Nadu,08:00-16:00 (Standard PHC/HSC)
2248,Primary Health Centre,Primary Health Centre (PHC),Primary Level (PHC Medical Officer & VHN Supervisor),Perambalur,621708,11.254874,78.977076,Govt of Tamil Nadu - Health Dept,Government of Tamil Nadu,08:00-16:00 (Standard PHC/HSC)
2249,Government Eye Hospital,Government Health Facility / Clinic,Community Health Post,Perambalur,621212,11.236955,78.893863,Govt of Tamil Nadu - Health Dept,Government of Tamil Nadu,08:00-16:00 (Standard PHC/HSC)
2250,Government Hospital,Government District / Taluk Hospital,District / Secondary Referral Level,Perambalur,621115,11.290864,78.993815,Govt of Tamil Nadu - Health Dept,Government of Tamil Nadu,24/7
2251,Sub Primary Health Centre,Primary Health Centre (PHC),Primary Level (PHC Medical Officer & VHN Supervisor),Perambalur,621717,11.327116,79.091293,Govt of Tamil Nadu - Health Dept,Government of Tamil Nadu,08:00-16:00 (Standard PHC/HSC)
2252,Government Hospital,Government District / Taluk Hospital,District / Secondary Referral Level,Perambalur,621713,11.136343,78.997326,Govt of Tamil Nadu - Health Dept,Government of Tamil Nadu,24/7
2253,Primary Health Centre,Primary Health Centre (PHC),Primary Level (PHC Medical Officer & VHN Supervisor),Perambalur,621117,11.432993,78.837694,Govt of Tamil Nadu - Health Dept,Government of Tamil Nadu,08:00-16:00 (Standard PHC/HSC)
2254,Government Hospital,Government District / Taluk Hospital,District / Secondary Referral Level,Perambalur,621108,11.362899,79.052423,Govt of Tamil Nadu - Health Dept,Government of Tamil Nadu,24/7
2255,Government Hospital,Government District / Taluk Hospital,District / Secondary Referral Level,Perambalur,621716,11.359096,79.125999,Govt of Tamil Nadu - Health Dept,Government of Tamil Nadu,24/7
2256,Government Hospital,Government District / Taluk Hospital,District / Secondary Referral Level,Perambalur,621116,11.35228,78.842751,Govt of Tamil Nadu - Health Dept,Government of Tamil Nadu,24/7
2257,Government Hospital,Government District / Taluk Hospital,District / Secondary Referral Level,Perambalur,621108,11.389727,79.032212,Govt of Tamil Nadu - Health Dept,Government of Tamil Nadu,24/7
2258,Primary Healthy Centre,Primary Health Centre (PHC),Primary Level (PHC Medical Officer & VHN Supervisor),Theni,625517,9.941701,77.538395,Govt of Tamil Nadu - Health Dept,Government of Tamil Nadu,08:00-16:00 (Standard PHC/HSC)
2259,Health Sub Centre,Health Sub-Centre (HSC) / Health & Wellness Centre (HWC),Village / Sub-Centre Level (ASHA / VHN Base),Theni,625516,9.926025,77.459621,Govt of Tamil Nadu - Health Dept,Government of Tamil Nadu,08:00-16:00 (Standard PHC/HSC)
2260,Government Hospital,Government District / Taluk Hospital,District / Secondary Referral Level,Theni,625515,9.873022,77.372567,Govt of Tamil Nadu - Health Dept,Government of Tamil Nadu,24/7
2261,Government General Hospital,Government Health Facility / Clinic,Community Health Post,Theni,625516,9.731135,77.280955,Govt of Tamil Nadu - Health Dept,Government of Tamil Nadu,08:00-16:00 (Standard PHC/HSC)
2262,Government Hospital,Government District / Taluk Hospital,District / Secondary Referral Level,Theni,625515,9.839277,77.379574,Govt of Tamil Nadu - Health Dept,Government of Tamil Nadu,24/7
2263,Government Hospital,Government District / Taluk Hospital,District / Secondary Referral Level,Theni,625528,9.932255,77.323164,Govt of Tamil Nadu - Health Dept,Government of Tamil Nadu,24/7
2264,Government Hospital,Government District / Taluk Hospital,District / Secondary Referral Level,Theni,625582,9.993696,77.372115,Govt of Tamil Nadu - Health Dept,Government of Tamil Nadu,24/7
2265,Primary Health Centre,Primary Health Centre (PHC),Primary Level (PHC Medical Officer & VHN Supervisor),Theni,625533,9.837423,77.342499,Govt of Tamil Nadu - Health Dept,Government of Tamil Nadu,08:00-16:00 (Standard PHC/HSC)
2266,Government Hospital,Government District / Taluk Hospital,District / Secondary Referral Level,Tirunelveli,627007,8.712522,77.74789,Govt of Tamil Nadu - Health Dept,Government of Tamil Nadu,24/7
2267,CGHS Dispensary,Primary Health Centre (PHC),Primary Level (PHC Medical Officer & VHN Supervisor),Tirunelveli,627001,8.727864,77.699767,Govt of Tamil Nadu - Health Dept,Government of Tamil Nadu,08:00-16:00 (Standard PHC/HSC)
2268,Ramasamy Memorial Government Hospital,Government District / Taluk Hospital,District / Secondary Referral Level,Tirunelveli,627006,8.73131,77.682022,Govt of Tamil Nadu - Health Dept,Government of Tamil Nadu,24/7
2269,ESI Dispensary,Primary Health Centre (PHC),Primary Level (PHC Medical Officer & VHN Supervisor),Tirunelveli,627002,8.721419,77.731956,Unspecified,Unspecified,08:00-16:00 (Standard PHC/HSC)
2270,Government Hospital,Government District / Taluk Hospital,District / Secondary Referral Level,Thoothukudi,628008,8.787249,78.123156,Govt of Tamil Nadu - Health Dept,Government of Tamil Nadu,24/7
2271,GH Hospital,Government District / Taluk Hospital,District / Secondary Referral Level,Thoothukudi,628005,8.743572,78.122584,Govt of Tamil Nadu - Health Dept,Government of Tamil Nadu,24/7
2272,Primary Health Centre,Primary Health Centre (PHC),Primary Level (PHC Medical Officer & VHN Supervisor),Theni,625515,9.803002,77.36387,Govt of Tamil Nadu - Health Dept,Government of Tamil Nadu,08:00-16:00 (Standard PHC/HSC)
2273,Urban Primary Health Centre,Urban Primary Health Centre (UPHC),Urban Primary Level (USHA Base),Thoothukudi,628002,8.819157,78.136828,Govt of Tamil Nadu - Health Dept,Government of Tamil Nadu,08:00-16:00 (Standard PHC/HSC)
2274,Government Hospital,Government District / Taluk Hospital,District / Secondary Referral Level,Theni,625533,9.811519,77.325979,Govt of Tamil Nadu - Health Dept,Government of Tamil Nadu,24/7
2275,Primary Health Centre,Primary Health Centre (PHC),Primary Level (PHC Medical Officer & VHN Supervisor),Thoothukudi,628251,8.690053,78.051085,Govt of Tamil Nadu - Health Dept,Government of Tamil Nadu,08:00-16:00 (Standard PHC/HSC)
2276,Government Hospital,Government District / Taluk Hospital,District / Secondary Referral Level,Theni,625526,9.772332,77.33651,Govt of Tamil Nadu - Health Dept,Government of Tamil Nadu,24/7
2277,BWWF Dispensary,Primary Health Centre (PHC),Primary Level (PHC Medical Officer & VHN Supervisor),Tenkasi,627859,8.97971,77.417739,Unspecified,Unspecified,08:00-16:00 (Standard PHC/HSC)
2278,SLP City Government Hospital,Government District / Taluk Hospital,District / Secondary Referral Level,Tenkasi,627853,8.912588,77.479867,Govt of Tamil Nadu - Health Dept,Government of Tamil Nadu,24/7
2279,Urban Public Health Centre,Primary Health Centre (PHC),Primary Level (PHC Medical Officer & VHN Supervisor),Tenkasi,627811,8.959465,77.313631,Unspecified,Unspecified,08:00-16:00 (Standard PHC/HSC)
2280,Government Hospital,Government District / Taluk Hospital,District / Secondary Referral Level,Tenkasi,627415,8.877252,77.391306,Govt of Tamil Nadu - Health Dept,Government of Tamil Nadu,24/7
2281,Government Hospital,Government District / Taluk Hospital,District / Secondary Referral Level,Tenkasi,627804,9.027653,77.330744,Govt of Tamil Nadu - Health Dept,Government of Tamil Nadu,24/7
2282,Sugham Poly Clinic,Government Health Facility / Clinic,Community Health Post,Tenkasi,627751,9.08465,77.347398,Govt of Tamil Nadu - Health Dept,Government of Tamil Nadu,08:00-16:00 (Standard PHC/HSC)
2283,Primary Health Centre,Primary Health Centre (PHC),Primary Level (PHC Medical Officer & VHN Supervisor),Thoothukudi,628552,9.141169,77.700262,Govt of Tamil Nadu - Health Dept,Government of Tamil Nadu,08:00-16:00 (Standard PHC/HSC)
2284,ESI Dispensary,Primary Health Centre (PHC),Primary Level (PHC Medical Officer & VHN Supervisor),Tenkasi,627756,9.18004,77.535498,Unspecified,Unspecified,08:00-16:00 (Standard PHC/HSC)
2285,Government Hospital,Government District / Taluk Hospital,District / Secondary Referral Level,Thoothukudi,628552,9.150742,77.705164,Govt of Tamil Nadu - Health Dept,Government of Tamil Nadu,24/7
2286,Government Hospital,Government District / Taluk Hospital,District / Secondary Referral Level,Tenkasi,627753,9.311153,77.557057,Govt of Tamil Nadu - Health Dept,Government of Tamil Nadu,24/7
2287,Government Hospital,Government District / Taluk Hospital,District / Secondary Referral Level,Tenkasi,627859,9.009033,77.452577,Govt of Tamil Nadu - Health Dept,Government of Tamil Nadu,24/7
2288,Primary Healthy Centre,Primary Health Centre (PHC),Primary Level (PHC Medical Officer & VHN Supervisor),Thoothukudi,628552,9.153588,77.720595,Govt of Tamil Nadu - Health Dept,Government of Tamil Nadu,08:00-16:00 (Standard PHC/HSC)
2289,Govt Rajaji Hospital,Government Health Facility / Clinic,Community Health Post,Madurai,625001,9.928038,78.130038,Govt of Tamil Nadu - Health Dept,Government of Tamil Nadu,Mo-Sa 10:00-18:00
2290,CT Scan Centre,Primary Health Centre (PHC),Primary Level (PHC Medical Officer & VHN Supervisor),Madurai,625001,9.925273,78.137221,Unspecified,Unspecified,08:00-16:00 (Standard PHC/HSC)
2291,"SubCentre, Vadakattalai",Primary Health Centre (PHC),Primary Level (PHC Medical Officer & VHN Supervisor),Nagapattinam,609311,11.087373,79.817261,Unspecified,Unspecified,08:00-16:00 (Standard PHC/HSC)
2292,"SubCentre, Vadamattam",Primary Health Centre (PHC),Primary Level (PHC Medical Officer & VHN Supervisor),Nagapattinam,612201,10.968252,79.53222,Unspecified,Unspecified,08:00-16:00 (Standard PHC/HSC)
2293,"SubCentre, Panayadikuppam",Primary Health Centre (PHC),Primary Level (PHC Medical Officer & VHN Supervisor),Viluppuram,605106,11.844081,79.649492,Unspecified,Unspecified,08:00-16:00 (Standard PHC/HSC)
2294,"SubCentre, Sorapet",Primary Health Centre (PHC),Primary Level (PHC Medical Officer & VHN Supervisor),Puducherry,605501,11.958331,79.661023,Unspecified,Unspecified,08:00-16:00 (Standard PHC/HSC)
2295,"SubCentre, Lingareddypalayam",Primary Health Centre (PHC),Primary Level (PHC Medical Officer & VHN Supervisor),Puducherry,605111,12.02029,79.701401,Unspecified,Unspecified,08:00-16:00 (Standard PHC/HSC)
2296,Muthupattinam Primary Health Care Centre,Primary Health Centre (PHC),Primary Level (PHC Medical Officer & VHN Supervisor),Sivaganga,630001,10.072319,78.767685,Govt of Tamil Nadu - Health Dept,Government of Tamil Nadu,08:00-16:00 (Standard PHC/HSC)
2297,Prashanth Hospitals,Government Health Facility / Clinic,Community Health Post,Chennai,600042,12.978454,80.22147,Govt of Tamil Nadu - Health Dept,Government of Tamil Nadu,08:00-16:00 (Standard PHC/HSC)
2298,Government Siddha clinic,Government Health Facility / Clinic,Community Health Post,Dindigul,624001,10.361905,77.986919,Govt of Tamil Nadu - Health Dept,Government of Tamil Nadu,08:00-16:00 (Standard PHC/HSC)
2299,Government Mini Clinic,Government Health Facility / Clinic,Community Health Post,Chennai,600016,12.978062,80.18116,Govt of Tamil Nadu - Health Dept,Government of Tamil Nadu,08:00-16:00 (Standard PHC/HSC)
2300,Health and Wellness Centre,Health Sub-Centre (HSC) / Health & Wellness Centre (HWC),Village / Sub-Centre Level (ASHA / VHN Base),Coimbatore,641001,11.018127,76.92415,Unspecified,Unspecified,08:00-16:00 (Standard PHC/HSC)
2301,Devakottai Urban PHC,Urban Primary Health Centre (UPHC),Urban Primary Level (USHA Base),Sivaganga,630302,9.940741,78.8256,Govt of Tamil Nadu - Health Dept,DDHS,08:00-16:00 (Standard PHC/HSC)
2302,Devakottai UHWC,Health Sub-Centre (HSC) / Health & Wellness Centre (HWC),Village / Sub-Centre Level (ASHA / VHN Base),Sivaganga,630302,9.962897,78.816452,Govt of Tamil Nadu - Health Dept,DDHS,08:00-16:00 (Standard PHC/HSC)
2303,Chinnanur Primary Health Center,Primary Health Centre (PHC),Primary Level (PHC Medical Officer & VHN Supervisor),Salem,636122,11.68717,78.225118,Govt of Tamil Nadu - Health Dept,Government of Tamil Nadu,08:00-16:00 (Standard PHC/HSC)
2304,Primary Health Center,Primary Health Centre (PHC),Primary Level (PHC Medical Officer & VHN Supervisor),Salem,636003,11.670834,78.185809,Govt of Tamil Nadu - Health Dept,Government of Tamil Nadu,08:00-16:00 (Standard PHC/HSC)
2305,Salem Camp GH,Government Health Facility / Clinic,Community Health Post,Salem,636456,11.794162,77.813047,Govt of Tamil Nadu - Health Dept,Government,08:00-16:00 (Standard PHC/HSC)
2306,M. Thathanur Primary Health Center,Primary Health Centre (PHC),Primary Level (PHC Medical Officer & VHN Supervisor),Salem,636103,11.682402,78.244581,Govt of Tamil Nadu - Health Dept,Government of Tamil Nadu,08:00-16:00 (Standard PHC/HSC)
2307,Government Hospital,Government District / Taluk Hospital,District / Secondary Referral Level,Coimbatore,642114,10.540065,76.982806,Govt of Tamil Nadu - Health Dept,Government of Tamil Nadu,24/7
2308,J Karupalli HSC,Health Sub-Centre (HSC) / Health & Wellness Centre (HWC),Village / Sub-Centre Level (ASHA / VHN Base),Krishnagiri,635107,12.605065,77.811975,Govt of Tamil Nadu - Health Dept,Government of Tamil Nadu,08:00-16:00 (Standard PHC/HSC)
2309,Kowthalam HSC,Health Sub-Centre (HSC) / Health & Wellness Centre (HWC),Village / Sub-Centre Level (ASHA / VHN Base),Krishnagiri,635107,12.56765,77.831257,Govt of Tamil Nadu - Health Dept,Government of Tamil Nadu,08:00-16:00 (Standard PHC/HSC)
2310,Jakkeri HSC,Health Sub-Centre (HSC) / Health & Wellness Centre (HWC),Village / Sub-Centre Level (ASHA / VHN Base),Krishnagiri,635113,12.584722,77.874422,Govt of Tamil Nadu - Health Dept,Government of Tamil Nadu,08:00-16:00 (Standard PHC/HSC)
2311,Baleguli HSC,Health Sub-Centre (HSC) / Health & Wellness Centre (HWC),Village / Sub-Centre Level (ASHA / VHN Base),Krishnagiri,635206,12.413301,78.28138,Govt of Tamil Nadu - Health Dept,Government of Tamil Nadu,08:00-16:00 (Standard PHC/HSC)
2312,Government Hospital,Government District / Taluk Hospital,District / Secondary Referral Level,Madurai,625006,9.69357,77.971527,Govt of Tamil Nadu - Health Dept,Government of Tamil Nadu,24/7
2313,Urban Primary Hospital,Government Health Facility / Clinic,Community Health Post,Salem,636014,11.673964,78.201316,Govt of Tamil Nadu - Health Dept,Government,08:00-16:00 (Standard PHC/HSC)
2314,Government Primary Health Center,Primary Health Centre (PHC),Primary Level (PHC Medical Officer & VHN Supervisor),Pudukkottai,614617,10.011942,79.227154,Govt of Tamil Nadu - Health Dept,Government of Tamil Nadu,08:00-16:00 (Standard PHC/HSC)
2315,Govt. Primary Health Center - VS Palayam,Primary Health Centre (PHC),Primary Level (PHC Medical Officer & VHN Supervisor),Cuddalore,607102,11.691589,79.721981,Govt of Tamil Nadu - Health Dept,Government of Tamil Nadu,08:00-16:00 (Standard PHC/HSC)
2316,Madhanur Government Hospital,Government District / Taluk Hospital,District / Secondary Referral Level,Tirupathur,635813,12.868516,78.848645,Govt of Tamil Nadu - Health Dept,Government of Tamil Nadu,24/7
2317,Sri Raghavendra Hospital (sidha),Government Health Facility / Clinic,Community Health Post,Chennai,600081,13.124167,80.287333,Govt of Tamil Nadu - Health Dept,Government of Tamil Nadu,08:00-16:00 (Standard PHC/HSC)
2318,Rajiv Gandhi Government General Hospital,Government Health Facility / Clinic,Community Health Post,Chennai,600003,13.080897,80.277328,Govt of Tamil Nadu - Health Dept,Government of Tamil Nadu,24/7
2319,Sri Ramachandra Institute of Higher Education and Research,Government Health Facility / Clinic,Community Health Post,Chennai,600056,13.041033,80.142526,Private Trust,Sri Ramachandra Education & Health Trust,08:00-16:00 (Standard PHC/HSC)
2320,Government Hospital of Thoracic Medicine,Government District / Taluk Hospital,District / Secondary Referral Level,Chennai,600064,12.941891,80.129377,Govt of Tamil Nadu - Health Dept,Government of Tamil Nadu,24/7
2321,"District Hospital, Eroda",Government District / Taluk Hospital,District / Secondary Referral Level,Erode,638001,11.339305,77.717926,Unspecified,Unspecified,24/7
2322,SivaShakthi hospital,Government Health Facility / Clinic,Community Health Post,Nilgiris,643001,11.401467,76.702636,Govt of Tamil Nadu - Health Dept,Government of Tamil Nadu,08:00-16:00 (Standard PHC/HSC)
2323,"Government Hospital, Poonamallee",Government District / Taluk Hospital,District / Secondary Referral Level,Chennai,600056,13.050442,80.099468,Govt of Tamil Nadu - Health Dept,Government of Tamil Nadu,24/7
2324,Anna Nagar Government Hospital,Government District / Taluk Hospital,District / Secondary Referral Level,Chennai,600102,13.095445,80.219715,Govt of Tamil Nadu - Health Dept,Government of Tamil Nadu,24/7
2325,Government Raja Mirasdar Hospital,Government Health Facility / Clinic,Community Health Post,Thanjavur,613001,10.784415,79.136299,Govt of Tamil Nadu - Health Dept,Government of Tamil Nadu,08:00-16:00 (Standard PHC/HSC)
2326,Sriperumpudur Government Hospital,Government District / Taluk Hospital,District / Secondary Referral Level,Kanchipuram,602105,12.956801,79.944871,Govt of Tamil Nadu - Health Dept,Government of Tamil Nadu,24/7
2327,Government Rajaji Hospital in Madurai,Government Health Facility / Clinic,Community Health Post,Madurai,625001,9.927105,78.130168,Govt of Tamil Nadu - Health Dept,Government of Tamil Nadu,08:00-16:00 (Standard PHC/HSC)
2328,Govt Peripheral Hospital KK Nagar,Government Health Facility / Clinic,Community Health Post,Chennai,600083,13.034006,80.207841,Govt of Tamil Nadu - Health Dept,Government of Tamil Nadu,08:00-16:00 (Standard PHC/HSC)
2329,Prashanth Hospitals,Government Health Facility / Clinic,Community Health Post,Chennai,600031,13.069574,80.236322,Govt of Tamil Nadu - Health Dept,Government of Tamil Nadu,08:00-16:00 (Standard PHC/HSC)
2330,Government Rsrm Lying Hospital,Government Health Facility / Clinic,Community Health Post,Chennai,600013,13.109067,80.288719,Govt of Tamil Nadu - Health Dept,Government of Tamil Nadu,08:00-16:00 (Standard PHC/HSC)
2331,"Government Hospital, Cuddalore",Government District / Taluk Hospital,District / Secondary Referral Level,Cuddalore,607001,11.75655,79.759223,Govt of Tamil Nadu - Municipality,Cuddalore Municipality,24/7
2332,Government Peripheral Hospital,Government Health Facility / Clinic,Community Health Post,Chennai,600081,13.126028,80.286693,Govt of Tamil Nadu - Health Dept,Government of Tamil Nadu,08:00-16:00 (Standard PHC/HSC)
2333,Tamil Nadu Government Multi Super Speciality Hospital,Government Health Facility / Clinic,Community Health Post,Chennai,600003,13.069375,80.27415,Govt of Tamil Nadu - Health Dept,Government of Tamil Nadu,Mo-Su 10:00-14:00
2334,District Government Hospital - Tiruvallur,Government District / Taluk Hospital,District / Secondary Referral Level,Tiruvallur,602001,13.127397,79.910888,Govt of Tamil Nadu - Health Dept,Government of Tamil Nadu,24/7
2335,Govt Hospital,Government Health Facility / Clinic,Community Health Post,Kanyakumari,629703,8.117666,77.527823,Govt of Tamil Nadu - Health Dept,Government of Tamil Nadu,08:00-16:00 (Standard PHC/HSC)
2336,"Government Hospital, Agasteeswaram",Government District / Taluk Hospital,District / Secondary Referral Level,Kanyakumari,629701,8.097121,77.520725,Govt of Tamil Nadu - Health Dept,Government of Tamil Nadu,24/7
2337,Siluvathur PHC,Primary Health Centre (PHC),Primary Level (PHC Medical Officer & VHN Supervisor),Dindigul,624306,10.35304,78.090264,Govt of Tamil Nadu - Health Dept,Government of Tamil Nadu,08:00-16:00 (Standard PHC/HSC)
2338,Government Hospital,Government District / Taluk Hospital,District / Secondary Referral Level,Namakkal,637001,11.216892,78.169068,Govt of Tamil Nadu - Health Dept,Government of Tamil Nadu,24/7
2339,Kamala Nehru Urban Primary Health Centre,Urban Primary Health Centre (UPHC),Urban Primary Level (USHA Base),Dindigul,624001,10.36068,77.973788,Govt of Tamil Nadu - Health Dept,Government of Tamil Nadu,08:00-16:00 (Standard PHC/HSC)
2340,Government Dispensary,Government Health Facility / Clinic,Community Health Post,Chennai,600041,12.960847,80.256441,Govt of Tamil Nadu - Health Dept,Government of Tamil Nadu,08:00-16:00 (Standard PHC/HSC)
2341,Government Primary Health Center,Primary Health Centre (PHC),Primary Level (PHC Medical Officer & VHN Supervisor),Chennai,602109,12.955087,80.043257,Govt of Tamil Nadu - Health Dept,Government of Tamil Nadu,08:00-16:00 (Standard PHC/HSC)
2342,Government Medical College & Hospital,Government Health Facility / Clinic,Community Health Post,Pudukkottai,622001,10.41019,78.848163,Govt of Tamil Nadu - Health Dept,Government of Tamil Nadu,08:00-16:00 (Standard PHC/HSC)
2343,Govt Dispenssry and School,Government Health Facility / Clinic,Community Health Post,Tiruvarur,614015,10.592791,79.416355,Govt of Tamil Nadu - Health Dept,Government of Tamil Nadu,08:00-16:00 (Standard PHC/HSC)
2344,Ullikottai Government Hospital,Government District / Taluk Hospital,District / Secondary Referral Level,Tiruvarur,614018,10.595966,79.425189,Govt of Tamil Nadu - Health Dept,Government of Tamil Nadu,24/7
2345,Government Hospital,Government District / Taluk Hospital,District / Secondary Referral Level,Thoothukudi,627657,8.339958,77.866737,Govt of Tamil Nadu - Health Dept,Government of Tamil Nadu,24/7
2346,Government Sivagangai Medical College & Hospital,Government Health Facility / Clinic,Community Health Post,Sivaganga,630561,9.838807,78.478263,Govt of Tamil Nadu - Health Dept,Government of Tamil Nadu,08:00-16:00 (Standard PHC/HSC)
2347,Dr Muthulakshmi Reddy Government Hospital,Government District / Taluk Hospital,District / Secondary Referral Level,Pudukkottai,622001,10.378693,78.818701,Govt of Tamil Nadu - Health Dept,Government of Tamil Nadu,24/7
2348,Ranee Government Hospital,Government District / Taluk Hospital,District / Secondary Referral Level,Pudukkottai,622001,10.387386,78.819617,Govt of Tamil Nadu - Health Dept,Government of Tamil Nadu,24/7
2349,Government Hospital,Government District / Taluk Hospital,District / Secondary Referral Level,Erode,638452,11.456513,77.428877,Govt of Tamil Nadu - Health Dept,Government of Tamil Nadu,24/7
2350,Govt Hospital,Government Health Facility / Clinic,Community Health Post,Krishnagiri,635107,12.518572,77.79382,Govt of Tamil Nadu - Health Dept,Government of Tamil Nadu,08:00-16:00 (Standard PHC/HSC)
2351,"Government Hospital, Gudiyatham",Government District / Taluk Hospital,District / Secondary Referral Level,Vellore,632602,12.945141,78.870399,Govt of Tamil Nadu - Health Dept,Government of Tamil Nadu,24/7
2352,Government Hospital,Government District / Taluk Hospital,District / Secondary Referral Level,Thanjavur,614201,10.895721,79.189696,Govt of Tamil Nadu - Health Dept,Govt of TN,24/7
2353,Government Hospital,Government District / Taluk Hospital,District / Secondary Referral Level,Thanjavur,614701,10.341685,79.383582,Govt of Tamil Nadu - Health Dept,Government of Tamil Nadu,24/7
2354,Government Hospital,Government District / Taluk Hospital,District / Secondary Referral Level,Tiruppur,638701,11.005636,77.560125,Govt of Tamil Nadu - Health Dept,Government of Tamil Nadu,24/7
2355,Sundakamuthur Government Hospital,Government District / Taluk Hospital,District / Secondary Referral Level,Coimbatore,641010,10.955943,76.924144,Govt of Tamil Nadu - Health Dept,Government of Tamil Nadu,24/7
2356,Government Hospiral,Government Health Facility / Clinic,Community Health Post,Sivaganga,630004,10.063858,78.777179,Govt of Tamil Nadu - Health Dept,Government of Tamil Nadu,08:00-16:00 (Standard PHC/HSC)
2357,"Government Hospital, Virudhunagar",Government District / Taluk Hospital,District / Secondary Referral Level,Virudhunagar,626201,9.588197,77.961983,Govt of Tamil Nadu - Health Dept,Government of Tamil Nadu,24/7
2358,Raghavendhar Hospital,Government Health Facility / Clinic,Community Health Post,Madurai,625001,9.916047,78.139666,Govt of Tamil Nadu - Health Dept,Government of Tamil Nadu,08:00-16:00 (Standard PHC/HSC)
2359,Government PHC Thiyagadurgam,Primary Health Centre (PHC),Primary Level (PHC Medical Officer & VHN Supervisor),Viluppuram,606206,11.735867,79.084186,Govt of Tamil Nadu - Health Dept,Government of Tamil Nadu,08:00-16:00 (Standard PHC/HSC)
2360,"Government Hospital, Rameswaram",Government District / Taluk Hospital,District / Secondary Referral Level,Ramanathapuram,623526,9.282768,79.312173,Govt of Tamil Nadu - Health Dept,Government of Tamil Nadu,24/7
2361,T.M.Palayam PHC,Primary Health Centre (PHC),Primary Level (PHC Medical Officer & VHN Supervisor),Coimbatore,641112,10.880012,76.924775,Govt of Tamil Nadu - Health Dept,Government of Tamil Nadu,08:00-16:00 (Standard PHC/HSC)
2362,"Govt.Community Health Center, melattur",Community Health Centre (CHC / Block PHC),Block / CHC Referral Level,Thanjavur,614301,10.858107,79.241146,Govt of Tamil Nadu - Health Dept,DHS (Department of Health Services),24/7
2363,Govt Rajaji Hospital Emergency Ward,Government Health Facility / Clinic,Community Health Post,Madurai,625001,9.925003,78.137447,Govt of Tamil Nadu - Health Dept,Government of Tamil Nadu,08:00-16:00 (Standard PHC/HSC)
2364,Sathyamangalam Government Hospital,Government District / Taluk Hospital,District / Secondary Referral Level,Erode,638401,11.501649,77.258281,Govt of Tamil Nadu - Health Dept,Government of Tamil Nadu,24/7
2365,Thoothukudi Government Medical College Hospital,Government Health Facility / Clinic,Community Health Post,Thoothukudi,628002,8.79815,78.136064,Govt of Tamil Nadu - Health Dept,Government of Tamil Nadu,08:00-16:00 (Standard PHC/HSC)
2366,"Government Medical College Hospital, Dindigul",Government Health Facility / Clinic,Community Health Post,Dindigul,624001,10.364481,77.976439,Govt of Tamil Nadu - Health Dept,Government of Tamil Nadu,08:00-16:00 (Standard PHC/HSC)
2367,"Government Hospital, Edapadi",Government District / Taluk Hospital,District / Secondary Referral Level,Salem,637101,11.584826,77.838017,Govt of Tamil Nadu - Health Dept,Government of Tamil Nadu,24/7
2368,"Government Hospital, Vikravandi",Government District / Taluk Hospital,District / Secondary Referral Level,Viluppuram,605652,12.039347,79.550191,Govt of Tamil Nadu - Health Dept,Government of Tamil Nadu,24/7
2369,Thiruvalangadu Government Hospital,Government District / Taluk Hospital,District / Secondary Referral Level,Tiruvallur,631210,13.131446,79.780566,Govt of Tamil Nadu - Health Dept,Government of Tamil Nadu,24/7
2370,Tiruvottiyur Government Hospital,Government District / Taluk Hospital,District / Secondary Referral Level,Chennai,600019,13.157604,80.301256,Govt of Tamil Nadu - Health Dept,Government of Tamil Nadu,24/7
2371,Government District Headquarters Hospital,Government District / Taluk Hospital,District / Secondary Referral Level,Sivaganga,630001,10.103851,78.761123,Govt of Tamil Nadu - Health Dept,Government of Tamil Nadu,24/7
2372,Government Siddha hospital,Government Health Facility / Clinic,Community Health Post,Dindigul,624001,10.361873,77.986922,Govt of Tamil Nadu - Health Dept,Government of Tamil Nadu,08:00-16:00 (Standard PHC/HSC)
2373,Mariyanathapuram PHC,Primary Health Centre (PHC),Primary Level (PHC Medical Officer & VHN Supervisor),Dindigul,624001,10.34989,77.986067,Govt of Tamil Nadu - Health Dept,Government of Tamil Nadu,08:00-16:00 (Standard PHC/HSC)
2374,Mahatma Gandhi Memorial Government Hospital,Government District / Taluk Hospital,District / Secondary Referral Level,Tiruchirappalli,620017,10.811654,78.677386,Govt of Tamil Nadu - Health Dept,Government of Tamil Nadu,24/7
2375,"Government Hospital, Tiruchendur",Government District / Taluk Hospital,District / Secondary Referral Level,Thoothukudi,628201,8.499224,78.118593,Govt of Tamil Nadu - Health Dept,Government of Tamil Nadu,24/7
2376,Perumbakkam Primary Health Centre,Primary Health Centre (PHC),Primary Level (PHC Medical Officer & VHN Supervisor),Chennai,600097,12.884339,80.209975,Govt of Tamil Nadu - Health Dept,Government of Tamil Nadu,08:00-16:00 (Standard PHC/HSC)
2377,Pulicat Government Hospital,Government District / Taluk Hospital,District / Secondary Referral Level,Tiruvallur,601205,13.419168,80.317733,Govt of Tamil Nadu - Health Dept,Government of Tamil Nadu,24/7
2378,"Government Hospital, Thiruvaiyaru",Government District / Taluk Hospital,District / Secondary Referral Level,Thanjavur,615101,10.883977,79.109653,Govt of Tamil Nadu - Health Dept,Government of Tamil Nadu,24/7
2379,Government Siddha Medical College and Hospital,Government Health Facility / Clinic,Community Health Post,Tirunelveli,627002,8.724657,77.732684,Govt of Tamil Nadu - Health Dept,Government of Tamil Nadu,08:00-16:00 (Standard PHC/HSC)
2380,Govt Hospital Mettur,Government Health Facility / Clinic,Community Health Post,Salem,636401,11.795912,77.798796,Govt of Tamil Nadu - Health Dept,Government of Tamil Nadu,08:00-16:00 (Standard PHC/HSC)
2381,Rajakkamangalam PHC,Primary Health Centre (PHC),Primary Level (PHC Medical Officer & VHN Supervisor),Kanyakumari,629501,8.115803,77.380387,Govt of Tamil Nadu - Health Dept,Government of Tamil Nadu,08:00-16:00 (Standard PHC/HSC)
2382,Prashanth Superspeciality Hospital Kolathur,Government Health Facility / Clinic,Community Health Post,Chennai,600110,13.140048,80.217687,Govt of Tamil Nadu - Health Dept,Government of Tamil Nadu,08:00-16:00 (Standard PHC/HSC)
2383,Government Primary Healthcare Centre,Government Health Facility / Clinic,Community Health Post,Vellore,632515,12.991664,79.254738,Govt of Tamil Nadu - Health Dept,Government of Tamil Nadu,08:00-16:00 (Standard PHC/HSC)
2384,Kadambathur Government Hospital,Government District / Taluk Hospital,District / Secondary Referral Level,Tiruvallur,631203,13.099348,79.859194,Govt of Tamil Nadu - Health Dept,Government of Tamil Nadu,24/7
2385,Attupakkam Government Hospital,Government District / Taluk Hospital,District / Secondary Referral Level,Vellore,631051,12.990075,79.661437,Govt of Tamil Nadu - Health Dept,Government of Tamil Nadu,24/7
2386,"Government Hospital, Kodaikanal",Government District / Taluk Hospital,District / Secondary Referral Level,Dindigul,624101,10.237108,77.49235,Govt of Tamil Nadu - Health Dept,Government of Tamil Nadu,24/7
2387,"UPHC, Kodaikanal",Urban Primary Health Centre (UPHC),Urban Primary Level (USHA Base),Dindigul,624101,10.240284,77.502322,Govt of Tamil Nadu - Health Dept,Government of Tamil Nadu,08:00-16:00 (Standard PHC/HSC)
2388,"urban primary health center,Kaliveerampalayam",Urban Primary Health Centre (UPHC),Urban Primary Level (USHA Base),Coimbatore,641046,11.031594,76.888007,Govt of Tamil Nadu - Health Dept,Government of Tamil Nadu,08:00-16:00 (Standard PHC/HSC)
2389,Uppilipalayam UPHC,Urban Primary Health Centre (UPHC),Urban Primary Level (USHA Base),Coimbatore,641015,11.005868,77.019504,Govt of Tamil Nadu - Health Dept,Government of Tamil Nadu,08:00-16:00 (Standard PHC/HSC)
2390,Government child birth Hospital,Government Health Facility / Clinic,Community Health Post,Chennai,600030,13.07655,80.224557,Govt of Tamil Nadu - Health Dept,Government of Tamil Nadu,08:00-16:00 (Standard PHC/HSC)
2391,"Government Hospital, Kanniyakumari",Government District / Taluk Hospital,District / Secondary Referral Level,Kanyakumari,629702,8.083477,77.547413,Govt of Tamil Nadu - Health Dept,Government of Tamil Nadu,24/7
2392,Government Primary Health Centre,Primary Health Centre (PHC),Primary Level (PHC Medical Officer & VHN Supervisor),Chengalpattu,603209,12.791203,80.032908,Govt of Tamil Nadu - Health Dept,Government of Tamil Nadu,08:00-16:00 (Standard PHC/HSC)
2393,Government Institute of Rehabilitation Medicine,Government Health Facility / Clinic,Community Health Post,Chennai,600083,13.035944,80.209066,Govt of Tamil Nadu - Health Dept,Government of Tamil Nadu,08:00-16:00 (Standard PHC/HSC)
2394,Govt. Kilpauk Hospital,Government Health Facility / Clinic,Community Health Post,Chennai,600010,13.076639,80.243015,Govt of Tamil Nadu - Health Dept,Government of Tamil Nadu,08:00-16:00 (Standard PHC/HSC)
2395,Gynmc PG Block,Government Health Facility / Clinic,Community Health Post,Chennai,600106,13.076975,80.217488,Govt of Tamil Nadu - Health Dept,Government of Tamilnadu,08:00-16:00 (Standard PHC/HSC)
2396,Government Medical College - Dindigul,Government Health Facility / Clinic,Community Health Post,Dindigul,624001,10.332935,77.982745,Govt of Tamil Nadu - Health Dept,Government of Tamil Nadu,08:00-16:00 (Standard PHC/HSC)
2397,Government Hospital,Government District / Taluk Hospital,District / Secondary Referral Level,Tiruppur,641604,11.083009,77.364083,Govt of Tamil Nadu - Health Dept,Government of Tamil Nadu,24/7
2398,MMC Government Hospital,Government District / Taluk Hospital,District / Secondary Referral Level,Chennai,600051,13.163561,80.243838,Govt of Tamil Nadu - Health Dept,Government of Tamil Nadu,24/7
